name,school,lat,lng,Height,Weight,Career Points,Career Games,Career Assists,Career Def Rebounds,Career Off Rebounds,Career Turnovers,Career Blocks,Career Steals,Career Free Throw Percentage,Career Three Point Percentage,Career Field Goal Percentage,Career PER,Career Win Shares,Offensive Win Shares,Defensive Win Shares,Career Usage Percentage,VORP,Box Plus Minus,True Shooting Per,PPG,APG,TPG,BPG,SPG,RPG
De'Andre Hunter,Virginia  ,38.0335529,-78.5079772,79,225,778,63,112,242,44,103,18,44,0.764,0.355,0.41,8.6,0.1,-0.4,0.5,17.5,-1.4,-4.7,0.521,12.34920635,1.7777777780000001,1.634920635,0.28571428600000004,0.6984126979999999,4.53968254
Trae Young,Oklahoma  ,35.2058936,-97.4457137,73,180,3327,141,1213,460,96,597,23,137,0.847,0.344,0.428,20.2,9.2,7.9,1.2,31.4,4.0,1.5,0.5670000000000001,23.59574468,8.602836879,4.234042553,0.163120567,0.971631206,3.943262411
Vince Carter,North Carolina  ,35.9049122,-79.0469134,78,220,25728,1541,4714,4948,1658,2590,888,1530,0.7979999999999999,0.371,0.435,18.6,125.3,80.7,44.6,26.3,57.9,3.0,0.536,16.69565217,3.0590525630000003,1.680726801,0.576249189,0.992861778,4.286826736
Cam Reddish,Duke  ,36.0014258,-78.9382286,80,208,610,58,87,181,35,96,28,62,0.802,0.332,0.384,9.0,-0.4,-1.2,0.8,18.9,-0.9,-4.2,0.5,10.51724138,1.5,1.6551724140000001,0.482758621,1.068965517,3.7241379310000005
Kevin Huerter,Maryland  ,38.9869183,-76.9425543,79,190,1411,131,427,378,95,196,52,116,0.7829999999999999,0.38299999999999995,0.41600000000000004,10.8,3.0,1.7,1.3,16.3,0.0,-2.0,0.535,10.77099237,3.259541985,1.496183206,0.396946565,0.885496183,3.610687023
Bruno Fernando,Maryland  ,38.9869183,-76.9425543,81,233,240,56,49,131,67,42,17,18,0.569,0.135,0.518,11.9,0.8,0.4,0.4,15.3,-0.4,-4.1,0.542,4.285714286,0.875,0.75,0.303571429,0.321428571,3.535714286
Damian Jones,Vanderbilt  ,36.1447034,-86.8026551,83,245,480,104,65,199,119,54,72,40,0.6759999999999999,0.222,0.6659999999999999,14.4,4.4,3.1,1.3,11.6,0.2,-1.5,0.6859999999999999,4.615384615,0.625,0.519230769,0.692307692,0.384615385,3.057692308
DeAndre' Bembry,	Saint Joseph's  ,39.9951217,-75.23993279999999,77,210,1173,189,360,531,110,265,77,189,0.5920000000000001,0.26899999999999996,0.44799999999999995,9.9,1.0,-2.3,3.4,16.2,-0.8,-2.8,0.5,6.2063492060000005,1.904761905,1.4021164019999999,0.40740740700000005,1.0,3.391534392
John Collins,Wake Forest  ,36.1355052,-80.2791958,81,235,2850,176,279,1041,511,300,185,100,0.757,0.369,0.5710000000000001,21.0,16.4,12.2,4.2,21.4,3.9,1.1,0.634,16.19318182,1.585227273,1.704545455,1.051136364,0.568181818,8.818181818
Brandon Goodwin,Florida Gulf Coast ,26.4637116,-81.7752618,72,180,229,50,65,63,12,32,4,12,0.902,0.301,0.385,11.3,0.1,0.0,0.2,22.5,-0.2,-3.6,0.496,4.58,1.3,0.64,0.08,0.24,1.5
Jeff Teague,Wake Forest  ,36.1355052,-80.2791958,75,195,9690,771,4453,1642,259,1739,265,902,0.8440000000000001,0.35600000000000004,0.445,17.0,50.8,30.6,20.2,22.5,14.4,0.7,0.5489999999999999,12.56809339,5.775616082999999,2.255512322,0.34370946799999996,1.169909209,2.4656290530000002
Treveon Graham,Va Commonwealth  ,37.5483122,-77.4526805,77,223,757,180,144,279,121,76,16,76,0.691,0.33299999999999996,0.38299999999999995,7.6,2.8,1.0,1.8,12.3,-1.3,-3.8,0.49700000000000005,4.205555556,0.8,0.42222222200000004,0.088888889,0.42222222200000004,2.222222222
Dewayne Dedmon,USC  ,34.0223519,-118.285117,84,245,2521,394,273,1747,617,389,342,216,0.732,0.33299999999999996,0.516,14.7,17.6,7.2,10.4,15.3,1.6,-1.1,0.584,6.398477157,0.692893401,0.987309645,0.868020305,0.54822335,6.0
Jarrett Allen,Texas  ,30.2849185,-97.7340567,83,237,2141,216,244,1135,530,257,293,108,0.6920000000000001,0.16899999999999998,0.607,18.8,19.0,11.4,7.6,15.7,4.0,1.1,0.6409999999999999,9.912037037000001,1.12962963,1.189814815,1.3564814809999999,0.5,7.708333333
Joe Harris,Virginia  ,38.0335529,-78.5079772,78,220,3332,325,521,828,186,388,63,148,0.7859999999999999,0.423,0.474,12.1,14.2,9.0,5.2,16.9,2.3,-0.8,0.61,10.25230769,1.6030769230000002,1.193846154,0.193846154,0.455384615,3.12
Spencer Dinwiddie,Colorado  ,40.00758099999999,-105.2659417,77,215,4103,317,1578,742,133,560,90,214,0.7929999999999999,0.318,0.41,15.5,18.6,12.7,5.9,22.6,4.8,0.3,0.542,12.94321767,4.977917981,1.7665615140000002,0.283911672,0.6750788640000001,2.7602523660000005
Taurean Prince,Baylor  ,31.5488923,-97.1130573,79,218,3008,260,503,979,147,479,113,238,0.818,0.366,0.41200000000000003,11.2,5.3,-1.3,6.6,20.4,0.1,-1.9,0.536,11.56923077,1.934615385,1.8423076919999999,0.434615385,0.915384615,4.3307692310000006
Garrett Temple,Louisiana State  ,30.4132579,-91.1800023,77,195,3582,569,975,1062,227,535,178,481,0.733,0.34700000000000003,0.40299999999999997,9.6,13.5,1.8,11.7,14.8,0.1,-2.0,0.518,6.2952548329999996,1.713532513,0.940246046,0.312829525,0.845342707,2.2653778559999997
DeAndre Jordan,Texas A&M  ,30.6090918,-96.3337124,83,265,8301,875,818,6650,2801,1209,1402,508,0.474,0.091,0.669,18.6,88.7,48.3,40.4,14.1,20.9,1.4,0.639,9.486857143,0.934857143,1.381714286,1.602285714,0.580571429,10.80114286
Caris LeVert,Michigan  ,42.2780436,-83.7382241,78,205,2565,207,724,607,151,379,51,217,0.711,0.342,0.43,14.1,6.9,2.0,4.9,22.8,1.8,-0.6,0.522,12.39130435,3.497584541,1.830917874,0.246376812,1.048309179,3.6618357489999998
Wilson Chandler,DePaul  ,41.9247836,-87.6566548,80,235,8463,676,1205,2808,766,931,414,470,0.77,0.341,0.44299999999999995,12.8,29.0,15.3,13.8,19.1,3.5,-1.3,0.53,12.51923077,1.782544379,1.377218935,0.612426036,0.695266272,5.286982248999999
Kyrie Irving,Duke  ,36.0014258,-78.9382286,74,195,11842,528,3012,1548,407,1395,187,699,0.877,0.39,0.466,22.2,61.3,45.8,15.5,29.3,29.2,4.5,0.5720000000000001,22.428030300000003,5.704545455,2.642045455,0.35416666700000005,1.323863636,3.702651515
Chris Chiozza,Florida ,29.6436325,-82.3549302,71,175,90,28,52,32,7,18,3,16,1.0,0.435,0.391,12.2,0.4,0.1,0.3,15.7,0.2,0.5,0.512,3.214285714,1.857142857,0.642857143,0.107142857,0.571428571,1.392857143
Nicolas Claxton,Georgia  ,33.9480053,-83.3773221,83,215,66,15,16,25,19,9,8,1,0.524,0.14300000000000002,0.563,14.9,0.5,0.3,0.2,14.8,0.1,-0.7,0.5770000000000001,4.4,1.066666667,0.6,0.533333333,0.066666667,2.933333333
Justin Anderson,Virginia  ,38.0335529,-78.5079772,78,230,1157,219,143,420,136,129,69,97,0.7759999999999999,0.3,0.418,12.8,4.6,1.4,3.2,18.8,0.6,-1.2,0.529,5.283105023,0.6529680370000001,0.589041096,0.315068493,0.442922374,2.538812785
Tyler Johnson,Fresno State  ,36.8133631,-119.7460947,75,190,3146,301,735,786,170,349,136,267,0.77,0.358,0.43,13.4,15.1,6.9,8.2,18.8,3.9,0.0,0.537,10.45182724,2.441860465,1.159468439,0.451827243,0.887043189,3.1760797339999995
Lance Thomas,Duke  ,36.0014258,-78.9382286,80,240,2026,392,260,717,291,260,55,148,0.797,0.38299999999999995,0.41700000000000004,8.3,5.4,2.5,2.9,13.9,-4.0,-4.2,0.51,5.168367347,0.663265306,0.663265306,0.140306122,0.37755102,2.5714285709999998
Jamal Crawford,Michigan  ,42.2780436,-83.7382241,77,185,19414,1326,4538,2482,466,2476,271,1179,0.862,0.348,0.41,15.1,60.6,42.0,18.6,24.1,18.4,-0.1,0.529,14.64102564,3.422322775,1.867269985,0.204374057,0.8891402709999999,2.223227753
Kevin Durant,Texas  ,30.2849185,-97.7340567,82,240,22940,849,3486,5375,617,2653,941,948,0.883,0.381,0.493,25.2,141.7,101.0,40.8,30.1,69.0,6.7,0.613,27.02002356,4.106007067,3.1248527680000002,1.10836278,1.116607774,7.057714959
Brad Wanamaker,Pittsburgh  ,40.4443533,-79.960835,75,210,553,99,214,143,22,89,14,64,0.917,0.38,0.44,12.3,3.7,1.8,1.9,15.8,0.3,-1.2,0.569,5.5858585860000005,2.161616162,0.898989899,0.141414141,0.646464646,1.6666666669999999
Grant Williams,Tennessee  ,35.9544013,-83.92945639999999,78,236,218,62,62,107,58,46,33,28,0.725,0.247,0.41700000000000004,8.0,1.5,0.2,1.3,11.5,-0.1,-2.6,0.508,3.516129032,1.0,0.7419354840000001,0.532258065,0.45161290299999995,2.6612903230000002
Semi Ojeleye,Southern Methodist  ,32.8412178,-96.78451749999999,78,235,572,190,74,286,85,56,13,49,0.685,0.33299999999999996,0.39,6.5,3.6,0.8,2.8,10.1,-1.0,-3.5,0.518,3.0105263160000004,0.389473684,0.294736842,0.068421053,0.257894737,1.952631579
Jayson Tatum,Duke  ,36.0014258,-78.9382286,80,204,3745,218,470,1120,177,368,168,250,0.8270000000000001,0.39899999999999997,0.456,16.7,18.3,7.5,10.8,23.1,6.2,1.5,0.564,17.17889908,2.155963303,1.6880733940000001,0.770642202,1.146788991,5.9495412839999995
Marcus Smart,Oklahoma State  ,36.1270236,-97.07372219999999,75,227,3888,394,1594,1054,355,670,148,615,0.774,0.318,0.374,12.1,20.3,5.0,15.3,17.4,4.9,-0.3,0.501,9.868020305,4.045685279,1.7005076140000002,0.375634518,1.560913706,3.5761421319999998
Jaylen Brown,California  ,40.063294,-79.8824041,78,223,3518,272,387,967,230,407,92,230,0.68,0.37,0.47,13.8,13.5,4.2,9.2,21.7,1.4,-1.2,0.562,12.93382353,1.422794118,1.496323529,0.33823529399999996,0.845588235,4.4007352939999995
Kemba Walker,Connecticut  ,41.8077414,-72.2539805,72,172,13069,655,3555,2139,382,1424,258,846,0.838,0.36,0.418,19.4,54.0,34.8,19.2,27.3,27.5,2.9,0.5379999999999999,19.95267176,5.427480916,2.1740458019999997,0.39389313,1.291603053,3.848854962
Gordon Hayward,Butler  ,39.8405491,-86.1708927,79,207,9682,634,2191,2293,473,1243,258,624,0.8220000000000001,0.366,0.451,17.5,52.9,35.0,17.9,22.8,20.8,2.2,0.5660000000000001,15.27129338,3.455835962,1.960567823,0.40694006299999996,0.9842271290000001,4.362776025
Javonte Green,Radford  ,37.1395334,-80.5511003,76,220,127,44,23,62,18,18,7,23,0.639,0.261,0.5,12.3,1.0,0.3,0.7,13.6,0.1,-0.6,0.5579999999999999,2.8863636360000005,0.522727273,0.409090909,0.159090909,0.522727273,1.8181818180000002
Carsen Edwards,Purdue  ,40.4237054,-86.92119459999999,71,200,106,35,22,37,6,15,3,10,0.846,0.309,0.327,6.5,0.1,-0.3,0.4,18.1,-0.2,-4.9,0.446,3.028571429,0.628571429,0.428571429,0.085714286,0.28571428600000004,1.228571429
Romeo Langford,Indiana  ,39.1754487,-86.512627,76,216,69,27,6,18,14,9,6,8,0.696,0.217,0.375,6.0,0.2,-0.1,0.3,11.9,-0.2,-4.6,0.465,2.555555556,0.222222222,0.333333333,0.222222222,0.296296296,1.185185185
Tremont Waters,Louisiana State  ,30.4132579,-91.1800023,70,175,33,10,12,9,0,10,2,5,1.0,0.17600000000000002,0.34299999999999997,6.5,-0.1,-0.2,0.1,22.9,-0.1,-6.5,0.43799999999999994,3.3,1.2,1.0,0.2,0.5,0.9
Miles Bridges,Michigan State  ,42.701848,-84.4821719,78,225,1440,145,209,530,155,145,97,95,0.7879999999999999,0.32799999999999996,0.44,12.6,4.5,1.7,2.8,17.8,0.3,-1.7,0.531,9.931034483,1.44137931,1.0,0.6689655170000001,0.655172414,4.7241379310000005
Devonte' Graham,Kansas  ,38.9543439,-95.2557961,73,185,1362,109,592,223,52,211,17,85,0.81,0.35700000000000004,0.375,14.5,3.9,2.6,1.2,23.0,1.0,-0.6,0.523,12.49541284,5.431192661,1.9357798169999998,0.155963303,0.7798165140000001,2.52293578
Terry Rozier,Louisville  ,38.2122761,-85.75850229999999,73,190,3224,335,890,1040,209,355,62,261,0.813,0.371,0.39399999999999996,13.4,12.9,4.5,8.5,20.3,3.7,-0.1,0.512,9.623880597000001,2.6567164180000002,1.059701493,0.185074627,0.7791044779999999,3.7283582089999996
P.J. Washington,Kentucky  ,38.0306511,-84.5039697,79,236,710,58,123,258,58,93,44,51,0.647,0.374,0.455,12.4,2.0,0.5,1.4,18.6,0.2,-1.6,0.547,12.24137931,2.120689655,1.603448276,0.75862069,0.879310345,5.448275862000001
Cody Zeller,Indiana  ,39.1754487,-86.512627,84,240,3611,419,583,1671,825,452,298,285,0.731,0.248,0.513,16.0,27.7,15.2,12.5,16.8,3.7,-0.5,0.5710000000000001,8.618138425,1.391408115,1.07875895,0.7112171840000001,0.6801909309999999,5.957040573
Malik Monk,Kentucky  ,38.0306511,-84.5039697,75,200,1638,191,322,309,51,212,44,82,0.85,0.322,0.395,11.7,1.0,-0.8,1.8,24.1,-0.7,-2.9,0.51,8.57591623,1.685863874,1.109947644,0.230366492,0.42931937200000003,1.884816754
Cody Martin,Nevada-Reno  ,39.5453298,-119.8161541,77,205,238,48,95,120,38,44,9,39,0.6459999999999999,0.23399999999999999,0.43,10.5,1.0,0.2,0.8,13.6,0.0,-2.1,0.505,4.958333333,1.9791666669999999,0.916666667,0.1875,0.8125,3.291666667
Dwayne Bacon,Florida State  ,30.4418778,-84.2984889,78,221,715,135,137,286,27,78,9,51,0.718,0.345,0.40299999999999997,8.0,0.3,-1.0,1.3,16.6,-1.6,-5.0,0.478,5.296296296,1.014814815,0.577777778,0.066666667,0.37777777799999995,2.318518519
Caleb Martin,Nevada ,39.5453298,-119.8161541,77,205,111,18,23,28,10,15,7,12,0.81,0.541,0.44,12.0,0.5,0.3,0.2,15.0,0.1,-1.0,0.595,6.166666667,1.277777778,0.833333333,0.38888888899999996,0.666666667,2.111111111
Jalen McDaniels,San Diego State  ,32.7759894,-117.0712533,82,192,89,16,13,50,15,11,3,8,0.8240000000000001,0.375,0.47100000000000003,10.7,0.5,0.2,0.2,13.3,-0.1,-3.3,0.574,5.5625,0.8125,0.6875,0.1875,0.5,4.0625
Kobi Simmons,Arizona  ,32.2318851,-110.9501094,77,166,196,33,68,36,14,44,5,18,1.0,0.282,0.423,7.7,-0.2,-0.4,0.2,17.0,-0.8,-6.9,0.49,5.9393939389999995,2.060606061,1.333333333,0.151515152,0.545454545,1.515151515
Coby White,North Carolina  ,35.9049122,-79.0469134,76,185,859,65,175,202,28,109,6,49,0.7909999999999999,0.354,0.39399999999999996,11.9,0.9,-0.4,1.4,24.4,-0.3,-2.8,0.506,13.21538462,2.692307692,1.6769230769999999,0.092307692,0.7538461540000001,3.538461538
Thaddeus Young,Georgia Tech  ,33.7756178,-84.39628499999999,80,220,12703,965,1607,3783,1931,1395,390,1407,0.67,0.33299999999999996,0.498,16.2,61.6,28.7,32.9,20.2,16.9,0.3,0.5379999999999999,13.16373057,1.665284974,1.445595855,0.404145078,1.458031088,5.921243522999999
Zach LaVine,UCLA  ,34.068921,-118.4451811,78,181,6240,353,1275,1116,163,897,95,336,0.8190000000000001,0.375,0.447,15.7,12.0,7.2,4.8,26.3,3.8,-0.6,0.555,17.67705382,3.6118980169999997,2.5410764869999998,0.269121813,0.95184136,3.623229462
Ryan Arcidiacono,Villanova  ,40.0378952,-75.34333149999999,75,195,853,163,400,306,48,113,7,105,0.8290000000000001,0.373,0.433,10.4,5.3,3.5,1.8,11.6,-0.3,-2.4,0.574,5.2331288339999995,2.45398773,0.6932515340000001,0.042944785,0.644171779,2.171779141
Kris Dunn,Providence  ,41.8440925,-71.4381653,75,205,1884,227,948,670,90,411,101,351,0.726,0.306,0.42200000000000004,11.9,3.9,-2.4,6.3,18.7,0.2,-1.8,0.48100000000000004,8.299559471,4.176211454,1.8105726869999998,0.444933921,1.546255507,3.3480176210000003
Lauri Markkanen,Arizona  ,32.2318851,-110.9501094,84,240,2744,170,228,1078,213,249,96,118,0.848,0.35600000000000004,0.43,15.7,8.7,4.0,4.7,22.7,2.2,-0.3,0.555,16.14117647,1.341176471,1.4647058819999998,0.564705882,0.694117647,7.594117647000001
Wendell Carter Jr.,Duke  ,36.0014258,-78.9382286,81,259,939,87,129,486,226,137,94,59,0.7609999999999999,0.19699999999999998,0.508,15.4,5.2,2.4,2.7,17.6,0.0,-2.0,0.5660000000000001,10.79310345,1.4827586209999999,1.574712644,1.08045977,0.67816092,8.183908046
Shaquille Harrison,Tulsa  ,36.1520526,-95.94607529999999,79,190,835,139,243,305,64,101,56,149,0.706,0.293,0.44799999999999995,14.0,3.7,1.0,2.7,17.1,1.0,-0.3,0.517,6.007194245,1.748201439,0.726618705,0.40287769799999995,1.071942446,2.654676259
Denzel Valentine,Michigan State  ,42.701848,-84.4821719,76,210,1320,170,350,550,68,174,24,121,0.753,0.366,0.401,10.9,3.6,0.4,3.2,17.7,0.4,-1.6,0.516,7.764705882,2.058823529,1.023529412,0.141176471,0.711764706,3.635294118
Luke Kornet,Vanderbilt  ,36.1447034,-86.8026551,86,240,671,102,112,222,61,51,84,44,0.7759999999999999,0.33899999999999997,0.4,13.8,2.9,1.4,1.6,17.6,1.1,0.6,0.531,6.578431373,1.0980392159999999,0.5,0.8235294120000001,0.431372549,2.7745098039999996
Chandler Hutchison,Boise State  ,43.6028311,-116.201767,79,196,447,72,60,244,49,52,13,50,0.595,0.295,0.45799999999999996,10.1,1.2,0.0,1.3,14.8,-0.5,-3.4,0.514,6.208333333,0.833333333,0.7222222220000001,0.180555556,0.694444444,4.069444444
Otto Porter,Georgetown  ,38.9076089,-77.07225849999999,80,198,4550,413,618,1561,476,331,183,486,0.789,0.40399999999999997,0.48200000000000004,15.6,29.9,17.3,12.6,16.9,10.4,1.7,0.579,11.01694915,1.496368039,0.801452785,0.443099274,1.176755448,4.93220339
Max Strus,DePaul  ,41.9247836,-87.6566548,78,215,5,2,0,0,1,0,0,0,1.0,0.0,0.667,30.7,0.0,0.0,0.0,24.4,0.0,4.4,0.727,2.5,0.0,0.0,0.0,0.0,0.5
Collin Sexton,Alabama  ,33.2140233,-87.5391418,73,190,2720,147,435,322,118,343,13,109,0.843,0.392,0.45,14.0,1.9,2.1,-0.2,26.1,-1.7,-3.4,0.539,18.50340136,2.959183673,2.333333333,0.088435374,0.7414965990000001,2.993197279
Darius Garland,Vanderbilt  ,36.1447034,-86.8026551,73,175,728,59,229,84,27,151,4,42,0.875,0.355,0.401,8.5,-1.3,-1.3,0.0,20.7,-1.7,-5.6,0.498,12.33898305,3.881355932,2.559322034,0.06779661,0.711864407,1.881355932
Tristan Thompson,Texas  ,30.2849185,-97.7340567,81,238,5839,619,624,3278,2115,718,447,317,0.61,0.281,0.518,15.6,43.1,28.0,15.0,15.5,1.9,-1.6,0.546,9.432956381,1.008077544,1.15993538,0.7221324720000001,0.512116317,8.712439417999999
Matthew Dellavedova,St. Mary's (CA)  ,37.8413472,-122.1101354,75,200,2427,434,1591,613,161,546,20,202,0.838,0.368,0.389,9.8,10.1,6.2,4.0,14.8,-2.5,-3.1,0.51,5.592165898999999,3.665898618,1.258064516,0.046082949000000005,0.46543778799999996,1.783410138
Kevin Love,UCLA  ,34.068921,-118.4451811,80,251,12993,713,1697,5972,1972,1411,322,486,0.828,0.37,0.442,21.6,82.0,56.7,25.3,24.6,31.0,3.4,0.5710000000000001,18.2230014,2.380084151,1.978962132,0.45161290299999995,0.681626928,11.14165498
Larry Nance Jr.,Wyoming  ,41.3148754,-105.5665744,79,230,2562,315,559,1438,656,305,162,380,0.695,0.324,0.537,17.2,20.3,13.0,7.3,14.6,6.1,1.3,0.584,8.133333333,1.774603175,0.968253968,0.514285714,1.2063492059999998,6.647619047999999
Kevin Porter Jr.,USC  ,34.0223519,-118.285117,76,216,498,50,109,140,22,93,14,46,0.723,0.335,0.442,10.8,0.3,-0.3,0.6,20.5,-0.5,-3.7,0.535,9.96,2.18,1.86,0.28,0.92,3.24
Alfonzo McKinnie,Green Bay  ,44.531177,-87.9210686,79,215,540,126,46,248,119,59,24,42,0.622,0.307,0.466,10.2,2.4,1.0,1.3,14.4,-0.9,-4.1,0.5429999999999999,4.285714286,0.365079365,0.46825396799999996,0.19047619,0.333333333,2.912698413
Dean Wade,Kansas State  ,39.1974437,-96.5847249,81,228,20,12,2,16,3,3,4,2,0.0,0.5,0.6920000000000001,13.9,0.2,0.1,0.1,9.9,0.0,-1.2,0.7440000000000001,1.6666666669999999,0.166666667,0.25,0.333333333,0.166666667,1.5833333330000001
Andre Drummond,Connecticut  ,41.8077414,-72.2539805,82,279,8671,599,778,5430,2858,1172,938,835,0.461,0.146,0.542,22.1,60.6,24.6,36.0,21.7,16.3,1.5,0.54,14.47579299,1.298831386,1.956594324,1.565943239,1.3939899830000002,13.83639399
Jordan Bell,Oregon  ,44.0448302,-123.0726055,80,216,578,154,194,327,145,114,117,58,0.638,0.222,0.563,15.3,4.9,2.3,2.6,14.1,1.2,0.5,0.584,3.753246753,1.25974026,0.74025974,0.75974026,0.37662337700000004,3.064935065
Delon Wright,Utah  ,40.7649368,-111.8421021,77,183,1935,263,756,605,203,264,98,271,0.794,0.345,0.451,16.0,14.8,7.8,7.0,17.0,5.6,2.2,0.5489999999999999,7.357414449,2.874524715,1.003802281,0.37262357399999996,1.030418251,3.072243346
Tim Hardaway Jr.,Michigan  ,42.2780436,-83.7382241,77,205,6265,466,864,1070,161,516,66,295,0.8140000000000001,0.354,0.42100000000000004,13.7,19.3,12.8,6.5,22.3,3.2,-1.0,0.546,13.44420601,1.854077253,1.107296137,0.141630901,0.63304721,2.641630901
Dorian Finney-Smith,Florida  ,29.6436325,-82.3549302,79,220,1678,247,285,698,340,203,102,175,0.725,0.327,0.425,10.2,9.3,3.8,5.5,13.0,0.6,-1.6,0.5379999999999999,6.793522267,1.153846154,0.821862348,0.412955466,0.7085020240000001,4.20242915
Justin Jackson,North Carolina  ,35.9049122,-79.0469134,79,210,1365,207,219,443,98,81,37,72,0.78,0.325,0.433,10.2,5.1,3.1,2.1,14.6,-0.6,-2.6,0.531,6.594202899,1.057971014,0.39130434799999997,0.178743961,0.347826087,2.61352657
Seth Curry,Duke  ,36.0014258,-78.9382286,74,185,2523,251,442,414,87,249,30,175,0.8440000000000001,0.44299999999999995,0.47600000000000003,14.4,12.7,8.9,3.8,18.3,3.5,0.5,0.613,10.05179283,1.760956175,0.992031873,0.119521912,0.697211155,1.996015936
Jalen Brunson,Villanova  ,40.0378952,-75.34333149999999,73,190,1144,130,418,256,47,154,8,59,0.759,0.35200000000000004,0.467,13.6,4.9,3.2,1.7,19.6,0.5,-1.3,0.551,8.8,3.215384615,1.184615385,0.061538462,0.453846154,2.330769231
Dwight Powell,Stanford  ,37.4274745,-122.169719,82,240,2867,371,364,1166,545,247,173,251,0.7390000000000001,0.293,0.563,18.1,26.1,17.6,8.6,16.2,6.1,1.5,0.633,7.727762802999999,0.981132075,0.665768194,0.466307278,0.676549865,4.611859838
Courtney Lee,Western Kentucky  ,36.983537,-86.4573752,77,215,7765,811,1353,1763,364,762,213,809,0.853,0.38799999999999996,0.451,12.2,39.4,20.9,18.4,16.1,7.9,-0.6,0.5489999999999999,9.57459926,1.668310727,0.939580764,0.262638718,0.997533909,2.6226880390000002
Willie Cauley-Stein,Kentucky  ,38.0306511,-84.5039697,84,240,3361,349,553,1579,615,348,289,323,0.611,0.21100000000000002,0.539,17.0,20.3,10.9,9.5,17.8,4.3,0.1,0.5589999999999999,9.630372493,1.5845272209999999,0.99713467,0.8280802290000001,0.925501433,6.286532951
Michael Kidd-Gilchrist,Kentucky  ,38.0306511,-84.5039697,78,232,3742,442,514,1707,701,397,303,296,0.715,0.272,0.474,13.5,21.0,9.6,11.4,16.3,0.6,-1.8,0.524,8.466063347999999,1.162895928,0.898190045,0.685520362,0.669683258,5.447963801
Antonius Cleveland,S.E. Missouri  ,37.3148783,-89.52804379999999,77,195,28,23,2,14,3,8,6,8,0.625,0.6,0.37,4.3,0.0,-0.2,0.2,11.8,-0.1,-5.7,0.45899999999999996,1.217391304,0.086956522,0.347826087,0.260869565,0.347826087,0.739130435
Trey Burke,Michigan  ,42.2780436,-83.7382241,72,175,4071,386,1354,627,149,487,44,217,0.7979999999999999,0.34299999999999997,0.41,14.0,11.1,7.0,4.1,23.3,1.9,-1.1,0.496,10.54663212,3.507772021,1.2616580309999998,0.11398963699999999,0.562176166,2.010362694
Monte Morris,Iowa State  ,42.0266573,-93.64645159999999,74,175,1410,150,534,253,55,98,20,129,0.8140000000000001,0.39799999999999996,0.48,15.8,9.8,6.8,3.0,17.1,2.6,1.0,0.561,9.4,3.56,0.653333333,0.133333333,0.86,2.0533333330000003
Jerami Grant,Syracuse  ,43.0391534,-76.1351158,80,214,4111,447,475,1306,421,415,503,263,0.6659999999999999,0.348,0.46299999999999997,12.8,22.3,10.6,11.7,16.0,3.1,-0.9,0.5579999999999999,9.196868009,1.0626398209999999,0.928411633,1.125279642,0.58836689,3.8635346760000004
Mason Plumlee,Duke  ,36.0014258,-78.9382286,83,238,4369,524,1154,2228,1031,772,485,395,0.563,0.065,0.574,17.9,34.0,18.9,15.1,17.5,9.6,1.3,0.5870000000000001,8.33778626,2.202290076,1.4732824430000002,0.925572519,0.753816794,6.219465649
Jamal Murray,Kentucky  ,38.0306511,-84.5039697,76,201,4563,293,1073,815,230,567,95,261,0.882,0.358,0.439,15.5,16.1,10.3,5.9,23.7,4.2,-0.1,0.55,15.57337884,3.6621160410000004,1.935153584,0.324232082,0.890784983,3.566552901
Will Barton,Memphis  ,35.1187498,-89.9374928,77,175,5492,496,1248,1716,373,677,205,371,0.7859999999999999,0.34700000000000003,0.434,14.6,20.9,11.1,9.8,21.0,6.2,0.0,0.531,11.07258065,2.516129032,1.364919355,0.41330645200000005,0.747983871,4.211693548
Torrey Craig,South Carolina Upstate  ,34.9996102,-81.9711555,79,215,841,164,131,369,177,86,93,67,0.669,0.321,0.45,10.3,5.6,2.7,2.9,12.2,-0.1,-2.2,0.5479999999999999,5.12804878,0.798780488,0.524390244,0.567073171,0.408536585,3.329268293
Gary Harris,Michigan State  ,42.701848,-84.4821719,76,205,4459,368,779,734,227,459,81,460,0.8029999999999999,0.36,0.45399999999999996,13.1,18.1,11.1,7.1,18.1,3.0,-0.9,0.5579999999999999,12.11684783,2.116847826,1.247282609,0.22010869600000002,1.25,2.611413043
Michael Porter Jr.,Missouri  ,38.9403808,-92.32773750000001,82,215,358,48,35,146,53,35,19,20,0.767,0.42200000000000004,0.495,18.5,2.0,1.0,0.9,22.0,0.5,0.8,0.589,7.458333333,0.729166667,0.729166667,0.39583333299999995,0.41666666700000005,4.145833333
Paul Millsap,Louisiana Tech  ,32.5282644,-92.6499298,79,250,13857,989,2238,5049,2215,1750,994,1260,0.737,0.34299999999999997,0.491,19.0,91.6,47.9,43.7,22.0,29.2,2.0,0.56,14.01112235,2.26289181,1.769464105,1.005055612,1.274014156,7.34479272
PJ Dozier,South Carolina  ,33.9937575,-81.0299186,78,205,107,29,34,37,11,12,5,9,0.615,0.25,0.395,10.3,0.2,-0.1,0.3,19.8,-0.2,-4.8,0.447,3.6896551719999997,1.172413793,0.413793103,0.172413793,0.310344828,1.6551724140000001
Keita Bates-Diop,Ohio State  ,40.0066723,-83.0304546,80,229,409,69,47,158,37,28,35,35,0.691,0.301,0.426,11.3,1.4,0.6,0.9,15.0,0.0,-1.9,0.521,5.9275362320000005,0.68115942,0.405797101,0.5072463770000001,0.5072463770000001,2.826086957
Noah Vonleh,Indiana  ,39.1754487,-86.512627,82,257,1655,332,255,1270,470,265,136,137,0.6920000000000001,0.31,0.46,12.0,9.3,3.3,6.0,14.1,-0.5,-2.3,0.527,4.9849397589999995,0.768072289,0.798192771,0.409638554,0.41265060200000003,5.240963855
Troy Daniels,Va Commonwealth  ,37.5483122,-77.4526805,76,205,2206,334,182,366,74,184,21,97,0.799,0.396,0.401,10.4,5.2,3.3,1.9,18.9,-0.3,-2.2,0.561,6.6047904189999995,0.54491018,0.550898204,0.06287425099999999,0.290419162,1.317365269
Langston Galloway,	Saint Joseph's  ,39.9951217,-75.23993279999999,73,200,3452,405,694,844,202,250,64,295,0.81,0.36700000000000005,0.396,11.5,13.7,7.3,6.4,17.1,1.4,-1.4,0.519,8.52345679,1.713580247,0.617283951,0.158024691,0.728395062,2.582716049
Christian Wood,UNLV  ,36.1085197,-115.1431709,82,214,1078,113,73,392,148,110,77,49,0.7340000000000001,0.368,0.546,22.0,6.4,4.3,2.1,22.7,1.9,2.2,0.636,9.539823009,0.646017699,0.973451327,0.681415929,0.433628319,4.778761062
Tony Snell,   ,35.2058936,-97.4457137,78,213,3236,501,582,1018,138,289,118,237,0.838,0.385,0.428,9.1,16.1,8.1,8.0,12.6,0.0,-2.0,0.56,6.459081836,1.161676647,0.5768463070000001,0.235528942,0.47305389200000003,2.30738523
Bruce Brown,Miami  ,39.5087485,-84.73449149999999,76,202,836,132,321,350,109,146,65,103,0.743,0.302,0.424,9.6,3.6,0.6,2.9,13.9,-0.2,-2.2,0.498,6.333333333,2.4318181819999998,1.106060606,0.492424242,0.78030303,3.477272727
Derrick Rose,Memphis  ,35.1187498,-89.9374928,74,200,11185,596,3334,1534,497,1576,204,450,0.8270000000000001,0.304,0.456,18.3,39.7,24.6,15.1,28.0,16.5,1.3,0.526,18.76677852,5.593959732,2.6442953019999997,0.342281879,0.7550335570000001,3.4077181210000003
Luke Kennard,Duke  ,36.0014258,-78.9382286,77,206,1613,164,353,415,42,169,29,82,0.863,0.402,0.441,12.6,7.0,4.0,3.0,18.2,1.2,-0.8,0.568,9.835365853999999,2.152439024,1.030487805,0.176829268,0.5,2.786585366
Blake Griffin,Oklahoma  ,35.2058936,-97.4457137,81,250,13479,622,2749,4156,1345,1617,321,554,0.6940000000000001,0.33299999999999996,0.498,22.0,75.2,49.9,25.3,28.1,31.9,3.8,0.561,21.67041801,4.419614148,2.599678457,0.51607717,0.890675241,8.844051447
John Henson,North Carolina  ,35.9049122,-79.0469134,81,219,3383,445,496,1566,802,496,642,211,0.568,0.25,0.54,17.1,20.7,9.5,11.2,18.1,3.4,-0.4,0.557,7.602247191,1.114606742,1.114606742,1.442696629,0.474157303,5.321348315
Louis King,Oregon ,44.0448302,-123.0726055,79,195,20,10,5,9,1,2,0,2,0.0,0.364,0.381,6.3,0.0,-0.1,0.0,17.1,-0.1,-6.2,0.44799999999999995,2.0,0.5,0.2,0.0,0.2,1.0
Brandon Knight,Kentucky  ,38.0306511,-84.5039697,74,195,6269,446,1769,1141,236,1086,75,385,0.8059999999999999,0.353,0.41100000000000003,13.7,11.5,5.5,6.0,24.2,1.5,-1.6,0.518,14.05605381,3.966367713,2.4349775780000003,0.168161435,0.8632287000000001,3.087443946
Khyri Thomas,Creighton  ,41.2655521,-95.94638619999999,75,210,78,34,11,16,5,7,5,10,0.6,0.306,0.314,5.4,0.0,-0.3,0.3,16.8,-0.2,-5.7,0.42100000000000004,2.2941176469999998,0.323529412,0.20588235300000002,0.147058824,0.294117647,0.6176470589999999
Jordan McRae,Tennessee  ,35.9544013,-83.92945639999999,77,179,846,123,167,191,34,87,30,45,0.772,0.355,0.41700000000000004,13.2,1.7,0.9,0.8,22.7,0.0,-2.1,0.519,6.87804878,1.3577235769999998,0.707317073,0.243902439,0.365853659,1.8292682930000002
Justin Patton,Creighton  ,41.2655521,-95.94638619999999,83,241,16,9,5,8,3,2,0,3,0.5,0.16699999999999998,0.368,8.4,0.0,-0.1,0.1,19.4,0.0,-5.6,0.402,1.7777777780000001,0.5555555560000001,0.222222222,0.0,0.333333333,1.222222222
Eric Paschall,Villanova  ,40.0378952,-75.34333149999999,78,255,837,60,127,193,82,94,13,32,0.774,0.287,0.49700000000000005,14.5,2.1,1.6,0.5,21.4,-0.3,-2.7,0.5710000000000001,13.95,2.116666667,1.5666666669999998,0.21666666699999998,0.533333333,4.583333333
Marquese Chriss,Washington  ,38.6487895,-90.31079620000001,81,240,2039,256,279,924,326,329,213,174,0.669,0.29,0.456,13.4,5.7,1.0,4.7,19.1,-0.3,-2.3,0.5329999999999999,7.96484375,1.08984375,1.28515625,0.83203125,0.6796875,4.8828125
Jordan Poole,Michigan  ,42.2780436,-83.7382241,76,195,503,57,134,109,9,74,10,35,0.7979999999999999,0.27899999999999997,0.33299999999999996,7.2,-1.2,-1.6,0.4,21.1,-1.5,-6.6,0.45399999999999996,8.824561403999999,2.350877193,1.298245614,0.175438596,0.614035088,2.0701754390000002
Damion Lee,Louisville  ,38.2122761,-85.75850229999999,77,210,940,96,175,323,51,92,7,82,0.853,0.34600000000000003,0.419,12.4,2.8,1.3,1.5,18.7,-0.1,-2.2,0.542,9.791666667000001,1.8229166669999999,0.958333333,0.072916667,0.854166667,3.895833333
Ky Bowman,Boston College  ,42.3355488,-71.16849450000001,73,181,335,45,131,97,24,70,10,44,0.8290000000000001,0.308,0.41700000000000004,9.2,-0.1,-0.6,0.6,17.2,-0.6,-4.3,0.494,7.444444444,2.9111111110000003,1.5555555559999998,0.222222222,0.977777778,2.688888889
Draymond Green,Michigan State  ,42.701848,-84.4821719,78,230,5170,576,2855,3318,648,1187,609,789,0.71,0.319,0.435,15.1,44.4,15.4,29.0,16.2,19.5,2.8,0.531,8.975694444,4.956597222,2.060763889,1.057291667,1.3697916669999999,6.885416667
Kevon Looney,UCLA  ,34.068921,-118.4451811,81,220,979,224,214,479,353,112,132,107,0.601,0.15,0.57,15.4,10.3,6.2,4.1,13.1,1.1,-0.5,0.5870000000000001,4.370535714,0.955357143,0.5,0.589285714,0.477678571,3.714285714
Andrew Wiggins,Kansas  ,38.9543439,-95.2557961,79,194,8943,454,1065,1405,572,954,278,452,0.732,0.332,0.441,14.7,15.0,9.5,5.4,25.6,0.2,-1.9,0.522,19.69823789,2.345814978,2.101321586,0.612334802,0.9955947140000001,4.354625551
Mychal Mulder,Kentucky  ,38.0306511,-84.5039697,76,185,77,7,8,20,3,5,1,2,0.75,0.308,0.38799999999999996,7.8,0.1,0.1,0.0,16.2,-0.2,-6.1,0.5329999999999999,11.0,1.142857143,0.7142857140000001,0.14285714300000002,0.28571428600000004,3.285714286
Stephen Curry,Davidson  ,35.5008018,-80.8446725,75,190,16419,699,4621,2668,490,2179,156,1205,0.9059999999999999,0.435,0.47600000000000003,23.8,103.2,76.5,26.7,27.9,50.7,6.4,0.623,23.48927039,6.610872675,3.117310443,0.223175966,1.7238912730000002,4.51788269
Klay Thompson,Washington State  ,46.7319225,-117.1542121,78,215,11995,615,1416,1857,273,1053,332,561,0.848,0.419,0.45899999999999996,16.4,46.8,28.0,18.8,24.7,14.2,0.7,0.575,19.50406504,2.302439024,1.7121951219999998,0.539837398,0.9121951220000001,3.463414634
P.J. Tucker,Texas  ,30.2849185,-97.7340567,77,245,4760,646,925,2748,1016,652,200,783,0.7490000000000001,0.36200000000000004,0.423,10.6,34.0,15.0,19.0,11.7,6.7,-0.6,0.535,7.368421053,1.431888545,1.0092879259999998,0.309597523,1.212074303,5.826625387000001
Ben McLemore,Kansas  ,38.9543439,-95.2557961,75,195,3858,431,461,854,194,507,83,285,0.78,0.363,0.42100000000000004,9.6,7.6,3.1,4.6,17.5,-2.7,-3.0,0.54,8.951276102000001,1.069605568,1.176334107,0.192575406,0.6612529,2.431554524
James Harden,Arizona State  ,33.4532165,-112.0719833,77,220,20723,826,5193,3742,646,3043,436,1295,0.858,0.363,0.442,24.7,133.3,100.7,32.6,30.7,63.6,6.9,0.61,25.08837772,6.2869249389999995,3.68401937,0.527845036,1.56779661,5.312348668
Austin Rivers,Duke  ,36.0014258,-78.9382286,75,200,4964,544,1250,942,188,604,100,378,0.64,0.348,0.418,10.2,11.3,4.4,6.9,18.2,-3.5,-3.0,0.508,9.125,2.297794118,1.1102941179999999,0.18382352899999999,0.694852941,2.077205882
Danuel House,Texas A&M  ,30.6090918,-96.3337124,78,215,1111,121,143,369,94,95,49,92,0.797,0.369,0.44,11.8,6.3,3.9,2.4,14.0,1.1,-0.7,0.588,9.181818182,1.181818182,0.785123967,0.40495867799999996,0.760330579,3.8264462810000004
Russell Westbrook,UCLA  ,34.068921,-118.4451811,75,200,20315,874,7267,4721,1465,3562,267,1530,0.8,0.304,0.43700000000000006,23.5,101.3,60.5,40.7,32.7,52.1,4.8,0.53,23.24370709,8.314645309,4.075514874,0.305491991,1.750572082,7.077803203999999
Eric Gordon,Indiana  ,39.1754487,-86.512627,75,215,10991,663,1894,1360,274,1306,226,598,0.8109999999999999,0.37,0.425,14.3,34.3,24.8,9.6,22.8,8.7,-0.4,0.5579999999999999,16.57767722,2.856711916,1.969834087,0.340874811,0.901960784,2.464555053
Chris Clemons,Campbell  ,35.4083451,-78.7394405,69,180,141,29,22,20,3,17,5,6,0.857,0.35100000000000003,0.405,12.6,0.2,0.1,0.2,24.0,0.1,-1.3,0.546,4.862068966,0.75862069,0.5862068970000001,0.172413793,0.20689655199999998,0.793103448
Robert Covington,Tennessee State  ,36.1674308,-86.8211364,79,211,4949,388,580,1838,361,669,339,637,0.8109999999999999,0.358,0.40700000000000003,13.5,21.1,5.0,16.1,18.9,7.4,0.5,0.555,12.75515464,1.4948453609999999,1.7242268040000002,0.87371134,1.6417525769999999,5.6675257729999995
Jeff Green,Georgetown  ,38.9076089,-77.07225849999999,80,235,11657,900,1403,3156,832,1350,481,650,0.805,0.33399999999999996,0.441,13.2,41.6,19.0,22.7,20.5,4.3,-1.3,0.5379999999999999,12.95222222,1.558888889,1.5,0.534444444,0.7222222220000001,4.431111111
Michael Frazier,Florida  ,29.6436325,-82.3549302,75,200,14,8,1,2,1,2,0,2,0.667,0.25,0.364,2.4,0.0,0.0,0.0,9.8,-0.1,-8.8,0.513,1.75,0.125,0.25,0.0,0.25,0.375
DeMarre Carroll,Missouri  ,38.9403808,-92.32773750000001,78,215,5136,575,719,1792,654,497,150,520,0.74,0.358,0.43,13.3,29.4,15.4,14.0,17.0,6.7,0.0,0.545,8.932173913,1.250434783,0.8643478259999999,0.260869565,0.904347826,4.253913043
David Nwaba,Cal Poly ,35.3050053,-120.6624942,77,219,1113,161,180,442,155,125,65,119,0.6609999999999999,0.344,0.49200000000000005,12.4,5.4,3.1,2.3,14.7,-0.1,-2.0,0.561,6.913043478,1.118012422,0.776397516,0.403726708,0.739130435,3.7080745339999996
Justin Holiday,Washington  ,38.6487895,-90.31079620000001,78,181,3445,422,607,1064,158,380,177,416,0.826,0.36200000000000004,0.397,11.1,12.0,2.4,9.6,16.4,2.1,-1.1,0.528,8.163507109,1.4383886259999998,0.9004739340000001,0.41943128,0.985781991,2.8957345969999997
T.J. McConnell,Arizona  ,32.2318851,-110.9501094,73,190,2419,377,1778,885,179,588,61,444,0.778,0.335,0.49200000000000005,13.9,15.3,6.1,9.2,15.3,2.8,-0.6,0.529,6.4164456229999995,4.716180371,1.5596816980000001,0.16180371400000002,1.177718833,2.822281167
Doug McDermott,Creighton  ,41.2655521,-95.94638619999999,79,225,3302,403,339,739,143,246,40,77,0.825,0.413,0.465,11.2,13.6,9.1,4.5,16.9,-0.1,-2.1,0.581,8.193548387,0.841191067,0.610421836,0.09925558300000001,0.19106699800000002,2.188585608
T.J. Warren,North Carolina State  ,35.7846633,-78.6820946,80,215,4894,322,380,880,440,330,161,317,0.777,0.35,0.504,16.4,18.3,12.7,5.6,21.8,3.7,-0.4,0.561,15.19875776,1.180124224,1.02484472,0.5,0.98447205,4.099378882
Aaron Holiday,UCLA  ,34.068921,-118.4451811,72,185,840,108,280,173,26,115,26,66,0.8440000000000001,0.373,0.405,11.8,2.6,0.4,2.2,20.2,0.2,-1.6,0.517,7.777777778,2.592592593,1.064814815,0.240740741,0.611111111,1.8425925930000002
Domantas Sabonis,Gonzaga  ,47.66703210000001,-117.4014343,83,240,3530,291,755,1735,586,550,124,174,0.722,0.321,0.522,17.2,20.6,10.0,10.6,21.3,4.6,0.5,0.574,12.13058419,2.594501718,1.8900343640000001,0.426116838,0.597938144,7.975945017000001
Myles Turner,Texas  ,30.2849185,-97.7340567,83,250,4255,335,410,1758,471,436,695,239,0.768,0.354,0.488,16.9,25.9,10.2,15.7,19.6,6.2,0.6,0.565,12.70149254,1.223880597,1.3014925370000001,2.074626866,0.713432836,6.653731343
Malcolm Brogdon,Virginia  ,38.0335529,-78.5079772,77,229,3177,235,1017,708,175,385,46,204,0.895,0.385,0.47200000000000003,16.2,16.8,10.8,6.1,20.7,4.4,0.6,0.5720000000000001,13.51914894,4.327659574,1.6382978719999999,0.195744681,0.868085106,3.7574468089999997
Jeremy Lamb,Connecticut  ,41.8077414,-72.2539805,77,185,5032,481,770,1536,252,407,173,352,0.851,0.33899999999999997,0.444,15.8,23.4,12.0,11.4,21.7,7.0,0.7,0.544,10.46153846,1.6008316009999999,0.846153846,0.35966736,0.7318087320000001,3.717255717
JaKarr Sampson,"St. John's, N.Y.  ",40.7220627,-73.79421119999999,79,215,1052,199,145,400,122,165,93,82,0.6629999999999999,0.251,0.46299999999999997,10.3,2.8,0.2,2.6,16.4,-1.4,-3.8,0.526,5.2864321610000005,0.7286432159999999,0.829145729,0.467336683,0.41206030200000004,2.623115578
Edmond Sumner,Xavier  ,29.9641088,-90.107647,76,176,182,49,49,43,19,29,13,27,0.6409999999999999,0.262,0.39799999999999996,9.2,0.4,-0.4,0.7,17.5,-0.3,-3.9,0.47100000000000003,3.714285714,1.0,0.591836735,0.265306122,0.551020408,1.265306122
Victor Oladipo,Indiana  ,39.1754487,-86.512627,76,210,7207,415,1628,1644,256,1061,202,691,0.7929999999999999,0.35,0.441,16.6,24.3,8.4,15.9,25.2,10.8,1.1,0.537,17.36626506,3.922891566,2.5566265059999997,0.486746988,1.665060241,4.578313253
Alize Johnson,Missouri State  ,37.2005546,-93.2806806,79,212,31,27,3,26,11,3,3,1,0.5710000000000001,0.5,0.355,8.4,0.1,0.0,0.2,14.9,-0.1,-6.4,0.41700000000000004,1.148148148,0.111111111,0.111111111,0.111111111,0.037037037,1.37037037
Lou Williams,None  ,35.1175315,-89.94390469999999,73,175,14424,996,3438,1853,391,1735,181,874,0.84,0.35,0.42,18.4,63.3,45.8,17.5,26.4,23.6,1.8,0.5539999999999999,14.48192771,3.451807229,1.741967871,0.18172690800000002,0.87751004,2.253012048
Montrezl Harrell,Louisville  ,38.2122761,-85.75850229999999,79,240,4037,318,424,1014,556,369,287,177,0.638,0.1,0.614,22.4,26.2,18.6,7.6,22.6,7.7,2.6,0.633,12.69496855,1.333333333,1.160377358,0.9025157229999999,0.5566037739999999,4.9371069180000005
JaMychal Green,Alabama  ,33.2140233,-87.5391418,80,227,2865,354,327,1532,651,399,151,200,0.767,0.36700000000000005,0.47,13.6,16.8,7.5,9.3,16.9,0.8,-1.6,0.56,8.093220339,0.9237288140000001,1.127118644,0.42655367200000005,0.564971751,6.166666667
Patrick Patterson,Kentucky  ,38.0306511,-84.5039697,80,230,4527,673,697,1896,798,436,288,353,0.752,0.369,0.44799999999999995,12.6,30.2,17.1,13.1,14.5,7.1,0.0,0.539,6.726597325,1.035661218,0.647845468,0.427934621,0.524517088,4.002971768
Kawhi Leonard,San Diego State  ,32.7759894,-117.0712533,79,230,9620,518,1377,2684,639,819,344,921,0.8540000000000001,0.381,0.491,23.0,73.4,42.3,31.1,24.6,35.7,6.8,0.597,18.57142857,2.658301158,1.581081081,0.664092664,1.7779922780000001,6.415057915
Rodney McGruder,Kansas State  ,39.1974437,-96.5847249,76,200,1250,212,283,464,191,145,41,113,0.642,0.33799999999999997,0.41100000000000003,8.9,6.5,2.0,4.5,13.1,-0.2,-2.2,0.509,5.896226415,1.33490566,0.683962264,0.193396226,0.533018868,3.0896226419999997
Landry Shamet,Wichita State  ,37.7186367,-97.29414140000002,76,188,1176,126,204,197,27,81,19,56,0.846,0.41,0.425,10.2,6.3,4.3,2.0,14.3,0.3,-1.6,0.602,9.333333332999999,1.619047619,0.642857143,0.150793651,0.444444444,1.7777777780000001
Patrick Beverley,Arkansas  ,36.0686895,-94.1748471,73,185,3818,428,1491,1377,500,558,191,505,0.762,0.38,0.414,12.5,28.2,16.1,12.1,14.5,9.0,0.9,0.544,8.920560748,3.48364486,1.303738318,0.44626168200000005,1.1799065420000001,4.3855140189999995
Paul George,Fresno State  ,36.8133631,-119.7460947,80,220,12863,646,2162,3547,585,1671,287,1127,0.846,0.38,0.433,19.2,69.1,32.4,36.7,26.5,33.1,4.1,0.564,19.91176471,3.346749226,2.586687307,0.444272446,1.744582043,6.39628483
Terance Mann,Florida State  ,30.4418778,-84.2984889,77,215,56,35,38,29,4,14,5,8,0.75,0.25,0.40700000000000003,7.1,0.3,0.0,0.3,11.2,-0.1,-3.5,0.47200000000000003,1.6,1.085714286,0.4,0.14285714300000002,0.228571429,0.942857143
Marcus Morris,Kansas  ,38.9543439,-95.2557961,80,235,7248,600,905,2211,584,721,168,421,0.759,0.36700000000000005,0.431,13.4,30.0,14.2,15.8,20.2,6.0,-0.5,0.536,12.08,1.5083333330000002,1.201666667,0.28,0.701666667,4.658333333
Amir Coffey,Minnesota ,44.97399,-93.2277285,79,205,28,13,9,10,4,3,1,1,0.33299999999999996,0.14300000000000002,0.39399999999999996,5.9,0.0,-0.1,0.1,15.8,-0.1,-6.8,0.408,2.153846154,0.692307692,0.23076923100000002,0.076923077,0.076923077,1.076923077
Reggie Jackson,Boston College  ,42.3355488,-71.16849450000001,75,208,7129,553,2431,1332,302,1067,66,387,0.857,0.336,0.428,16.0,29.1,16.9,12.2,24.8,8.7,0.5,0.524,12.8915009,4.3960217,1.929475588,0.119349005,0.699819168,2.9547920430000003
Johnathan Motley,Baylor  ,31.5488923,-97.1130573,80,230,226,46,26,75,35,30,5,11,0.5870000000000001,0.2,0.552,19.1,0.9,0.4,0.4,26.4,0.0,-1.4,0.5770000000000001,4.9130434780000005,0.565217391,0.6521739129999999,0.10869565199999999,0.239130435,2.3913043480000002
Mfiondu Kabengele,Florida State  ,30.4418778,-84.2984889,81,250,42,12,2,10,1,2,2,2,1.0,0.45,0.43799999999999994,18.2,0.2,0.1,0.1,23.5,0.1,2.1,0.614,3.5,0.166666667,0.166666667,0.166666667,0.166666667,0.916666667
Joakim Noah,Florida  ,29.6436325,-82.3549302,83,230,5867,667,1900,3906,2136,1127,873,533,0.7,0.0,0.491,17.6,61.8,27.6,34.2,16.0,20.9,2.5,0.54,8.796101949,2.8485757119999997,1.689655172,1.308845577,0.79910045,9.058470765
Kentavious Caldwell-Pope,Georgia  ,33.9480053,-83.3773221,77,205,6196,533,872,1344,354,530,101,599,0.797,0.35,0.418,12.1,27.6,13.6,14.1,17.6,5.2,-0.7,0.5329999999999999,11.62476548,1.636022514,0.994371482,0.18949343300000002,1.123827392,3.1857410880000003
Danny Green,North Carolina  ,35.9049122,-79.0469134,78,215,6077,681,1083,1971,404,694,535,685,0.81,0.402,0.424,13.0,42.7,15.4,27.2,15.7,17.9,2.1,0.568,8.923641703,1.59030837,1.019089574,0.785609398,1.005873715,3.487518355
JaVale McGee,Nevada-Reno  ,39.5453298,-119.8161541,84,270,5487,694,274,2275,1298,660,1075,281,0.5920000000000001,0.152,0.575,19.6,36.4,18.6,17.8,19.4,6.7,0.2,0.5870000000000001,7.906340058,0.39481268,0.9510086459999999,1.548991354,0.404899135,5.148414986000001
Alex Caruso,Texas A&M  ,30.6090918,-96.3337124,77,186,679,120,254,195,49,130,36,107,0.765,0.375,0.43200000000000005,11.1,3.7,1.0,2.8,14.9,0.6,-0.8,0.544,5.658333333,2.116666667,1.083333333,0.3,0.8916666670000001,2.0333333330000003
Anthony Davis,Kentucky  ,38.0306511,-84.5039697,82,253,12526,521,1154,4091,1332,1004,1255,721,0.8009999999999999,0.319,0.517,27.5,82.3,52.6,29.7,28.5,37.7,6.3,0.588,24.04222649,2.214971209,1.92706334,2.408829175,1.383877159,10.40882917
Kyle Kuzma,Utah  ,40.7649368,-111.8421021,80,220,3224,201,388,911,196,358,81,111,0.733,0.327,0.449,13.5,8.4,2.6,5.8,23.1,0.6,-1.5,0.542,16.039801,1.930348259,1.7810945269999998,0.402985075,0.552238806,5.507462687
Avery Bradley,Texas  ,30.2849185,-97.7340567,75,180,6712,571,1012,1312,358,802,116,581,0.78,0.364,0.436,11.1,16.2,0.5,15.7,20.0,-0.7,-2.2,0.515,11.75481611,1.7723292469999998,1.404553415,0.20315236399999997,1.017513135,2.92469352
Rajon Rondo,Kentucky  ,38.0306511,-84.5039697,73,186,8909,873,7215,3254,877,2439,115,1451,0.606,0.316,0.45799999999999996,16.0,59.9,19.6,40.2,19.0,22.9,1.3,0.5,10.20504009,8.264604811,2.793814433,0.131729668,1.662084765,4.731958763
Jared Dudley,Boston College  ,42.3355488,-71.16849450000001,78,237,6617,887,1380,2019,800,759,166,706,0.732,0.39399999999999996,0.46399999999999997,12.6,42.8,27.8,15.0,14.4,11.1,0.2,0.5760000000000001,7.459977452,1.5558060880000002,0.855693348,0.18714768899999998,0.795941375,3.1781285230000003
Quinn Cook,Duke  ,36.0014258,-78.9382286,73,179,1083,159,271,246,40,120,5,47,0.769,0.41200000000000003,0.46799999999999997,12.5,3.9,2.2,1.7,19.4,-0.1,-2.2,0.565,6.811320755,1.704402516,0.754716981,0.031446541,0.29559748399999997,1.7987421380000002
Markieff Morris,Kansas  ,38.9543439,-95.2557961,80,245,7250,631,1054,2585,799,1011,347,547,0.778,0.344,0.44799999999999995,14.0,24.9,8.2,16.7,21.4,2.9,-1.3,0.527,11.48969889,1.670364501,1.6022186999999999,0.549920761,0.866877971,5.362916006
Dion Waiters,Syracuse  ,43.0391534,-76.1351158,75,215,5422,412,1146,931,164,748,109,387,0.6920000000000001,0.348,0.41200000000000003,12.0,8.7,-0.1,8.8,23.5,-0.4,-2.1,0.494,13.16019417,2.7815533980000002,1.815533981,0.264563107,0.939320388,2.65776699
Dillon Brooks,Oregon  ,44.0448302,-123.0726055,79,220,2053,165,279,382,119,251,46,140,0.775,0.364,0.418,10.2,2.1,-0.6,2.7,21.3,-2.6,-4.3,0.518,12.44242424,1.690909091,1.521212121,0.27878787899999996,0.848484848,3.0363636360000004
Tyus Jones,Duke  ,36.0014258,-78.9382286,72,196,1733,312,1108,418,65,232,25,314,0.8029999999999999,0.345,0.431,14.0,11.4,7.4,4.0,14.6,2.8,0.0,0.52,5.554487179,3.5512820510000003,0.7435897440000001,0.080128205,1.006410256,1.5480769230000002
De'Anthony Melton,USC  ,34.0223519,-118.285117,74,200,670,102,316,265,62,153,41,133,0.8059999999999999,0.311,0.40700000000000003,12.3,1.8,-0.4,2.2,17.3,0.4,-1.2,0.502,6.568627451,3.098039216,1.5,0.40196078399999996,1.3039215690000001,3.2058823530000002
Brandon Clarke,Gonzaga  ,47.66703210000001,-117.4014343,80,210,602,50,72,214,78,46,42,26,0.785,0.40399999999999997,0.623,21.8,4.4,3.1,1.3,19.0,1.5,3.5,0.67,12.04,1.44,0.92,0.84,0.52,5.84
Jaren Jackson Jr.,Michigan State  ,42.701848,-84.4821719,83,242,1712,112,140,400,126,192,169,88,0.755,0.386,0.485,16.3,6.5,2.6,3.8,23.3,1.5,0.0,0.59,15.28571429,1.25,1.714285714,1.508928571,0.7857142859999999,4.696428571
Grayson Allen,Duke  ,36.0014258,-78.9382286,76,198,432,68,68,81,8,56,7,12,0.789,0.342,0.41200000000000003,9.6,0.7,0.1,0.7,20.9,-0.5,-4.3,0.546,6.352941176,1.0,0.8235294120000001,0.102941176,0.176470588,1.308823529
Josh Jackson,Kansas  ,38.9543439,-95.2557961,80,207,2110,174,333,584,172,344,100,172,0.6509999999999999,0.298,0.41700000000000004,11.5,-1.9,-4.7,2.8,24.8,-2.2,-4.0,0.488,12.12643678,1.9137931030000002,1.977011494,0.574712644,0.988505747,4.344827586
John Konchar,Purdue FW ,41.1173345,-85.1077816,77,210,51,15,21,28,18,6,3,7,0.5,0.444,0.657,19.0,0.7,0.5,0.2,10.4,0.3,5.0,0.711,3.4,1.4,0.4,0.2,0.46666666700000003,3.066666667
Yuta Watanabe,George Washington  ,38.8997145,-77.0485992,80,205,69,31,12,38,10,8,2,9,0.556,0.20800000000000002,0.33799999999999997,5.6,-0.1,-0.4,0.3,15.3,-0.3,-6.8,0.392,2.225806452,0.387096774,0.258064516,0.064516129,0.290322581,1.548387097
Gorgui Dieng,Louisville  ,38.2122761,-85.75850229999999,82,252,4022,510,700,2203,945,598,503,424,0.785,0.34299999999999997,0.5,16.2,27.1,15.0,12.2,16.1,6.2,0.2,0.5670000000000001,7.88627451,1.37254902,1.17254902,0.98627451,0.831372549,6.17254902
Anthony Tolliver,Creighton  ,41.2655521,-95.94638619999999,80,240,4399,711,639,1847,538,455,213,265,0.7709999999999999,0.373,0.415,11.0,25.6,15.7,9.9,13.6,3.2,-1.1,0.569,6.187060477999999,0.898734177,0.6399437410000001,0.299578059,0.37271448700000004,3.35443038
Justise Winslow,Duke  ,36.0014258,-78.9382286,78,225,2181,241,657,1048,247,371,89,227,0.6459999999999999,0.337,0.41700000000000004,10.4,7.7,-1.0,8.8,16.9,0.3,-1.8,0.486,9.049792531,2.7261410789999996,1.539419087,0.369294606,0.9419087140000001,5.373443983
Duncan Robinson,Michigan  ,42.2780436,-83.7382241,79,215,913,80,96,220,11,64,15,40,0.8809999999999999,0.43799999999999994,0.461,12.4,4.9,3.2,1.6,15.6,1.1,0.0,0.6659999999999999,11.4125,1.2,0.8,0.1875,0.5,2.8875
Kendrick Nunn,Oakland  ,42.6679486,-83.2081632,74,190,970,62,210,149,19,101,11,51,0.8370000000000001,0.36200000000000004,0.44799999999999995,13.5,2.4,1.0,1.4,23.7,0.0,-2.0,0.545,15.64516129,3.3870967739999998,1.629032258,0.177419355,0.822580645,2.7096774189999997
Kelly Olynyk,Gonzaga  ,47.66703210000001,-117.4014343,83,240,4739,492,915,1800,575,698,218,347,0.773,0.375,0.478,15.7,28.1,14.1,14.0,19.9,7.3,0.8,0.588,9.632113821,1.859756098,1.4186991869999999,0.44308943100000003,0.7052845529999999,4.827235772
Derrick Jones Jr.,UNLV  ,36.1085197,-115.1431709,78,210,1105,163,115,357,213,90,104,118,0.69,0.276,0.505,13.7,8.3,4.6,3.8,14.2,1.2,-0.5,0.58,6.779141104,0.705521472,0.552147239,0.63803681,0.72392638,3.496932515
Jimmy Butler,Marquette  ,43.0388337,-87.92856669999999,79,230,9823,577,2136,2070,866,883,275,914,0.835,0.33299999999999996,0.45399999999999996,20.3,74.6,50.5,24.0,21.9,29.7,4.2,0.5720000000000001,17.02426343,3.701906412,1.530329289,0.47660312,1.584055459,5.088388215
Tyler Herro,Kentucky  ,38.0306511,-84.5039697,77,200,605,47,91,173,14,72,7,30,0.835,0.391,0.414,11.4,0.9,-0.3,1.1,22.0,-0.1,-2.3,0.534,12.87234043,1.936170213,1.531914894,0.14893617,0.638297872,3.9787234039999997
Meyers Leonard,Illinois  ,40.1019523,-88.2271615,84,260,2483,442,391,1400,318,303,127,82,0.813,0.392,0.483,12.1,15.6,9.1,6.4,15.0,1.1,-1.4,0.589,5.617647058999999,0.884615385,0.685520362,0.287330317,0.185520362,3.8868778280000003
Chris Silva,South Carolina  ,33.9937575,-81.0299186,80,230,120,41,21,55,54,31,18,9,0.6940000000000001,0.0,0.623,17.2,1.1,0.7,0.5,17.5,0.0,-2.5,0.6629999999999999,2.926829268,0.5121951220000001,0.7560975609999999,0.43902439,0.219512195,2.658536585
Andre Iguodala,Arizona  ,32.2318851,-110.9501094,78,215,13517,1122,4849,4635,1049,2127,568,1671,0.7090000000000001,0.33399999999999996,0.466,15.7,96.8,50.5,46.3,17.3,40.0,2.3,0.555,12.04723708,4.321746881,1.895721925,0.506238859,1.4893048130000002,5.065953653999999
Jae Crowder,Marquette  ,43.0388337,-87.92856669999999,78,235,5739,601,921,2036,438,523,194,588,0.779,0.336,0.419,12.9,31.9,14.7,17.2,17.0,7.8,0.1,0.547,9.549084859,1.532445923,0.870216306,0.322795341,0.9783693840000001,4.116472546000001
Solomon Hill,Arizona  ,32.2318851,-110.9501094,78,225,2094,359,569,912,239,330,86,246,0.8,0.33799999999999997,0.396,9.1,10.5,2.4,8.1,13.1,-0.1,-2.0,0.517,5.832869081,1.5849582169999998,0.9192200559999999,0.23955431800000002,0.6852367690000001,3.2061281339999996
Udonis Haslem,Florida  ,29.6436325,-82.3549302,80,235,6516,857,729,4140,1606,803,249,422,0.755,0.07,0.489,13.0,50.7,23.2,27.6,15.1,0.2,-2.0,0.5329999999999999,7.603267211,0.8506417740000001,0.936989498,0.290548425,0.492415403,6.704784131
Brook Lopez,Stanford  ,37.4274745,-122.169719,84,270,13084,778,1186,3332,1635,1398,1398,452,0.792,0.33799999999999997,0.494,19.5,64.7,38.8,25.9,24.4,20.4,1.4,0.5660000000000001,16.81748072,1.524421594,1.7969151669999999,1.7969151669999999,0.580976864,6.384318766
Wesley Matthews,Marquette  ,43.0388337,-87.92856669999999,76,220,10366,786,1695,1996,404,999,155,827,0.8240000000000001,0.381,0.424,13.0,50.9,30.8,20.1,18.4,13.2,0.1,0.561,13.18829517,2.15648855,1.270992366,0.197201018,1.05216285,3.053435115
Pat Connaughton,Notre Dame  ,41.7055716,-86.2353388,77,209,1305,277,346,588,174,150,79,84,0.784,0.34299999999999997,0.44299999999999995,11.1,9.8,4.3,5.5,13.1,1.7,-0.5,0.5529999999999999,4.711191336000001,1.249097473,0.541516245,0.285198556,0.30324909699999997,2.750902527
Donte DiVincenzo,Villanova  ,40.0378952,-75.34333149999999,76,203,685,86,167,279,75,91,24,93,0.767,0.322,0.45,13.6,5.1,1.4,3.7,16.5,1.4,1.1,0.556,7.965116279,1.941860465,1.058139535,0.27906976699999997,1.0813953490000001,4.11627907
Robin Lopez,Stanford  ,37.4274745,-122.169719,84,275,7273,826,683,2283,1908,908,968,199,0.7509999999999999,0.299,0.529,16.0,44.7,28.6,16.1,17.6,4.8,-1.0,0.5670000000000001,8.805084746,0.826876513,1.099273608,1.171912833,0.240920097,5.073849879
Khris Middleton,Texas A&M  ,30.6090918,-96.3337124,79,222,8288,510,1693,2061,302,970,96,642,0.8740000000000001,0.392,0.45799999999999996,16.3,38.3,22.1,16.2,22.6,10.2,0.5,0.569,16.25098039,3.319607843,1.9019607840000001,0.188235294,1.258823529,4.633333333
Eric Bledsoe,Kentucky  ,38.0306511,-84.5039697,73,205,8899,626,3026,1977,511,1650,300,900,0.795,0.337,0.457,18.1,42.3,21.6,20.7,24.0,18.5,2.2,0.5579999999999999,14.21565495,4.833865815,2.635782748,0.47923322700000004,1.437699681,3.974440895
George Hill,IUPUI  ,39.77481909999999,-86.17764299999999,75,188,8662,778,2475,1948,459,977,215,710,0.8029999999999999,0.385,0.457,15.1,65.0,38.7,26.3,17.9,18.9,1.5,0.5720000000000001,11.13367609,3.181233933,1.255784062,0.27634961399999997,0.912596401,3.0938303339999997
Kyle Korver,Creighton  ,41.2655521,-95.94638619999999,79,212,11903,1224,2107,3281,344,1284,403,799,0.8759999999999999,0.429,0.442,12.8,73.1,42.7,30.4,16.2,20.6,0.6,0.602,9.724673203,1.7214052290000001,1.049019608,0.329248366,0.6527777779999999,2.961601307
Sterling Brown,Southern Methodist  ,32.8412178,-96.78451749999999,77,232,812,157,155,408,84,107,28,78,0.762,0.344,0.418,9.9,3.8,0.3,3.5,15.3,-0.1,-2.1,0.521,5.171974522,0.9872611459999999,0.6815286620000001,0.17834394899999997,0.49681528700000005,3.133757962
D.J. Wilson,Michigan  ,42.2780436,-83.7382241,82,231,401,101,77,243,57,51,26,23,0.569,0.332,0.41600000000000004,9.9,2.1,0.2,2.0,15.1,-0.1,-2.5,0.51,3.97029703,0.762376238,0.504950495,0.257425743,0.227722772,2.97029703
Marvin Williams,North Carolina  ,35.9049122,-79.0469134,80,237,10941,1066,1369,4245,1266,1016,573,823,0.8079999999999999,0.36200000000000004,0.44299999999999995,13.6,64.8,36.2,28.6,16.6,12.3,-0.4,0.5479999999999999,10.26360225,1.28424015,0.953095685,0.5375234520000001,0.772045028,5.169793621
Cameron Reynolds,Tulane ,29.9407282,-90.12031669999999,79,225,95,19,13,27,4,5,2,6,0.889,0.41200000000000003,0.423,10.4,0.4,0.3,0.1,14.1,0.0,-2.5,0.58,5.0,0.684210526,0.263157895,0.10526315800000001,0.31578947399999996,1.631578947
Jarrett Culver,Texas Tech  ,33.5842591,-101.8782822,78,195,580,63,110,142,70,81,38,57,0.462,0.299,0.40399999999999997,9.6,-0.1,-1.2,1.1,19.2,-0.8,-4.0,0.467,9.206349206,1.7460317459999999,1.285714286,0.6031746029999999,0.904761905,3.365079365
Josh Okogie,Georgia Institute of Technology  ,33.7756178,-84.39628499999999,76,212,1103,136,190,358,128,150,59,156,0.765,0.27399999999999997,0.40399999999999997,10.4,3.4,0.8,2.6,15.3,-0.6,-2.7,0.52,8.110294117999999,1.3970588240000001,1.1029411759999999,0.433823529,1.1470588240000001,3.573529412
Karl-Anthony Towns,Kentucky  ,38.0306511,-84.5039697,83,248,8113,358,992,3088,1121,904,523,278,0.831,0.396,0.534,25.1,50.4,36.9,13.6,26.3,21.2,4.8,0.622,22.66201117,2.770949721,2.525139665,1.460893855,0.7765363129999999,11.75698324
Kelan Martin,Butler  ,39.8405491,-86.1708927,77,235,197,31,23,84,12,20,9,7,0.968,0.26,0.392,9.2,0.2,-0.1,0.3,17.8,-0.3,-4.3,0.506,6.35483871,0.7419354840000001,0.64516129,0.290322581,0.225806452,3.096774194
Naz Reid,LSU  ,30.4132579,-91.1800023,81,264,269,30,35,90,34,22,22,19,0.698,0.33,0.41200000000000003,15.3,0.8,0.2,0.6,24.0,0.0,-1.9,0.505,8.966666667,1.166666667,0.7333333329999999,0.7333333329999999,0.6333333329999999,4.133333333
Jordan McLaughlin,USC  ,34.0223519,-118.285117,71,170,229,30,125,42,7,31,4,34,0.667,0.382,0.489,16.3,1.6,1.2,0.4,15.8,0.3,0.3,0.5870000000000001,7.6333333329999995,4.166666667,1.033333333,0.133333333,1.133333333,1.6333333330000002
Jake Layman,Maryland  ,38.9869183,-76.9425543,80,209,863,164,90,231,83,86,47,63,0.7240000000000001,0.309,0.456,11.2,3.0,1.2,1.8,16.6,-0.1,-2.1,0.544,5.262195122,0.548780488,0.524390244,0.286585366,0.384146341,1.914634146
Jaylen Nowell,Washington  ,38.6487895,-90.31079620000001,76,196,57,15,19,10,3,3,1,3,0.941,0.115,0.358,10.5,0.2,0.1,0.0,17.3,-0.1,-3.7,0.47100000000000003,3.8,1.266666667,0.2,0.066666667,0.2,0.8666666670000001
Malik Beasley,Florida State  ,30.4418778,-84.2984889,76,198,1811,220,214,364,72,144,25,117,0.8,0.38799999999999996,0.44799999999999995,12.9,6.4,3.5,2.9,19.4,0.8,-1.2,0.5660000000000001,8.231818182,0.972727273,0.654545455,0.113636364,0.5318181820000001,1.9818181819999998
James Johnson,Wake Forest  ,36.1355052,-80.2791958,79,240,5055,634,1355,1767,517,928,570,497,0.693,0.31,0.47700000000000004,14.6,24.6,7.1,17.5,19.1,9.3,0.8,0.5429999999999999,7.97318612,2.137223975,1.463722397,0.899053628,0.783911672,3.6025236589999996
D'Angelo Russell,Ohio State  ,40.0066723,-83.0304546,76,198,5532,317,1666,998,178,919,79,364,0.772,0.35600000000000004,0.42,16.4,8.4,2.5,5.9,28.7,5.5,0.4,0.526,17.451104100000002,5.255520505,2.8990536280000003,0.24921135600000002,1.148264984,3.70977918
Jarred Vanderbilt,Kentucky  ,38.0306511,-84.5039697,81,214,36,28,5,22,10,15,2,9,0.667,0.0,0.519,10.5,0.0,-0.2,0.2,17.6,-0.1,-4.9,0.5579999999999999,1.285714286,0.17857142899999998,0.535714286,0.071428571,0.321428571,1.142857143
Jacob Evans,Cincinnati  ,39.1329219,-84.51495039999999,76,210,168,59,54,51,15,36,15,16,0.833,0.315,0.337,4.8,-0.6,-0.9,0.3,16.2,-0.8,-7.4,0.42,2.847457627,0.9152542370000001,0.610169492,0.254237288,0.271186441,1.118644068
Evan Turner,Ohio State  ,40.0066723,-83.0304546,78,220,6824,705,2462,2890,388,1267,184,532,0.782,0.294,0.434,11.9,20.2,-0.5,20.7,19.1,0.5,-1.9,0.493,9.679432624,3.492198582,1.7971631209999999,0.260992908,0.754609929,4.64964539
Omari Spellman,Villanova  ,40.0378952,-75.34333149999999,80,245,642,95,94,264,149,85,49,59,0.7659999999999999,0.366,0.41700000000000004,13.4,2.4,1.1,1.3,16.9,0.2,-1.5,0.536,6.757894737000001,0.989473684,0.894736842,0.515789474,0.621052632,4.3473684210000005
Josh Hart,Villanova  ,40.0378952,-75.34333149999999,77,215,1600,187,267,750,131,170,77,170,0.713,0.353,0.428,11.0,8.2,3.1,5.1,14.1,1.6,-0.7,0.557,8.556149733,1.427807487,0.9090909090000001,0.41176470600000004,0.9090909090000001,4.711229947
Jaxson Hayes,Texas  ,30.2849185,-97.7340567,83,220,420,56,51,141,82,41,53,23,0.63,0.25,0.66,17.8,3.5,2.5,1.0,15.1,0.5,0.1,0.675,7.5,0.9107142859999999,0.732142857,0.9464285709999999,0.41071428600000004,3.982142857
Lonzo Ball,UCLA  ,34.068921,-118.4451811,78,190,1688,155,1023,773,186,411,92,237,0.484,0.34299999999999997,0.39299999999999996,12.7,6.1,0.0,6.1,17.7,3.3,0.6,0.488,10.89032258,6.6,2.651612903,0.593548387,1.5290322580000002,6.187096774
Brandon Ingram,Duke  ,36.0014258,-78.9382286,79,190,3997,246,791,1040,207,568,147,179,0.72,0.35700000000000004,0.46,13.5,9.4,3.8,5.6,22.3,1.1,-1.4,0.544,16.24796748,3.2154471539999996,2.308943089,0.597560976,0.727642276,5.069105691
Jrue Holiday,UCLA  ,34.068921,-118.4451811,75,205,11224,707,4529,2157,610,1939,360,1056,0.777,0.355,0.452,16.9,43.0,20.2,22.8,23.6,19.2,1.2,0.529,15.87553041,6.405940594,2.742574257,0.509193777,1.493635078,3.9137199430000003
Frank Jackson,Duke  ,36.0014258,-78.9382286,75,205,780,112,110,161,44,91,6,40,0.745,0.318,0.41600000000000004,8.8,0.4,-0.3,0.7,19.2,-1.4,-5.1,0.51,6.964285714,0.982142857,0.8125,0.053571429000000004,0.35714285700000004,1.830357143
E'Twaun Moore,Purdue  ,40.4237054,-86.92119459999999,75,191,4581,566,1010,889,266,509,125,376,0.737,0.39,0.455,11.4,14.4,6.5,7.9,17.3,0.3,-1.9,0.535,8.093639576000001,1.7844522969999999,0.8992932859999999,0.220848057,0.664310954,2.040636042
Derrick Favors,Georgia Tech  ,33.7756178,-84.39628499999999,81,265,7735,677,776,3271,1721,946,857,523,0.662,0.207,0.53,18.9,53.3,27.8,25.5,20.4,12.7,0.9,0.562,11.4254062,1.146233383,1.3973412109999999,1.265878877,0.7725258490000001,7.373707532999999
Nickeil Alexander-Walker,Virginia Tech  ,37.22838429999999,-80.42341669999999,77,205,211,41,74,72,8,40,7,11,0.607,0.342,0.33899999999999997,7.6,-0.4,-0.7,0.4,22.8,-0.4,-4.9,0.441,5.146341463,1.804878049,0.975609756,0.17073170699999998,0.26829268300000003,1.951219512
Kenrich Williams,TCU ,32.7095936,-97.3635602,78,210,411,81,136,293,104,57,40,70,0.512,0.306,0.37,8.8,2.0,0.3,1.7,11.0,0.0,-2.1,0.466,5.074074073999999,1.679012346,0.703703704,0.49382716,0.864197531,4.9012345680000005
Jahlil Okafor,Duke  ,36.0014258,-78.9382286,82,275,2392,218,211,743,352,324,187,67,0.674,0.235,0.536,16.6,6.4,2.8,3.6,23.7,0.0,-2.0,0.562,10.97247706,0.967889908,1.4862385319999998,0.857798165,0.30733945,5.02293578
Zion Williamson,Duke  ,36.0014258,-78.9382286,78,285,448,19,41,74,55,51,9,16,0.645,0.462,0.589,24.2,1.8,1.3,0.4,29.6,0.6,2.4,0.624,23.57894737,2.157894737,2.6842105259999998,0.473684211,0.842105263,6.789473684
Sindarius Thornwell,South Carolina  ,33.9937575,-81.0299186,77,215,344,137,86,146,38,73,32,62,0.6890000000000001,0.342,0.415,7.6,1.0,-0.2,1.2,12.0,-0.3,-2.9,0.512,2.510948905,0.627737226,0.532846715,0.233576642,0.452554745,1.3430656930000002
Josh Gray,LSU  ,30.4132579,-91.1800023,72,180,34,7,14,9,3,12,2,8,0.636,0.231,0.27899999999999997,4.7,-0.3,-0.4,0.1,23.2,-0.1,-6.7,0.355,4.8571428569999995,2.0,1.714285714,0.28571428600000004,1.142857143,1.714285714
Darius Miller,Kentucky  ,38.0306511,-84.5039697,78,225,1524,253,346,374,49,163,61,110,0.83,0.382,0.418,8.4,5.9,4.0,1.9,12.5,-0.7,-2.5,0.5720000000000001,6.023715415,1.3675889330000002,0.644268775,0.241106719,0.434782609,1.671936759
Bobby Portis,Arkansas  ,36.0686895,-94.1748471,82,246,3215,315,380,1326,546,341,94,158,0.754,0.36,0.456,16.1,10.8,4.8,6.0,22.8,1.1,-1.3,0.528,10.20634921,1.2063492059999998,1.082539683,0.29841269800000003,0.501587302,5.9428571429999995
Kevin Knox,Kentucky  ,38.0306511,-84.5039697,79,215,1382,140,143,430,89,159,52,66,0.6970000000000001,0.337,0.36700000000000005,8.6,-1.2,-2.7,1.6,20.8,-2.7,-5.2,0.474,9.871428571000001,1.021428571,1.135714286,0.37142857100000004,0.471428571,3.707142857
Julius Randle,Kentucky  ,38.0306511,-84.5039697,80,250,6032,375,1045,2559,816,937,178,248,0.7240000000000001,0.295,0.493,17.7,20.5,10.9,9.6,24.6,4.1,-0.5,0.557,16.08533333,2.786666667,2.4986666669999997,0.47466666700000004,0.661333333,9.0
Taj Gibson,USC  ,34.0223519,-118.285117,81,225,7618,799,812,3147,1851,940,838,450,0.7090000000000001,0.22,0.515,15.5,52.4,25.1,27.3,17.5,6.4,-0.8,0.55,9.534418022999999,1.016270338,1.176470588,1.048811014,0.563204005,6.255319149
RJ Barrett,Duke  ,36.0014258,-78.9382286,78,202,803,56,143,229,50,124,17,55,0.614,0.32,0.402,10.7,-0.5,-1.6,1.1,24.0,-1.0,-4.3,0.479,14.33928571,2.5535714290000002,2.214285714,0.303571429,0.982142857,4.9821428569999995
Damyean Dotson,Houston  ,29.7199489,-95.3422334,77,202,1282,165,223,384,53,109,16,93,0.721,0.361,0.419,10.9,3.0,1.5,1.5,17.1,-0.2,-2.2,0.527,7.76969697,1.351515152,0.660606061,0.096969697,0.563636364,2.6484848480000003
Elfrid Payton,Louisana-Lafayette  ,30.2114404,-92.0204121,75,185,4247,387,2566,1265,438,934,136,516,0.625,0.289,0.452,15.3,14.9,5.4,9.5,20.1,4.3,-0.5,0.496,10.97416021,6.630490956,2.413436693,0.35142118899999997,1.333333333,4.400516796000001
Wayne Ellington,North Carolina  ,35.9049122,-79.0469134,76,200,5461,681,755,1265,216,456,52,371,0.846,0.37799999999999995,0.408,11.1,18.2,11.0,7.2,17.2,1.6,-1.6,0.534,8.019089574,1.10866373,0.669603524,0.076358297,0.5447870779999999,2.174743025
Dennis Smith Jr.,North Carolina State  ,35.7846633,-78.6820946,74,195,1957,156,708,390,103,406,46,166,0.647,0.314,0.4,11.9,-1.6,-4.9,3.3,26.6,-0.7,-2.7,0.475,12.54487179,4.538461538,2.602564103,0.294871795,1.0641025640000001,3.16025641
Reggie Bullock,North Carolina  ,35.9049122,-79.0469134,78,200,2090,301,342,530,101,170,38,159,0.826,0.385,0.43,11.0,10.2,5.5,4.7,15.0,1.8,-0.8,0.56,6.943521595,1.136212625,0.564784053,0.126245847,0.5282392029999999,2.096345515
Maurice Harkless,"St. John's, N.Y.  ",40.7220627,-73.79421119999999,79,220,3848,537,505,1364,633,468,355,524,0.612,0.325,0.478,12.2,21.9,8.9,13.0,14.3,4.7,-0.5,0.544,7.165735568,0.9404096829999999,0.87150838,0.661080074,0.975791434,3.7188081939999997
Ignas Brazdeikis,Michigan  ,42.2780436,-83.7382241,78,216,17,9,4,3,2,2,1,0,0.8,0.111,0.273,3.3,-0.1,-0.1,0.0,21.0,-0.1,-8.9,0.35100000000000003,1.888888889,0.444444444,0.222222222,0.111111111,0.0,0.5555555560000001
Theo Pinson,North Carolina ,35.9049122,-79.0469134,77,212,201,51,77,76,14,51,4,23,0.895,0.214,0.307,6.3,-0.5,-1.2,0.7,21.5,-0.5,-5.6,0.41100000000000003,3.9411764710000003,1.509803922,1.0,0.078431373,0.450980392,1.764705882
Shai Gilgeous-Alexander,Kentucky  ,38.0306511,-84.5039697,77,181,2105,145,478,514,102,258,90,166,0.8009999999999999,0.35700000000000004,0.474,15.7,8.9,4.4,4.5,21.0,2.9,0.6,0.561,14.51724138,3.296551724,1.779310345,0.620689655,1.144827586,4.248275862
Chris Paul,Wake Forest  ,36.1355052,-80.2791958,73,175,18711,1013,9607,3910,662,2441,131,2220,0.87,0.37,0.47,25.1,179.5,132.2,47.3,23.9,85.6,7.6,0.5820000000000001,18.47087858,9.483711747000001,2.409674235,0.129318855,2.191510365,4.513326752
Steven Adams,Pittsburgh  ,40.4443533,-79.960835,83,265,5140,525,610,2177,1812,749,529,468,0.5579999999999999,0.1,0.589,17.2,44.9,25.8,19.1,15.3,8.6,0.4,0.596,9.79047619,1.161904762,1.4266666669999999,1.007619048,0.891428571,7.598095237999999
Nerlens Noel,Kentucky  ,38.0306511,-84.5039697,82,220,2869,355,418,1522,689,483,492,469,0.648,0.28600000000000003,0.542,17.5,21.4,7.0,14.4,16.7,5.9,1.0,0.568,8.081690141000001,1.177464789,1.36056338,1.3859154930000002,1.321126761,6.228169014
Abdel Nader,Iowa State  ,42.0266573,-93.64645159999999,77,225,674,157,81,236,41,96,42,55,0.715,0.348,0.413,8.7,1.9,-0.5,2.4,16.2,-0.4,-2.9,0.523,4.292993631,0.5159235670000001,0.6114649679999999,0.26751592399999996,0.350318471,1.76433121
Mike Muscala,Bucknell  ,40.9547722,-76.88507589999999,82,240,1946,348,322,787,309,219,173,123,0.8390000000000001,0.364,0.461,13.4,13.0,6.9,6.1,15.4,2.4,-0.3,0.579,5.5919540229999996,0.9252873559999999,0.629310345,0.49712643700000003,0.353448276,3.1494252869999997
Hamidou Diallo,Kentucky  ,38.0306511,-84.5039697,77,202,423,89,39,152,67,60,18,49,0.615,0.18600000000000003,0.45299999999999996,9.2,1.0,-0.6,1.5,17.0,-0.8,-4.6,0.49200000000000005,4.752808989,0.43820224700000004,0.674157303,0.20224719100000002,0.5505617979999999,2.4606741569999997
Deonte Burton,Iowa State  ,42.0266573,-93.64645159999999,76,240,176,66,20,66,10,23,18,11,0.583,0.247,0.385,6.4,-0.1,-0.7,0.6,17.9,-0.4,-5.1,0.445,2.666666667,0.303030303,0.34848484799999996,0.272727273,0.166666667,1.151515152
Luguentz Dort,Arizona State  ,33.4532165,-112.0719833,75,215,180,29,21,39,15,15,2,23,0.778,0.301,0.414,7.3,0.7,0.2,0.5,13.0,-0.3,-3.9,0.521,6.206896552000001,0.7241379309999999,0.517241379,0.068965517,0.793103448,1.862068966
Devon Hall,Virginia  ,38.0335529,-78.5079772,74,215,5,5,3,1,0,1,0,0,0.75,0.0,0.2,3.6,0.0,0.0,0.0,17.1,0.0,-9.7,0.37,1.0,0.6,0.2,0.0,0.0,0.2
Andre Roberson,Colorado  ,40.00758099999999,-105.2659417,79,210,1356,295,257,840,348,181,195,264,0.467,0.257,0.48200000000000004,9.8,12.7,4.5,8.2,9.4,2.5,-0.5,0.529,4.596610169,0.871186441,0.6135593220000001,0.661016949,0.894915254,4.027118644
Markelle Fultz,Washington  ,38.6487895,-90.31079620000001,75,200,1027,97,446,254,72,173,19,112,0.6679999999999999,0.256,0.456,13.5,3.2,0.5,2.7,20.7,0.0,-2.0,0.499,10.58762887,4.597938144,1.783505155,0.19587628899999998,1.154639175,3.3608247419999997
Terrence Ross,Washington  ,38.6487895,-90.31079620000001,78,206,6093,555,609,1370,199,500,186,469,0.825,0.371,0.42100000000000004,12.8,22.0,9.4,12.6,20.0,5.2,-0.5,0.542,10.97837838,1.0972972970000001,0.900900901,0.335135135,0.845045045,2.8270270269999997
Aaron Gordon,Arizona  ,32.2318851,-110.9501094,80,220,5082,399,951,1918,635,556,254,311,0.701,0.318,0.447,15.2,21.4,9.3,12.1,20.6,5.5,-0.1,0.53,12.73684211,2.383458647,1.393483709,0.636591479,0.779448622,6.398496241
D.J. Augustin,Texas  ,30.2849185,-97.7340567,71,183,8439,856,3427,1373,257,1290,30,518,0.865,0.379,0.41200000000000003,14.2,44.5,30.7,13.7,19.5,8.0,-0.5,0.556,9.85864486,4.003504673,1.507009346,0.035046729,0.605140187,1.904205607
Khem Birch,UNLV  ,36.1085197,-115.1431709,81,233,571,132,107,331,219,64,71,49,0.6679999999999999,0.0,0.5479999999999999,14.8,6.1,3.7,2.4,12.0,0.5,-1.0,0.589,4.325757576,0.810606061,0.484848485,0.537878788,0.371212121,4.166666667
Michael Carter-Williams,Syracuse  ,43.0391534,-76.1351158,77,190,3728,357,1565,1230,337,839,195,468,0.711,0.256,0.40299999999999997,13.9,7.0,-3.6,10.7,22.9,2.5,-0.9,0.475,10.44257703,4.383753501,2.350140056,0.546218487,1.31092437,4.389355742
Jonathan Isaac,Florida State  ,30.4418778,-84.2984889,83,210,1249,134,142,560,172,149,206,142,0.794,0.32799999999999996,0.43200000000000005,13.6,6.5,0.7,5.8,16.6,1.9,0.1,0.529,9.320895522,1.059701493,1.111940299,1.5373134330000002,1.059701493,5.462686567
Gary Clark,	Cincinnati  ,39.1329219,-84.51495039999999,78,225,260,86,33,150,51,12,40,25,0.938,0.308,0.349,9.6,1.8,0.7,1.1,10.9,0.2,-1.3,0.502,3.0232558139999997,0.38372093,0.139534884,0.46511627899999997,0.29069767399999996,2.3372093019999998
James Ennis,Cal State-Long Beach  ,33.7838235,-118.1140904,78,210,2167,339,299,747,335,250,102,204,0.795,0.354,0.45299999999999996,11.5,13.8,7.8,6.0,14.0,1.0,-1.4,0.5770000000000001,6.392330382999999,0.8820059000000001,0.737463127,0.30088495600000004,0.6017699120000001,3.191740413
Melvin Frazier,Tulane  ,29.9407282,-90.12031669999999,77,200,33,25,2,5,4,4,2,5,0.375,0.308,0.342,4.6,-0.1,-0.2,0.1,20.8,-0.2,-9.1,0.397,1.32,0.08,0.16,0.08,0.2,0.36
Al-Farouq Aminu,Wake Forest  ,36.1355052,-80.2791958,80,220,5248,688,848,3210,960,835,388,659,0.745,0.335,0.42100000000000004,12.3,27.5,7.3,20.2,15.2,6.6,-0.5,0.518,7.627906977,1.23255814,1.213662791,0.563953488,0.957848837,6.061046512000001
Vic Law,Northwestern  ,42.0564594,-87.67526699999999,79,200,0,5,0,1,0,0,0,0,0.0,0.0,0.0,-16.6,-0.1,-0.1,0.0,18.6,-0.1,-25.2,0.0,0.0,0.0,0.0,0.0,0.0,0.2
Tobias Harris,Tennessee  ,35.9544013,-83.92945639999999,80,235,9694,611,1234,3086,604,847,297,451,0.82,0.364,0.47100000000000003,16.7,45.0,26.7,18.3,22.2,13.8,0.9,0.561,15.86579378,2.019639935,1.3862520459999998,0.48608838,0.7381342059999999,6.039279869
Mike Scott,Virginia  ,38.0335529,-78.5079772,79,237,3473,499,451,1224,360,336,60,156,0.76,0.363,0.45799999999999996,12.8,15.4,7.6,7.8,18.7,0.7,-1.7,0.5539999999999999,6.95991984,0.903807615,0.6733466929999999,0.120240481,0.312625251,3.1743486969999997
Al Horford,Florida  ,29.6436325,-82.3549302,81,245,11814,846,2792,5222,1787,1329,1002,688,0.754,0.361,0.52,18.7,90.7,50.7,40.1,19.2,33.4,2.8,0.569,13.96453901,3.300236407,1.5709219859999999,1.1843971629999999,0.813238771,8.284869976
Matisse Thybulle,Washington  ,38.6487895,-90.31079620000001,77,200,267,57,70,51,35,45,40,80,0.61,0.35200000000000004,0.41,9.8,1.9,0.1,1.8,11.6,0.6,0.1,0.53,4.684210526,1.228070175,0.7894736840000001,0.701754386,1.403508772,1.50877193
Ben Simmons,Louisiana State  ,30.4132579,-91.1800023,82,230,3518,214,1713,1354,425,744,163,367,0.594,0.087,0.561,20.2,24.4,12.7,11.8,21.8,11.2,4.0,0.579,16.43925234,8.004672897,3.476635514,0.761682243,1.714953271,8.313084112
Josh Richardson,Tennessee  ,35.9544013,-83.92945639999999,77,200,3797,307,890,769,216,444,207,341,0.8140000000000001,0.36200000000000004,0.426,12.7,17.6,6.7,10.9,18.6,4.2,-0.2,0.534,12.36807818,2.899022801,1.446254072,0.674267101,1.1107491859999998,3.208469055
Joel Embiid,Kansas  ,38.9543439,-95.2557961,84,250,4864,202,636,1838,486,712,367,151,0.794,0.322,0.479,24.8,22.4,10.9,11.5,33.5,10.0,4.5,0.586,24.07920792,3.1485148510000003,3.524752475,1.8168316830000002,0.747524752,11.5049505
Kyle O'Quinn,Norfolk State  ,36.8480161,-76.262085,81,250,2553,469,627,1522,626,456,451,187,0.7390000000000001,0.225,0.517,17.9,17.6,7.5,10.1,18.4,4.8,0.9,0.5539999999999999,5.443496802,1.336886994,0.97228145,0.9616204690000001,0.39872068200000005,4.579957356
Alec Burks,Colorado  ,40.00758099999999,-105.2659417,78,214,4980,488,900,1269,297,622,92,318,0.792,0.358,0.42,13.9,15.9,8.5,7.5,22.5,2.2,-1.2,0.529,10.20491803,1.844262295,1.2745901640000001,0.18852459,0.651639344,3.209016393
Glenn Robinson III,Michigan  ,42.2780436,-83.7382241,78,222,1664,279,218,531,190,142,55,144,0.769,0.37200000000000005,0.45899999999999996,11.6,7.5,3.9,3.6,14.8,0.6,-1.5,0.5489999999999999,5.964157706,0.781362007,0.508960573,0.197132616,0.516129032,2.584229391
Zhaire Smith,Texas Tech  ,33.5842591,-101.8782822,75,199,48,13,12,12,3,8,2,5,0.667,0.316,0.37799999999999995,7.6,0.0,-0.1,0.1,17.2,-0.1,-6.1,0.47700000000000004,3.692307692,0.923076923,0.615384615,0.153846154,0.384615385,1.153846154
Ryan Broekhoff,	Valparaiso  ,41.4639394,-87.04388929999999,78,215,238,59,33,93,13,22,8,11,0.815,0.40299999999999997,0.42700000000000005,11.4,1.2,0.7,0.5,14.8,0.2,-0.5,0.604,4.033898305,0.559322034,0.372881356,0.13559322,0.186440678,1.796610169
Mikal Bridges,Villanova  ,40.0378952,-75.34333149999999,78,210,1249,147,288,408,115,135,77,222,0.825,0.341,0.466,11.7,7.0,3.9,3.1,12.3,1.5,-0.6,0.585,8.496598639,1.959183673,0.918367347,0.523809524,1.5102040819999998,3.557823129
Devin Booker,Kentucky  ,38.0306511,-84.5039697,77,210,7439,334,1562,1038,165,1103,84,264,0.868,0.355,0.447,16.8,15.9,12.5,3.3,29.1,4.8,-0.3,0.5660000000000001,22.27245509,4.676646707,3.30239521,0.251497006,0.7904191620000001,3.6017964069999997
Jevon Carter,West Virginia  ,39.6480359,-79.9697147,73,195,403,89,134,125,39,64,24,64,0.825,0.365,0.354,9.3,1.0,-0.4,1.4,15.7,0.0,-2.1,0.485,4.528089888,1.505617978,0.719101124,0.269662921,0.719101124,1.842696629
Cameron Johnson,North Carolina  ,35.9049122,-79.0469134,80,205,398,49,52,101,39,29,16,30,0.7609999999999999,0.397,0.418,12.2,1.8,1.1,0.7,16.0,0.5,-0.2,0.5760000000000001,8.12244898,1.06122449,0.591836735,0.326530612,0.6122448979999999,2.857142857
Kelly Oubre Jr.,Kansas  ,38.9543439,-95.2557961,79,205,3783,348,327,1160,283,360,158,315,0.778,0.32899999999999996,0.431,12.5,12.0,4.2,7.7,19.9,0.2,-1.9,0.541,10.87068966,0.939655172,1.034482759,0.454022989,0.905172414,4.146551724
Cheick Diallo,Kansas  ,38.9543439,-95.2557961,80,220,939,177,78,570,173,114,73,54,0.77,0.33299999999999996,0.598,17.0,6.2,3.4,2.8,16.9,0.3,-1.4,0.631,5.305084746,0.44067796600000003,0.644067797,0.412429379,0.305084746,4.197740113
Aron Baynes,Washington State  ,46.7319225,-117.1542121,82,260,2791,469,374,1405,718,399,232,101,0.8,0.327,0.495,14.1,19.0,9.0,10.0,17.3,-0.2,-2.1,0.556,5.950959488,0.797441365,0.850746269,0.49466951,0.215351812,4.5266524519999995
Frank Kaminsky,Wisconsin  ,43.076592,-89.4124875,84,240,3110,314,523,1039,241,274,118,145,0.7490000000000001,0.349,0.423,13.8,12.4,6.0,6.3,20.2,2.5,-0.6,0.532,9.904458599,1.665605096,0.872611465,0.375796178,0.46178343899999996,4.076433121
Deandre Ayton,Arizona  ,32.2318851,-110.9501094,83,250,1729,101,182,743,346,197,118,83,0.753,0.0,0.5720000000000001,20.5,8.3,5.3,3.0,22.2,1.9,0.3,0.595,17.11881188,1.801980198,1.95049505,1.1683168320000001,0.821782178,10.78217822
Ty Jerome,Virginia  ,38.0335529,-78.5079772,77,195,98,28,43,35,6,18,3,14,0.7859999999999999,0.27699999999999997,0.349,8.1,0.0,-0.3,0.3,17.6,-0.1,-3.8,0.43700000000000006,3.5,1.535714286,0.642857143,0.107142857,0.5,1.464285714
Cameron Payne,Murray State  ,36.6163842,-88.3214979,75,190,914,153,382,231,43,154,28,104,0.775,0.331,0.397,11.4,2.2,0.2,2.0,19.4,-0.2,-2.3,0.48200000000000004,5.973856209,2.496732026,1.006535948,0.18300653600000003,0.679738562,1.790849673
Tariq Owens,Texas Tech  ,33.5842591,-101.8782822,82,205,4,3,0,1,2,0,0,1,1.0,0.0,0.2,8.4,0.0,0.0,0.0,16.7,0.0,-5.9,0.34,1.333333333,0.0,0.0,0.0,0.333333333,1.0
CJ McCollum,Lehigh  ,40.6048687,-75.3775187,75,197,8723,473,1464,1260,284,824,177,404,0.8270000000000001,0.397,0.455,17.2,31.5,21.9,9.7,26.1,11.1,1.0,0.551,18.44186047,3.0951374210000004,1.7420718819999998,0.37420718799999997,0.854122622,3.2642706130000003
Hassan Whiteside,Marshall  ,38.4235252,-82.42641449999999,84,235,5576,404,277,3411,1367,660,985,238,0.606,0.32,0.5820000000000001,24.3,44.9,21.8,23.1,21.8,13.2,2.8,0.598,13.8019802,0.685643564,1.633663366,2.438118812,0.5891089110000001,11.82673267
Damian Lillard,Weber State  ,41.19246820000001,-111.9444959,74,195,14586,607,3932,2162,377,1683,192,592,0.889,0.371,0.436,21.9,79.9,65.2,14.6,28.4,36.9,4.6,0.578,24.02965404,6.477759473,2.7726523889999997,0.31630972,0.975288303,4.182866557
Gary Trent Jr.,Duke  ,36.0014258,-78.9382286,77,209,446,68,55,78,21,23,15,40,0.767,0.374,0.413,11.0,1.4,0.9,0.4,16.0,0.0,-2.0,0.532,6.558823529,0.8088235290000001,0.33823529399999996,0.220588235,0.588235294,1.455882353
Carmelo Anthony,Syracuse  ,43.0391534,-76.1351158,80,240,26314,1114,3244,5372,1879,2919,550,1121,0.812,0.348,0.44799999999999995,19.9,102.0,66.6,35.4,30.4,35.7,1.6,0.541,23.62118492,2.912028725,2.6202872530000003,0.493716338,1.006283662,6.508976661
Nassir Little,North Carolina  ,35.9049122,-79.0469134,77,220,172,48,22,77,31,15,14,13,0.636,0.237,0.43,9.7,0.6,0.3,0.3,13.7,-0.2,-3.5,0.505,3.583333333,0.45833333299999995,0.3125,0.291666667,0.270833333,2.25
Trevor Ariza,UCLA  ,34.068921,-118.4451811,80,215,11215,1064,2297,4086,1044,1441,331,1584,0.732,0.35200000000000004,0.423,13.2,62.6,24.5,38.1,16.7,21.8,0.7,0.536,10.54041353,2.1588345859999998,1.3543233080000001,0.311090226,1.488721805,4.821428571
Rodney Hood,Duke  ,36.0014258,-78.9382286,80,208,4247,341,645,860,120,379,67,262,0.8390000000000001,0.37200000000000005,0.426,13.2,17.1,9.6,7.5,20.8,3.4,-0.5,0.542,12.45454545,1.891495601,1.11143695,0.196480938,0.7683284459999999,2.873900293
Caleb Swanigan,Purdue  ,40.4237054,-86.92119459999999,81,260,169,75,56,159,59,73,11,14,0.614,0.11800000000000001,0.43799999999999994,6.8,-0.2,-0.9,0.7,16.5,-0.7,-6.2,0.47100000000000003,2.253333333,0.7466666670000001,0.973333333,0.146666667,0.18666666699999998,2.906666667
Wenyen Gabriel,	Kentucky  ,38.0306511,-84.5039697,81,220,60,28,8,28,18,16,6,10,0.7,0.3,0.435,9.6,0.2,0.0,0.2,14.5,-0.1,-3.9,0.547,2.142857143,0.28571428600000004,0.571428571,0.214285714,0.35714285700000004,1.642857143
Jaylen Hoard,	Wake Forest ,36.1355052,-80.2791958,80,216,38,13,4,18,14,4,0,5,0.615,0.0,0.469,14.9,0.2,0.1,0.1,17.2,0.0,-1.9,0.504,2.923076923,0.307692308,0.307692308,0.0,0.384615385,2.461538462
Zach Collins,Gonzaga  ,47.66703210000001,-117.4014343,83,232,831,146,129,399,158,141,99,42,0.73,0.324,0.442,10.9,3.7,0.8,2.9,16.0,-0.3,-2.5,0.53,5.691780822,0.883561644,0.965753425,0.6780821920000001,0.287671233,3.815068493
Jaylen Adams,St. Bonaventure  ,42.0794875,-78.48427029999999,74,190,108,34,65,49,11,28,5,14,0.778,0.33799999999999997,0.345,7.6,0.1,-0.1,0.2,13.5,-0.2,-4.3,0.474,3.176470588,1.911764706,0.8235294120000001,0.147058824,0.41176470600000004,1.764705882
Buddy Hield,Oklahoma  ,35.2058936,-97.4457137,76,220,4908,308,678,1041,253,521,81,241,0.8690000000000001,0.41100000000000003,0.442,15.6,13.1,7.2,5.9,24.6,6.0,0.8,0.5660000000000001,15.93506494,2.201298701,1.6915584419999998,0.262987013,0.7824675320000001,4.201298701
Harrison Barnes,North Carolina  ,35.9049122,-79.0469134,80,225,8263,604,982,2350,601,711,115,421,0.7959999999999999,0.375,0.447,13.3,33.9,17.7,16.3,19.7,4.6,-1.0,0.544,13.68046358,1.625827815,1.1771523179999999,0.19039735100000002,0.6970198679999999,4.8857615889999995
Cory Joseph,Texas  ,30.2849185,-97.7340567,75,200,4070,592,1703,1228,298,584,132,452,0.7659999999999999,0.331,0.441,12.2,24.0,10.8,13.1,15.8,3.9,-0.8,0.514,6.875,2.876689189,0.986486486,0.22297297300000002,0.763513514,2.577702703
De'Aaron Fox,Kentucky  ,38.0306511,-84.5039697,75,185,3163,199,1214,583,106,541,88,267,0.718,0.335,0.44799999999999995,16.3,8.5,3.7,4.9,25.4,2.5,-0.3,0.528,15.89447236,6.1005025129999995,2.718592965,0.442211055,1.341708543,3.462311558
Harry Giles,Duke  ,36.0014258,-78.9382286,83,240,673,96,134,282,99,108,36,52,0.679,0.0,0.524,15.2,2.4,0.7,1.7,21.7,-0.1,-2.2,0.5479999999999999,7.010416667,1.3958333330000001,1.125,0.375,0.541666667,3.96875
Richaun Holmes,Bowling Green  ,41.3797788,-83.6300826,82,240,2229,265,251,867,446,213,258,162,0.7240000000000001,0.257,0.584,19.0,17.0,11.1,6.0,17.5,3.3,0.7,0.625,8.411320755,0.947169811,0.803773585,0.9735849059999999,0.611320755,4.954716981
Justin James,Wyoming  ,41.3148754,-105.5665744,79,190,85,34,16,24,6,8,9,6,0.47600000000000003,0.34600000000000003,0.423,11.5,0.2,0.0,0.2,19.0,0.1,-0.7,0.48700000000000004,2.5,0.470588235,0.235294118,0.264705882,0.176470588,0.882352941
Kent Bazemore,Old Dominion  ,36.8858594,-76.3057051,76,195,4761,547,1004,1562,195,796,266,560,0.726,0.35,0.413,11.8,11.7,-2.9,14.5,20.2,2.1,-1.3,0.52,8.703839122,1.835466179,1.455210238,0.486288848,1.0237659959999998,3.212065814
Alex Len,Maryland  ,38.9869183,-76.9425543,84,250,3683,461,392,1950,943,572,459,190,0.69,0.33,0.495,15.3,17.8,8.6,9.2,18.1,-0.1,-2.0,0.552,7.989154012999999,0.85032538,1.2407809109999999,0.995661605,0.412147505,6.275488069
Jabari Parker,Duke  ,36.0014258,-78.9382286,80,245,4208,280,585,1187,427,512,111,263,0.7390000000000001,0.324,0.49200000000000005,16.3,12.8,6.5,6.3,23.5,2.3,-0.9,0.551,15.02857143,2.089285714,1.8285714290000001,0.396428571,0.939285714,5.764285714
Corey Brewer,Florida  ,29.6436325,-82.3549302,81,186,7092,814,1248,1668,611,948,222,1019,0.713,0.284,0.425,11.8,22.5,5.6,16.8,18.6,2.0,-1.6,0.502,8.712530713,1.5331695330000001,1.164619165,0.272727273,1.251842752,2.7997542999999996
DeMar DeRozan,USC  ,34.0223519,-118.285117,78,220,16283,813,2893,2938,607,1669,235,803,0.8290000000000001,0.28300000000000003,0.457,18.2,66.5,47.0,19.5,27.1,16.5,0.4,0.541,20.02829028,3.5584255839999996,2.052890529,0.28905289100000003,0.9876998770000001,4.3603936039999995
Derrick White,Colorado  ,40.00758099999999,-105.2659417,76,190,1350,145,478,396,70,178,105,110,0.8140000000000001,0.359,0.47,15.3,7.5,4.5,3.0,17.8,2.5,0.9,0.5720000000000001,9.310344828,3.296551724,1.227586207,0.7241379309999999,0.75862069,3.213793103
Rudy Gay,Connecticut  ,41.8077414,-72.2539805,80,230,16062,939,2066,4223,1312,2086,716,1133,0.7979999999999999,0.345,0.456,16.7,56.4,26.1,30.3,24.5,21.6,0.7,0.536,17.10543131,2.200212993,2.2215122469999997,0.762513312,1.206602769,5.89456869
Dejounte Murray,Washington  ,38.6487895,-90.31079620000001,76,170,1403,177,516,653,183,280,53,205,0.7390000000000001,0.354,0.456,15.4,5.8,0.3,5.5,20.9,2.0,0.3,0.508,7.926553672000001,2.915254237,1.581920904,0.299435028,1.15819209,4.723163842
Jakob Poeltl,Utah  ,40.7649368,-111.8421021,85,230,1461,271,264,753,525,207,272,115,0.5429999999999999,0.5,0.638,17.7,15.6,9.6,6.1,13.6,3.3,1.0,0.635,5.391143911,0.9741697420000001,0.7638376379999999,1.003690037,0.424354244,4.715867159
Bryn Forbes,Michigan State  ,42.701848,-84.4821719,74,190,2323,261,386,454,44,185,6,107,0.8009999999999999,0.4,0.431,10.7,7.4,4.3,3.1,17.6,-0.5,-2.4,0.5589999999999999,8.900383142,1.478927203,0.7088122609999999,0.022988506000000002,0.409961686,1.9080459769999998
Trey Lyles,Kentucky  ,38.0306511,-84.5039697,81,234,2602,351,375,1211,277,297,123,140,0.708,0.341,0.433,13.1,10.3,3.3,6.9,19.4,1.3,-1.2,0.527,7.413105412999999,1.068376068,0.846153846,0.35042735,0.398860399,4.239316239
LaMarcus Aldridge,Texas  ,30.2849185,-97.7340567,83,260,19599,1003,1985,5676,2684,1572,1111,733,0.8109999999999999,0.312,0.491,20.8,111.4,70.4,41.1,25.9,32.4,1.7,0.5429999999999999,19.54037886,1.9790628119999998,1.567298106,1.1076769690000001,0.730807577,8.334995015
Drew Eubanks,	Oregon State  ,44.5637806,-123.2794443,81,245,92,37,12,55,14,18,11,4,0.792,1.0,0.667,15.2,0.6,0.3,0.3,14.9,0.0,-2.5,0.713,2.486486486,0.324324324,0.486486486,0.297297297,0.10810810800000001,1.864864865
Chimezie Metu,USC  ,34.0223519,-118.285117,81,225,97,45,19,43,19,20,6,7,0.76,0.0,0.419,12.8,-0.1,-0.3,0.2,24.9,-0.2,-4.8,0.466,2.155555556,0.42222222200000004,0.444444444,0.133333333,0.15555555599999998,1.377777778
Keldon Johnson,Kentucky  ,38.0306511,-84.5039697,77,211,41,9,6,12,5,3,1,5,0.7,0.4,0.516,16.6,0.2,0.2,0.1,18.1,0.0,-0.9,0.579,4.555555556,0.666666667,0.333333333,0.111111111,0.5555555560000001,1.888888889
Tyler Zeller,North Carolina  ,35.9049122,-79.0469134,84,253,2871,412,367,1182,634,348,241,104,0.764,0.28600000000000003,0.509,14.9,17.1,10.4,6.6,17.8,0.0,-2.0,0.5539999999999999,6.968446602,0.890776699,0.844660194,0.584951456,0.25242718399999997,4.40776699
Terence Davis,	Ole Miss ,34.3647349,-89.5383818,76,205,495,64,107,171,46,65,12,32,0.865,0.396,0.46299999999999997,14.5,3.0,1.4,1.6,18.9,0.9,1.3,0.598,7.734375,1.671875,1.015625,0.1875,0.5,3.390625
OG Anunoby,Indiana  ,39.1754487,-86.512627,79,232,1582,204,201,546,176,175,78,186,0.638,0.36200000000000004,0.48,11.2,10.1,3.5,6.6,14.1,1.8,-0.5,0.578,7.754901961,0.985294118,0.857843137,0.382352941,0.9117647059999999,3.5392156860000004
Chris Boucher,Oregon  ,44.0448302,-123.0726055,81,200,441,84,25,189,110,30,77,26,0.805,0.292,0.45399999999999996,20.2,3.9,1.9,2.0,20.2,0.8,1.6,0.5670000000000001,5.25,0.297619048,0.35714285700000004,0.916666667,0.30952381,3.55952381
Pascal Siakam,New Mexico State  ,32.2787745,-106.7479059,81,230,3425,269,615,1173,324,386,188,214,0.7659999999999999,0.33299999999999996,0.504,16.8,20.7,10.3,10.4,20.7,6.1,1.5,0.58,12.73234201,2.286245353,1.4349442380000001,0.6988847579999999,0.795539033,5.565055762
Rondae Hollis-Jefferson,Arizona  ,32.2318851,-110.9501094,78,217,2690,286,550,1208,421,380,157,274,0.738,0.214,0.44799999999999995,14.7,12.3,4.0,8.3,19.6,2.2,-0.7,0.518,9.405594406,1.9230769230000002,1.328671329,0.548951049,0.9580419579999999,5.695804196
Kyle Lowry,Villanova  ,40.0378952,-75.34333149999999,72,196,13381,908,5623,3171,734,2101,263,1226,0.809,0.366,0.423,18.4,93.5,63.1,30.4,21.7,38.0,3.2,0.565,14.73678414,6.192731277999999,2.313876652,0.289647577,1.350220264,4.3006607930000005
Norman Powell,UCLA  ,34.068921,-118.4451811,75,215,2531,299,387,604,95,297,70,212,0.816,0.359,0.457,13.5,11.5,4.7,6.8,19.9,2.3,-0.3,0.569,8.464882943,1.294314381,0.993311037,0.234113712,0.7090301,2.3377926419999997
Matt Thomas,Iowa State  ,42.0266573,-93.64645159999999,76,190,150,33,17,41,7,12,0,8,0.7,0.467,0.486,13.6,0.9,0.5,0.4,17.0,0.3,1.4,0.65,4.545454545,0.515151515,0.363636364,0.0,0.24242424199999998,1.454545455
Patrick McCaw,UNLV  ,36.1085197,-115.1431709,79,185,755,194,266,253,63,123,31,137,0.779,0.305,0.419,7.8,4.2,0.5,3.7,11.2,-0.7,-2.8,0.51,3.891752577,1.371134021,0.634020619,0.159793814,0.706185567,1.628865979
Malcolm Miller,Holy Cross  ,42.2392391,-71.8079608,79,210,96,50,12,28,6,9,5,6,0.5710000000000001,0.39299999999999996,0.41,8.3,0.5,0.2,0.3,12.7,0.0,-1.6,0.57,1.92,0.24,0.18,0.1,0.12,0.68
Stanley Johnson,Arizona  ,32.2318851,-110.9501094,78,245,2008,305,431,822,164,351,66,270,0.765,0.29100000000000004,0.37200000000000005,8.6,3.2,-4.7,7.9,17.5,-1.5,-2.9,0.465,6.583606557,1.413114754,1.1508196720000001,0.21639344300000002,0.8852459020000001,3.232786885
Oshae Brissett,	Syracuse  ,43.0391534,-76.1351158,79,210,37,19,7,17,9,7,1,4,0.8,0.2,0.361,6.7,0.1,-0.1,0.2,15.0,-0.1,-5.4,0.45799999999999996,1.947368421,0.36842105299999994,0.36842105299999994,0.052631579000000005,0.21052631600000002,1.368421053
Paul Watson,Fresno State  ,36.8133631,-119.7460947,79,215,1,5,5,4,0,0,1,1,0.5,0.0,0.0,-0.5,-0.1,-0.1,0.0,14.8,0.0,-7.3,0.055999999999999994,0.2,1.0,0.0,0.2,0.2,0.8
Royce O'Neale,Baylor  ,31.5488923,-97.1130573,76,226,1169,215,382,791,69,175,68,137,0.772,0.38,0.447,9.6,9.7,3.1,6.6,11.2,2.5,0.1,0.5720000000000001,5.437209302,1.776744186,0.813953488,0.31627907,0.637209302,4.0
Donovan Mitchell,Louisville  ,38.2122761,-85.75850229999999,73,215,4970,219,877,733,155,600,70,290,0.821,0.355,0.44,17.5,15.4,5.7,9.7,30.6,6.5,1.4,0.545,22.69406393,4.00456621,2.7397260269999997,0.319634703,1.3242009129999999,4.054794521
Georges Niang,Iowa State  ,42.0266573,-93.64645159999999,79,230,601,149,78,194,28,57,11,28,0.84,0.395,0.444,11.7,2.7,1.2,1.5,17.6,0.5,-0.6,0.583,4.0335570469999995,0.523489933,0.382550336,0.073825503,0.187919463,1.4899328859999998
Tony Bradley,North Carolina  ,35.9049122,-79.0469134,82,248,258,62,19,139,103,26,27,14,0.659,0.5,0.626,21.0,2.8,1.8,1.0,16.6,0.4,0.4,0.6409999999999999,4.161290323,0.306451613,0.419354839,0.435483871,0.225806452,3.903225806
Mike Conley,Ohio State  ,40.0066723,-83.0304546,73,175,12300,829,4687,2093,367,1662,166,1192,0.818,0.375,0.439,17.5,73.5,46.6,26.8,21.8,29.3,2.3,0.547,14.837153200000001,5.653799759,2.00482509,0.200241255,1.43787696,2.967430639
Jordan Clarkson,Missouri  ,38.9403808,-92.32773750000001,76,194,6573,445,1152,1020,384,739,61,385,0.818,0.341,0.447,15.6,14.0,10.5,3.5,24.7,3.9,-0.7,0.537,14.77078652,2.588764045,1.6606741569999999,0.137078652,0.865168539,3.15505618
Ed Davis,North Carolina  ,35.9049122,-79.0469134,81,225,4197,665,507,2903,1524,520,544,332,0.583,0.0,0.568,16.5,41.7,24.4,17.3,14.0,6.2,-0.1,0.5820000000000001,6.311278195,0.762406015,0.781954887,0.8180451129999999,0.49924812,6.657142857
Rayjon Tucker,Little Rock ,34.7240568,-92.3388872,77,210,19,14,2,11,2,3,0,1,0.6,0.0,0.42100000000000004,4.5,0.0,-0.1,0.1,13.6,-0.1,-7.9,0.44799999999999995,1.357142857,0.14285714300000002,0.214285714,0.0,0.071428571,0.9285714290000001
Nigel Williams-Goss,Gonzaga  ,47.66703210000001,-117.4014343,74,190,4,9,5,3,2,2,1,1,1.0,0.0,0.14300000000000002,5.7,0.0,-0.1,0.0,15.5,0.0,-3.9,0.254,0.444444444,0.5555555560000001,0.222222222,0.111111111,0.111111111,0.5555555560000001
Troy Brown Jr.,Oregon  ,44.0448302,-123.0726055,78,215,842,113,222,371,99,95,11,97,0.733,0.336,0.441,12.9,2.8,1.4,1.3,16.9,0.1,-1.7,0.519,7.4513274339999995,1.96460177,0.840707965,0.09734513300000001,0.85840708,4.159292035
Bradley Beal,Florida  ,29.6436325,-82.3549302,75,207,11425,545,2171,1719,450,1241,214,622,0.807,0.38,0.452,17.8,41.5,27.1,14.4,26.6,17.0,1.6,0.5589999999999999,20.96330275,3.983486239,2.27706422,0.39266055,1.141284404,3.979816514
Rui Hachimura,Gonzaga  ,47.66703210000001,-117.4014343,80,230,548,41,70,185,63,41,7,34,0.8290000000000001,0.27399999999999997,0.478,13.9,1.7,1.3,0.4,18.7,-0.3,-3.0,0.5429999999999999,13.36585366,1.707317073,1.0,0.17073170699999998,0.8292682929999999,6.048780487999999
Thomas Bryant,Indiana  ,39.1754487,-86.512627,82,248,1240,125,169,540,191,110,102,40,0.755,0.344,0.604,20.3,8.5,6.6,1.9,17.8,2.1,1.5,0.662,9.92,1.3519999999999999,0.88,0.816,0.32,5.848
Moritz Wagner,Michigan  ,42.2780436,-83.7382241,83,245,559,80,73,209,68,94,30,33,0.815,0.313,0.506,14.1,2.0,1.0,0.9,19.9,-0.2,-2.6,0.61,6.9875,0.9125,1.175,0.375,0.4125,3.4625
Admiral Schofield,Tennessee  ,35.9544013,-83.92945639999999,77,241,83,27,14,28,6,7,3,8,0.6920000000000001,0.298,0.4,6.8,0.1,0.1,0.0,12.5,-0.2,-5.3,0.514,3.074074074,0.518518519,0.25925925899999996,0.111111111,0.296296296,1.259259259
Gary Payton II,Oregon State  ,44.5637806,-123.2794443,75,190,213,61,86,98,40,38,15,46,0.455,0.256,0.414,10.5,0.6,-0.1,0.7,14.9,-0.1,-2.5,0.46399999999999997,3.491803279,1.409836066,0.62295082,0.24590163899999998,0.7540983609999999,2.262295082
Jerome Robinson,Boston College  ,42.3355488,-71.16849450000001,76,190,313,88,84,135,12,47,17,33,0.684,0.304,0.365,6.4,0.1,-0.8,1.0,15.2,-0.7,-4.6,0.457,3.5568181819999998,0.954545455,0.534090909,0.193181818,0.375,1.670454545
Shabazz Napier,Connecticut  ,41.8077414,-72.2539805,72,175,2382,340,840,542,103,435,46,283,0.815,0.34600000000000003,0.397,13.0,8.3,2.8,5.5,19.8,2.1,-0.6,0.532,7.005882353,2.470588235,1.279411765,0.13529411800000002,0.8323529409999999,1.8970588240000001
Johnathan Williams,Gonzaga  ,47.66703210000001,-117.4014343,81,228,192,35,19,79,63,20,13,9,0.5660000000000001,0.0,0.6,14.9,1.4,1.0,0.4,14.6,-0.1,-2.8,0.606,5.485714286,0.542857143,0.571428571,0.37142857100000004,0.257142857,4.057142857
Jerian Grant,Notre Dame  ,41.7055716,-86.2353388,76,205,1665,273,796,434,90,271,32,204,0.7709999999999999,0.324,0.41200000000000003,12.6,8.3,4.0,4.3,16.8,0.6,-1.5,0.52,6.098901099,2.9157509160000004,0.9926739929999999,0.117216117,0.747252747,1.9194139190000001
Jarrod Uthoff,Iowa  ,41.66270780000001,-91.5549771,81,221,44,13,9,14,9,3,4,3,0.778,0.231,0.37799999999999995,12.4,0.2,0.0,0.1,18.7,0.0,-3.5,0.449,3.384615385,0.692307692,0.23076923100000002,0.307692308,0.23076923100000002,1.769230769
John Wall,Kentucky  ,38.0306511,-84.5039697,76,210,10879,573,5282,2153,330,2191,396,976,0.7809999999999999,0.324,0.433,19.4,44.3,21.5,22.8,27.4,23.6,2.6,0.519,18.98603839,9.218150087,3.823734729,0.691099476,1.703315881,4.333333333
