Name,Career Height,Career Weight,Career Points,Career Games,Career Assists,Career Def Rebounds,Career Off Rebounds,Career Turnovers,Career Blocks,Career Steals,Career Free Throw Percentage,Career Three Point Percentage,Career Field Goal Percentage,Career PER,Career Win Shares,Offensive Win Shares,Defensive Win Shares,Career Usage Percentage,VORP,Box Plus Minus,True Shooting Per,PPG,APG,TPG,BPG,SPG,RPG
De'Andre Hunter,79.0,225.0,778.0,63.0,112.0,242.0,44.0,103.0,18.0,44.0,0.764,0.355,0.41,8.6,0.1,-0.4,0.5,17.5,-1.4,-4.7,0.521,12.34920634920635,1.7777777777777777,1.6349206349206349,0.2857142857142857,0.6984126984126984,4.5396825396825395
Trae Young,73.0,180.0,3327.0,141.0,1213.0,460.0,96.0,597.0,23.0,137.0,0.847,0.344,0.428,20.2,9.1,7.8,1.3,31.4,4.0,1.5,0.567,23.595744680851062,8.602836879432624,4.23404255319149,0.16312056737588654,0.9716312056737588,3.9432624113475176
Vince Carter,78.0,220.0,25728.0,1541.0,4714.0,4948.0,1658.0,2590.0,888.0,1530.0,0.798,0.371,0.435,18.6,125.3,80.7,44.6,26.3,57.9,3.0,0.536,16.695652173913043,3.0590525632706034,1.680726800778715,0.5762491888384166,0.9928617780661908,4.286826735885788
Cam Reddish,80.0,218.0,610.0,58.0,87.0,181.0,35.0,96.0,28.0,62.0,0.802,0.332,0.384,9.0,-0.4,-1.2,0.8,18.9,-0.9,-4.2,0.5,10.517241379310345,1.5,1.6551724137931034,0.4827586206896552,1.0689655172413792,3.7241379310344827
Kevin Huerter,79.0,190.0,1411.0,131.0,427.0,378.0,95.0,196.0,52.0,116.0,0.783,0.383,0.416,10.8,3.0,1.7,1.3,16.3,0.0,-2.0,0.535,10.770992366412214,3.2595419847328246,1.4961832061068703,0.3969465648854962,0.8854961832061069,3.6106870229007635
Bruno Fernando,81.0,240.0,240.0,56.0,49.0,131.0,67.0,42.0,17.0,18.0,0.569,0.135,0.518,11.9,0.8,0.4,0.4,15.3,-0.4,-4.1,0.542,4.285714285714286,0.875,0.75,0.30357142857142855,0.32142857142857145,3.5357142857142856
Damian Jones,83.0,245.0,480.0,104.0,65.0,199.0,119.0,54.0,72.0,40.0,0.676,0.222,0.666,14.4,4.4,3.1,1.3,11.6,0.2,-1.6,0.686,4.615384615384615,0.625,0.5192307692307693,0.6923076923076923,0.38461538461538464,3.0576923076923075
DeAndre' Bembry,77.0,210.0,1173.0,189.0,360.0,531.0,110.0,265.0,77.0,189.0,0.592,0.269,0.448,9.9,1.0,-2.4,3.4,16.2,-0.8,-2.8,0.5,6.2063492063492065,1.9047619047619047,1.402116402116402,0.4074074074074074,1.0,3.391534391534391
John Collins,81.0,235.0,2850.0,176.0,279.0,1041.0,511.0,300.0,185.0,100.0,0.757,0.369,0.571,21.0,16.4,12.2,4.2,21.4,3.9,1.1,0.634,16.193181818181817,1.5852272727272727,1.7045454545454546,1.0511363636363635,0.5681818181818182,8.818181818181818
Brandon Goodwin,72.0,180.0,229.0,50.0,65.0,63.0,12.0,32.0,4.0,12.0,0.902,0.301,0.385,11.3,0.1,-0.1,0.2,22.5,-0.2,-3.7,0.496,4.58,1.3,0.64,0.08,0.24,1.5
Jeff Teague,75.0,195.0,9690.0,771.0,4453.0,1642.0,259.0,1739.0,265.0,902.0,0.844,0.356,0.445,17.0,50.8,30.6,20.3,22.5,14.4,0.7,0.549,12.568093385214008,5.775616083009079,2.2555123216601816,0.3437094682230869,1.1699092088197147,2.4656290531776914
Treveon Graham,77.0,219.0,757.0,180.0,144.0,279.0,121.0,76.0,16.0,76.0,0.691,0.333,0.383,7.6,2.8,1.0,1.8,12.3,-1.3,-3.8,0.497,4.205555555555556,0.8,0.4222222222222222,0.08888888888888889,0.4222222222222222,2.2222222222222223
Dewayne Dedmon,84.0,245.0,2521.0,394.0,273.0,1747.0,617.0,389.0,342.0,216.0,0.732,0.333,0.516,14.7,17.6,7.2,10.4,15.3,1.6,-1.1,0.584,6.398477157360406,0.6928934010152284,0.9873096446700508,0.868020304568528,0.5482233502538071,6.0
Jarrett Allen,83.0,243.0,2235.0,222.0,269.0,1180.0,551.0,262.0,300.0,111.0,0.694,0.167,0.609,19.0,20.0,12.3,7.8,15.7,4.4,1.2,0.644,10.067567567567568,1.2117117117117118,1.1801801801801801,1.3513513513513513,0.5,7.797297297297297
Joe Harris,78.0,220.0,3452.0,331.0,535.0,850.0,190.0,399.0,64.0,151.0,0.779,0.426,0.479,12.3,14.7,9.5,5.3,17.0,2.5,-0.7,0.614,10.429003021148036,1.6163141993957704,1.2054380664652569,0.1933534743202417,0.4561933534743202,3.1419939577039275
Spencer Dinwiddie,77.0,215.0,4103.0,317.0,1578.0,742.0,133.0,560.0,90.0,214.0,0.793,0.318,0.41,15.5,18.3,12.6,5.7,22.6,4.8,0.4,0.542,12.943217665615142,4.977917981072555,1.7665615141955835,0.28391167192429023,0.6750788643533123,2.7602523659305995
Taurean Prince,79.0,218.0,3008.0,260.0,503.0,979.0,147.0,479.0,113.0,238.0,0.818,0.366,0.412,11.2,5.1,-1.3,6.5,20.3,0.2,-1.9,0.536,11.569230769230769,1.9346153846153846,1.8423076923076922,0.4346153846153846,0.9153846153846154,4.3307692307692305
Garrett Temple,77.0,195.0,3659.0,576.0,990.0,1089.0,228.0,540.0,181.0,486.0,0.739,0.347,0.403,9.6,13.8,2.0,11.8,14.8,0.2,-1.9,0.519,6.352430555555555,1.71875,0.9375,0.3142361111111111,0.84375,2.2864583333333335
DeAndre Jordan,83.0,265.0,8301.0,875.0,818.0,6650.0,2801.0,1209.0,1402.0,508.0,0.474,0.091,0.669,18.6,88.6,48.3,40.3,14.1,20.9,1.4,0.639,9.486857142857144,0.9348571428571428,1.3817142857142857,1.6022857142857143,0.5805714285714285,10.801142857142857
Caris LeVert,78.0,205.0,2715.0,213.0,764.0,628.0,160.0,399.0,54.0,226.0,0.708,0.339,0.433,14.4,7.3,2.2,5.1,23.1,2.0,-0.5,0.523,12.746478873239436,3.5868544600938965,1.8732394366197183,0.2535211267605634,1.0610328638497653,3.699530516431925
Wilson Chandler,80.0,235.0,8463.0,676.0,1205.0,2808.0,766.0,931.0,414.0,470.0,0.77,0.341,0.443,12.8,29.0,15.2,13.7,19.1,3.5,-1.3,0.53,12.51923076923077,1.782544378698225,1.3772189349112427,0.6124260355029586,0.6952662721893491,5.28698224852071
Kyrie Irving,74.0,195.0,11842.0,528.0,3012.0,1548.0,407.0,1395.0,187.0,699.0,0.877,0.39,0.466,22.2,61.3,45.8,15.5,29.3,29.2,4.5,0.572,22.428030303030305,5.704545454545454,2.6420454545454546,0.3541666666666667,1.3238636363636365,3.702651515151515
Chris Chiozza,71.0,175.0,148.0,35.0,87.0,47.0,10.0,33.0,5.0,22.0,1.0,0.377,0.385,11.6,0.5,0.0,0.4,17.7,0.1,-1.2,0.493,4.228571428571429,2.4857142857142858,0.9428571428571428,0.14285714285714285,0.6285714285714286,1.6285714285714286
Nicolas Claxton,83.0,215.0,66.0,15.0,16.0,25.0,19.0,9.0,8.0,1.0,0.524,0.143,0.563,14.8,0.5,0.3,0.2,14.8,0.1,-0.6,0.577,4.4,1.0666666666666667,0.6,0.5333333333333333,0.06666666666666667,2.9333333333333336
Justin Anderson,78.0,230.0,1182.0,226.0,151.0,438.0,137.0,133.0,74.0,97.0,0.774,0.296,0.413,12.6,4.6,1.3,3.3,18.8,0.5,-1.4,0.525,5.230088495575221,0.668141592920354,0.588495575221239,0.3274336283185841,0.42920353982300885,2.5442477876106193
Jeremiah Martin,75.0,185.0,64.0,9.0,18.0,9.0,1.0,4.0,2.0,7.0,0.786,0.278,0.453,21.8,0.4,0.2,0.1,26.7,0.1,3.2,0.541,7.111111111111111,2.0,0.4444444444444444,0.2222222222222222,0.7777777777777778,1.1111111111111112
Tyler Johnson,75.0,186.0,3242.0,309.0,759.0,802.0,178.0,354.0,137.0,271.0,0.776,0.359,0.429,13.4,15.8,7.3,8.4,18.8,3.9,0.0,0.537,10.491909385113269,2.4563106796116503,1.145631067961165,0.44336569579288027,0.8770226537216829,3.1715210355987056
Lance Thomas,80.0,240.0,2050.0,399.0,266.0,728.0,293.0,266.0,55.0,148.0,0.799,0.381,0.416,8.3,5.3,2.4,2.9,13.9,-4.2,-4.3,0.51,5.137844611528822,0.6666666666666666,0.6666666666666666,0.13784461152882205,0.37092731829573933,2.5588972431077694
Jamal Crawford,77.0,185.0,19419.0,1327.0,4541.0,2482.0,466.0,2476.0,271.0,1179.0,0.862,0.348,0.41,15.1,60.7,42.1,18.6,24.1,18.4,-0.1,0.529,14.633760361718162,3.4220045214770156,1.86586284853052,0.20422004521477016,0.8884702336096458,2.2215523737754332
Kevin Durant,82.0,240.0,22940.0,849.0,3486.0,5375.0,617.0,2653.0,941.0,948.0,0.883,0.381,0.493,25.2,141.7,101.0,40.8,30.1,69.0,6.7,0.613,27.02002355712603,4.106007067137809,3.1248527679623086,1.1083627797408717,1.11660777385159,7.057714958775029
Brad Wanamaker,75.0,210.0,627.0,107.0,235.0,160.0,25.0,95.0,16.0,73.0,0.915,0.376,0.454,13.1,4.5,2.4,2.1,15.8,0.6,-0.6,0.581,5.859813084112149,2.196261682242991,0.8878504672897196,0.14953271028037382,0.6822429906542056,1.7289719626168223
Grant Williams,78.0,236.0,237.0,69.0,68.0,119.0,59.0,50.0,36.0,30.0,0.722,0.25,0.412,7.9,1.6,0.1,1.4,11.6,-0.2,-2.7,0.505,3.4347826086956523,0.9855072463768116,0.7246376811594203,0.5217391304347826,0.43478260869565216,2.579710144927536
Semi Ojeleye,78.0,240.0,617.0,198.0,80.0,305.0,87.0,63.0,13.0,52.0,0.688,0.34,0.391,6.6,3.7,0.8,2.9,10.3,-1.0,-3.4,0.522,3.1161616161616164,0.40404040404040403,0.3181818181818182,0.06565656565656566,0.26262626262626265,1.97979797979798
Jayson Tatum,80.0,210.0,3902.0,225.0,496.0,1155.0,184.0,391.0,172.0,260.0,0.829,0.401,0.457,16.8,18.9,7.8,11.1,23.3,6.5,1.6,0.566,17.342222222222222,2.2044444444444444,1.7377777777777779,0.7644444444444445,1.1555555555555554,5.9511111111111115
Marcus Smart,75.0,220.0,3950.0,401.0,1628.0,1073.0,357.0,684.0,150.0,630.0,0.775,0.318,0.373,12.1,20.7,5.1,15.6,17.3,5.0,-0.3,0.501,9.850374064837906,4.059850374064838,1.7057356608478802,0.3740648379052369,1.571072319201995,3.566084788029925
Jaylen Brown,78.0,223.0,3655.0,279.0,396.0,1005.0,238.0,416.0,96.0,239.0,0.678,0.371,0.468,13.9,13.9,4.4,9.5,21.8,1.6,-1.2,0.561,13.100358422939069,1.4193548387096775,1.4910394265232976,0.34408602150537637,0.8566308243727598,4.455197132616488
Kemba Walker,72.0,184.0,13154.0,661.0,3576.0,2149.0,385.0,1434.0,261.0,847.0,0.837,0.36,0.419,19.4,54.4,35.2,19.3,27.3,27.8,2.9,0.538,19.90015128593041,5.409984871406959,2.1694402420574885,0.394856278366112,1.281391830559758,3.8335854765506805
Gordon Hayward,79.0,225.0,9813.0,641.0,2218.0,2337.0,483.0,1260.0,260.0,627.0,0.823,0.366,0.451,17.5,53.7,35.5,18.2,22.8,21.0,2.2,0.567,15.308892355694228,3.4602184087363494,1.965678627145086,0.40561622464898595,0.9781591263650546,4.399375975039002
Javonte Green,76.0,205.0,163.0,48.0,26.0,69.0,24.0,23.0,8.0,24.0,0.667,0.273,0.5,13.1,1.1,0.4,0.8,15.3,0.2,-0.7,0.564,3.3958333333333335,0.5416666666666666,0.4791666666666667,0.16666666666666666,0.5,1.9375
Carsen Edwards,71.0,200.0,121.0,37.0,24.0,41.0,6.0,15.0,4.0,12.0,0.684,0.316,0.328,6.9,0.1,-0.3,0.4,18.4,-0.2,-4.6,0.444,3.27027027027027,0.6486486486486487,0.40540540540540543,0.10810810810810811,0.32432432432432434,1.2702702702702702
Romeo Langford,76.0,216.0,79.0,32.0,13.0,26.0,15.0,11.0,8.0,8.0,0.72,0.185,0.35,5.4,0.2,-0.2,0.4,11.8,-0.3,-4.9,0.434,2.46875,0.40625,0.34375,0.25,0.25,1.28125
Tremont Waters,70.0,175.0,40.0,11.0,16.0,12.0,0.0,15.0,2.0,10.0,1.0,0.167,0.286,4.3,-0.3,-0.5,0.2,24.2,-0.2,-7.5,0.381,3.6363636363636362,1.4545454545454546,1.3636363636363635,0.18181818181818182,0.9090909090909091,1.0909090909090908
Miles Bridges,78.0,225.0,1440.0,145.0,209.0,530.0,155.0,145.0,97.0,95.0,0.788,0.328,0.44,12.6,4.5,1.7,2.8,17.8,0.3,-1.7,0.531,9.931034482758621,1.4413793103448276,1.0,0.6689655172413793,0.6551724137931034,4.724137931034483
Devonte' Graham,73.0,195.0,1362.0,109.0,592.0,223.0,52.0,211.0,17.0,85.0,0.81,0.357,0.375,14.5,3.8,2.6,1.3,23.0,1.0,-0.6,0.523,12.495412844036696,5.431192660550459,1.9357798165137614,0.1559633027522936,0.7798165137614679,2.522935779816514
Terry Rozier,73.0,190.0,3224.0,335.0,890.0,1040.0,209.0,355.0,62.0,261.0,0.813,0.371,0.394,13.4,12.9,4.4,8.5,20.3,3.6,-0.1,0.512,9.623880597014926,2.656716417910448,1.0597014925373134,0.18507462686567164,0.7791044776119403,3.728358208955224
P.J. Washington,79.0,230.0,710.0,58.0,123.0,258.0,58.0,93.0,44.0,51.0,0.647,0.374,0.455,12.4,2.0,0.5,1.5,18.6,0.2,-1.6,0.547,12.241379310344827,2.1206896551724137,1.603448275862069,0.7586206896551724,0.8793103448275862,5.448275862068965
Cody Zeller,84.0,240.0,3611.0,419.0,583.0,1671.0,825.0,452.0,298.0,285.0,0.731,0.248,0.513,16.0,27.7,15.2,12.5,16.8,3.7,-0.5,0.571,8.618138424821002,1.3914081145584725,1.0787589498806682,0.711217183770883,0.6801909307875895,5.957040572792362
Malik Monk,75.0,200.0,1638.0,191.0,322.0,309.0,51.0,212.0,44.0,82.0,0.85,0.322,0.395,11.7,1.0,-0.9,1.8,24.1,-0.7,-2.9,0.51,8.575916230366492,1.6858638743455496,1.1099476439790577,0.23036649214659685,0.4293193717277487,1.8848167539267018
Cody Martin,77.0,205.0,238.0,48.0,95.0,120.0,38.0,44.0,9.0,39.0,0.646,0.234,0.43,10.5,1.0,0.2,0.8,13.6,0.0,-2.2,0.505,4.958333333333333,1.9791666666666667,0.9166666666666666,0.1875,0.8125,3.2916666666666665
Dwayne Bacon,78.0,221.0,715.0,135.0,137.0,286.0,27.0,78.0,9.0,51.0,0.718,0.345,0.403,7.9,0.3,-1.0,1.3,16.6,-1.6,-5.0,0.478,5.296296296296297,1.0148148148148148,0.5777777777777777,0.06666666666666667,0.37777777777777777,2.318518518518519
Caleb Martin,77.0,205.0,111.0,18.0,23.0,28.0,10.0,15.0,7.0,12.0,0.81,0.541,0.44,12.0,0.5,0.3,0.2,15.0,0.1,-1.0,0.595,6.166666666666667,1.2777777777777777,0.8333333333333334,0.3888888888888889,0.6666666666666666,2.111111111111111
Jalen McDaniels,82.0,205.0,89.0,16.0,13.0,50.0,15.0,11.0,3.0,8.0,0.824,0.375,0.471,10.7,0.5,0.2,0.2,13.3,-0.1,-3.3,0.574,5.5625,0.8125,0.6875,0.1875,0.5,4.0625
Kobi Simmons,77.0,166.0,196.0,33.0,68.0,36.0,14.0,44.0,5.0,18.0,1.0,0.282,0.423,7.7,-0.2,-0.4,0.2,17.0,-0.8,-6.9,0.49,5.9393939393939394,2.0606060606060606,1.3333333333333333,0.15151515151515152,0.5454545454545454,1.5151515151515151
Coby White,76.0,195.0,859.0,65.0,175.0,202.0,28.0,109.0,6.0,49.0,0.791,0.354,0.394,11.9,0.9,-0.5,1.4,24.4,-0.4,-2.8,0.506,13.215384615384615,2.6923076923076925,1.676923076923077,0.09230769230769231,0.7538461538461538,3.5384615384615383
Thaddeus Young,80.0,235.0,12703.0,965.0,1607.0,3783.0,1931.0,1395.0,390.0,1407.0,0.67,0.333,0.498,16.2,61.6,28.6,32.9,20.2,16.9,0.3,0.538,13.163730569948186,1.6652849740932643,1.4455958549222798,0.40414507772020725,1.4580310880829015,5.921243523316062
Zach LaVine,78.0,200.0,6240.0,353.0,1275.0,1116.0,163.0,897.0,95.0,336.0,0.819,0.375,0.447,15.7,12.0,7.1,4.9,26.3,3.8,-0.6,0.555,17.677053824362606,3.6118980169971673,2.5410764872521248,0.26912181303116145,0.9518413597733711,3.623229461756374
Ryan Arcidiacono,75.0,195.0,853.0,163.0,400.0,306.0,48.0,113.0,7.0,105.0,0.829,0.373,0.433,10.4,5.3,3.5,1.8,11.6,-0.3,-2.4,0.574,5.233128834355829,2.4539877300613497,0.6932515337423313,0.04294478527607362,0.6441717791411042,2.1717791411042944
Kris Dunn,75.0,205.0,1884.0,227.0,948.0,670.0,90.0,411.0,101.0,351.0,0.726,0.306,0.422,11.9,3.9,-2.5,6.3,18.7,0.2,-1.8,0.481,8.299559471365638,4.176211453744493,1.8105726872246697,0.44493392070484583,1.5462555066079295,3.3480176211453743
Lauri Markkanen,84.0,240.0,2744.0,170.0,228.0,1078.0,213.0,249.0,96.0,118.0,0.848,0.356,0.43,15.7,8.7,4.0,4.7,22.7,2.2,-0.3,0.555,16.141176470588235,1.3411764705882352,1.464705882352941,0.5647058823529412,0.6941176470588235,7.594117647058823
Wendell Carter Jr.,81.0,270.0,939.0,87.0,129.0,486.0,226.0,137.0,94.0,59.0,0.761,0.197,0.508,15.4,5.2,2.4,2.8,17.6,0.0,-2.0,0.566,10.793103448275861,1.4827586206896552,1.5747126436781609,1.0804597701149425,0.6781609195402298,8.183908045977011
Shaquille Harrison,79.0,190.0,835.0,139.0,243.0,305.0,64.0,101.0,56.0,149.0,0.706,0.293,0.448,14.0,3.7,1.0,2.7,17.1,1.0,-0.3,0.517,6.0071942446043165,1.7482014388489209,0.7266187050359713,0.4028776978417266,1.0719424460431655,2.654676258992806
Denzel Valentine,76.0,220.0,1320.0,170.0,350.0,550.0,68.0,174.0,24.0,121.0,0.753,0.366,0.401,10.9,3.6,0.4,3.2,17.7,0.4,-1.6,0.516,7.764705882352941,2.0588235294117645,1.0235294117647058,0.1411764705882353,0.711764705882353,3.635294117647059
Luke Kornet,86.0,250.0,671.0,102.0,112.0,222.0,61.0,51.0,84.0,44.0,0.776,0.339,0.4,13.8,2.9,1.4,1.6,17.6,1.1,0.6,0.531,6.578431372549019,1.0980392156862746,0.5,0.8235294117647058,0.43137254901960786,2.7745098039215685
Chandler Hutchison,79.0,210.0,447.0,72.0,60.0,244.0,49.0,52.0,13.0,50.0,0.595,0.295,0.458,10.1,1.2,-0.1,1.3,14.8,-0.5,-3.4,0.514,6.208333333333333,0.8333333333333334,0.7222222222222222,0.18055555555555555,0.6944444444444444,4.069444444444445
Otto Porter,80.0,198.0,4550.0,413.0,618.0,1561.0,476.0,331.0,183.0,486.0,0.789,0.404,0.482,15.6,29.9,17.3,12.6,16.9,10.4,1.7,0.579,11.016949152542374,1.4963680387409202,0.801452784503632,0.4430992736077482,1.1767554479418887,4.932203389830509
Max Strus,78.0,215.0,5.0,2.0,0.0,0.0,1.0,0.0,0.0,0.0,1.0,0.0,0.667,30.7,0.0,0.0,0.0,24.4,0.0,4.4,0.727,2.5,0.0,0.0,0.0,0.0,0.5
Collin Sexton,73.0,190.0,2720.0,147.0,435.0,322.0,118.0,343.0,13.0,109.0,0.843,0.392,0.45,14.0,1.9,2.1,-0.2,26.1,-1.7,-3.4,0.539,18.503401360544217,2.9591836734693877,2.3333333333333335,0.08843537414965986,0.7414965986394558,2.993197278911565
Darius Garland,73.0,192.0,728.0,59.0,229.0,84.0,27.0,151.0,4.0,42.0,0.875,0.355,0.401,8.5,-1.3,-1.3,0.0,20.7,-1.7,-5.6,0.498,12.338983050847459,3.8813559322033897,2.559322033898305,0.06779661016949153,0.711864406779661,1.8813559322033897
Tristan Thompson,81.0,254.0,5839.0,619.0,624.0,3278.0,2115.0,718.0,447.0,317.0,0.61,0.281,0.518,15.6,43.1,28.0,15.1,15.5,1.8,-1.6,0.546,9.432956381260096,1.0080775444264944,1.1599353796445881,0.7221324717285945,0.5121163166397416,8.712439418416801
Matthew Dellavedova,75.0,200.0,2427.0,434.0,1591.0,613.0,161.0,546.0,20.0,202.0,0.838,0.368,0.389,9.8,10.1,6.1,4.0,14.8,-2.5,-3.1,0.51,5.592165898617512,3.665898617511521,1.2580645161290323,0.04608294930875576,0.46543778801843316,1.7834101382488479
Kevin Love,80.0,251.0,12993.0,713.0,1697.0,5972.0,1972.0,1411.0,322.0,486.0,0.828,0.37,0.442,21.6,82.0,56.7,25.3,24.6,31.0,3.4,0.571,18.223001402524545,2.380084151472651,1.9789621318373072,0.45161290322580644,0.6816269284712483,11.141654978962132
Larry Nance Jr.,79.0,245.0,2562.0,315.0,559.0,1438.0,656.0,305.0,162.0,380.0,0.695,0.324,0.537,17.2,20.4,13.0,7.4,14.6,6.1,1.2,0.584,8.133333333333333,1.7746031746031745,0.9682539682539683,0.5142857142857142,1.2063492063492063,6.647619047619047
Kevin Porter Jr.,76.0,203.0,498.0,50.0,109.0,140.0,22.0,93.0,14.0,46.0,0.723,0.335,0.442,10.8,0.3,-0.3,0.6,20.5,-0.5,-3.8,0.535,9.96,2.18,1.86,0.28,0.92,3.2399999999999998
Alfonzo McKinnie,79.0,215.0,540.0,126.0,46.0,248.0,119.0,59.0,24.0,42.0,0.622,0.307,0.466,10.2,2.4,1.0,1.3,14.4,-0.9,-4.1,0.543,4.285714285714286,0.36507936507936506,0.46825396825396826,0.19047619047619047,0.3333333333333333,2.9126984126984126
Dean Wade,81.0,228.0,20.0,12.0,2.0,16.0,3.0,3.0,4.0,2.0,0.0,0.5,0.692,13.9,0.2,0.1,0.1,9.9,0.0,-1.2,0.744,1.6666666666666667,0.16666666666666666,0.25,0.3333333333333333,0.16666666666666666,1.5833333333333333
Andre Drummond,82.0,279.0,8671.0,599.0,778.0,5430.0,2858.0,1172.0,938.0,835.0,0.461,0.146,0.542,22.1,60.6,24.6,36.1,21.7,16.3,1.5,0.54,14.475792988313856,1.2988313856427378,1.9565943238731218,1.5659432387312187,1.3939899833055092,13.836393989983305
Jordan Bell,80.0,216.0,578.0,154.0,194.0,327.0,145.0,114.0,117.0,58.0,0.638,0.222,0.563,15.3,4.9,2.2,2.6,14.1,1.2,0.5,0.584,3.7532467532467533,1.2597402597402598,0.7402597402597403,0.7597402597402597,0.37662337662337664,3.064935064935065
Delon Wright,77.0,185.0,1965.0,271.0,780.0,622.0,207.0,269.0,99.0,280.0,0.79,0.342,0.45,15.8,14.9,7.8,7.1,16.8,5.5,2.1,0.546,7.250922509225092,2.878228782287823,0.992619926199262,0.36531365313653136,1.033210332103321,3.059040590405904
Tim Hardaway Jr.,77.0,205.0,6388.0,474.0,877.0,1102.0,163.0,524.0,66.0,297.0,0.816,0.353,0.421,13.7,19.5,13.1,6.4,22.2,3.1,-1.0,0.547,13.476793248945148,1.850210970464135,1.1054852320675106,0.13924050632911392,0.6265822784810127,2.6687763713080166
Dorian Finney-Smith,79.0,220.0,1759.0,254.0,302.0,731.0,360.0,209.0,104.0,176.0,0.725,0.33,0.426,10.3,9.7,4.3,5.4,13.1,0.7,-1.6,0.539,6.925196850393701,1.188976377952756,0.8228346456692913,0.4094488188976378,0.6929133858267716,4.2952755905511815
Justin Jackson,79.0,220.0,1396.0,214.0,222.0,455.0,98.0,83.0,37.0,75.0,0.788,0.324,0.431,10.1,5.0,3.0,2.0,14.5,-0.8,-2.7,0.53,6.5233644859813085,1.0373831775700935,0.3878504672897196,0.17289719626168223,0.35046728971962615,2.5841121495327104
Seth Curry,74.0,185.0,2574.0,256.0,447.0,419.0,88.0,251.0,31.0,177.0,0.838,0.443,0.475,14.3,12.7,9.0,3.7,18.2,3.4,0.4,0.611,10.0546875,1.74609375,0.98046875,0.12109375,0.69140625,1.98046875
Jalen Brunson,73.0,190.0,1144.0,130.0,418.0,256.0,47.0,154.0,8.0,59.0,0.759,0.352,0.467,13.6,4.7,3.1,1.6,19.6,0.4,-1.4,0.551,8.8,3.2153846153846155,1.1846153846153846,0.06153846153846154,0.45384615384615384,2.330769230769231
Dwight Powell,82.0,240.0,2867.0,371.0,364.0,1166.0,545.0,247.0,173.0,251.0,0.739,0.293,0.563,18.1,26.0,17.5,8.5,16.2,6.1,1.4,0.633,7.727762803234501,0.9811320754716981,0.6657681940700808,0.46630727762803237,0.6765498652291105,4.611859838274933
Courtney Lee,77.0,215.0,7765.0,811.0,1353.0,1763.0,364.0,762.0,213.0,809.0,0.853,0.388,0.451,12.2,39.3,20.9,18.4,16.1,7.9,-0.6,0.549,9.574599260172626,1.6683107274969173,0.9395807644882861,0.2626387176325524,0.9975339087546239,2.62268803945746
Willie Cauley-Stein,84.0,240.0,3361.0,349.0,553.0,1579.0,615.0,348.0,289.0,323.0,0.611,0.211,0.539,17.0,20.3,10.9,9.5,17.8,4.3,0.1,0.559,9.630372492836676,1.5845272206303724,0.997134670487106,0.828080229226361,0.9255014326647565,6.286532951289398
Michael Kidd-Gilchrist,78.0,232.0,3750.0,446.0,515.0,1717.0,703.0,400.0,304.0,296.0,0.715,0.272,0.474,13.4,21.0,9.6,11.5,16.2,0.6,-1.8,0.524,8.408071748878923,1.154708520179372,0.8968609865470852,0.6816143497757847,0.6636771300448431,5.426008968609866
Antonius Cleveland,77.0,195.0,34.0,28.0,3.0,16.0,5.0,9.0,8.0,8.0,0.636,0.429,0.343,4.0,-0.1,-0.3,0.2,12.7,-0.2,-6.5,0.427,1.2142857142857142,0.10714285714285714,0.32142857142857145,0.2857142857142857,0.2857142857142857,0.75
Trey Burke,72.0,185.0,4167.0,394.0,1384.0,641.0,150.0,496.0,45.0,226.0,0.8,0.345,0.41,14.1,11.6,7.4,4.2,23.3,2.0,-1.1,0.498,10.576142131979696,3.512690355329949,1.2588832487309645,0.11421319796954314,0.5736040609137056,2.0076142131979697
Josh Reaves,76.0,214.0,8.0,4.0,3.0,2.0,1.0,0.0,0.0,0.0,1.0,0.0,0.333,5.8,0.0,0.0,0.0,15.1,-0.1,-9.9,0.405,2.0,0.75,0.0,0.0,0.0,0.75
Monte Morris,74.0,183.0,1521.0,158.0,559.0,274.0,59.0,106.0,21.0,131.0,0.826,0.398,0.479,15.7,10.2,7.3,2.9,17.3,2.6,0.8,0.563,9.626582278481013,3.537974683544304,0.6708860759493671,0.13291139240506328,0.8291139240506329,2.1075949367088604
Jerami Grant,80.0,210.0,4220.0,454.0,484.0,1322.0,426.0,423.0,508.0,269.0,0.669,0.347,0.465,12.9,22.6,11.0,11.6,16.1,3.1,-0.9,0.559,9.295154185022026,1.066079295154185,0.9317180616740088,1.118942731277533,0.5925110132158591,3.850220264317181
Mason Plumlee,83.0,254.0,4426.0,532.0,1183.0,2254.0,1040.0,782.0,490.0,399.0,0.562,0.063,0.574,17.9,34.3,19.2,15.1,17.5,9.7,1.3,0.587,8.319548872180452,2.223684210526316,1.4699248120300752,0.9210526315789473,0.75,6.19172932330827
Jamal Murray,76.0,215.0,4621.0,297.0,1091.0,831.0,233.0,570.0,96.0,264.0,0.88,0.358,0.439,15.6,16.2,10.5,5.7,23.7,4.3,-0.1,0.55,15.558922558922559,3.6734006734006734,1.9191919191919191,0.32323232323232326,0.8888888888888888,3.5824915824915826
Will Barton,77.0,181.0,5492.0,496.0,1248.0,1716.0,373.0,677.0,205.0,371.0,0.786,0.347,0.434,14.6,20.6,11.1,9.6,21.0,6.2,0.0,0.531,11.07258064516129,2.5161290322580645,1.3649193548387097,0.41330645161290325,0.7479838709677419,4.211693548387097
Torrey Craig,79.0,221.0,908.0,172.0,144.0,387.0,192.0,89.0,97.0,72.0,0.66,0.32,0.451,10.4,6.0,3.0,3.0,12.4,-0.2,-2.2,0.547,5.27906976744186,0.8372093023255814,0.5174418604651163,0.563953488372093,0.4186046511627907,3.366279069767442
Gary Harris,76.0,210.0,4459.0,368.0,779.0,734.0,227.0,459.0,81.0,460.0,0.803,0.36,0.454,13.1,17.9,11.1,6.8,18.1,2.9,-0.9,0.558,12.116847826086957,2.1168478260869565,1.247282608695652,0.22010869565217392,1.25,2.6114130434782608
Michael Porter Jr.,82.0,218.0,512.0,55.0,46.0,193.0,66.0,49.0,25.0,27.0,0.833,0.422,0.509,19.8,2.9,1.8,1.1,22.3,0.8,1.5,0.617,9.309090909090909,0.8363636363636363,0.8909090909090909,0.45454545454545453,0.4909090909090909,4.709090909090909
Paul Millsap,79.0,257.0,13919.0,996.0,2251.0,5071.0,2226.0,1759.0,996.0,1266.0,0.737,0.343,0.49,18.9,91.7,48.0,43.7,21.9,29.1,2.0,0.56,13.974899598393574,2.2600401606425704,1.7660642570281124,1.0,1.2710843373493976,7.326305220883533
PJ Dozier,78.0,205.0,189.0,37.0,68.0,57.0,16.0,28.0,6.0,16.0,0.71,0.333,0.411,12.0,0.5,0.1,0.4,20.7,-0.2,-3.8,0.488,5.108108108108108,1.837837837837838,0.7567567567567568,0.16216216216216217,0.43243243243243246,1.972972972972973
Bol Bol,86.0,220.0,40.0,7.0,6.0,14.0,5.0,10.0,6.0,2.0,0.8,0.444,0.5,14.4,0.1,0.0,0.1,21.2,0.0,-2.9,0.617,5.714285714285714,0.8571428571428571,1.4285714285714286,0.8571428571428571,0.2857142857142857,2.7142857142857144
Keita Bates-Diop,80.0,229.0,439.0,74.0,47.0,169.0,41.0,31.0,38.0,37.0,0.699,0.303,0.426,11.3,1.5,0.6,0.9,15.1,-0.1,-2.2,0.521,5.9324324324324325,0.6351351351351351,0.4189189189189189,0.5135135135135135,0.5,2.8378378378378377
Noah Vonleh,82.0,257.0,1660.0,335.0,256.0,1271.0,470.0,265.0,136.0,137.0,0.691,0.31,0.46,12.0,9.3,3.3,6.0,14.1,-0.5,-2.4,0.527,4.955223880597015,0.764179104477612,0.7910447761194029,0.4059701492537313,0.408955223880597,5.197014925373134
Troy Daniels,76.0,200.0,2232.0,339.0,185.0,372.0,74.0,187.0,21.0,100.0,0.799,0.395,0.401,10.4,5.1,3.2,1.9,18.9,-0.4,-2.3,0.56,6.584070796460177,0.5457227138643068,0.551622418879056,0.061946902654867256,0.2949852507374631,1.3156342182890854
Langston Galloway,73.0,200.0,3452.0,405.0,694.0,844.0,202.0,250.0,64.0,295.0,0.81,0.367,0.396,11.5,13.7,7.3,6.5,17.1,1.4,-1.4,0.519,8.523456790123456,1.7135802469135804,0.6172839506172839,0.1580246913580247,0.7283950617283951,2.582716049382716
Christian Wood,82.0,214.0,1078.0,113.0,73.0,392.0,148.0,110.0,77.0,49.0,0.734,0.368,0.546,22.0,6.4,4.3,2.1,22.7,1.9,2.2,0.636,9.539823008849558,0.6460176991150443,0.9734513274336283,0.6814159292035398,0.4336283185840708,4.778761061946903
Tony Snell,78.0,213.0,3236.0,501.0,582.0,1018.0,138.0,289.0,118.0,237.0,0.838,0.385,0.428,9.1,16.1,8.0,8.0,12.6,0.0,-2.0,0.56,6.4590818363273454,1.1616766467065869,0.5768463073852296,0.23552894211576847,0.47305389221556887,2.3073852295409183
Bruce Brown,76.0,202.0,836.0,132.0,321.0,350.0,109.0,146.0,65.0,103.0,0.743,0.302,0.424,9.6,3.6,0.6,3.0,13.9,-0.2,-2.2,0.498,6.333333333333333,2.4318181818181817,1.106060606060606,0.49242424242424243,0.7803030303030303,3.477272727272727
Sviatoslav Mykhailiuk,79.0,205.0,637.0,98.0,143.0,114.0,26.0,82.0,5.0,55.0,0.767,0.385,0.389,9.8,1.5,0.6,0.9,16.9,-0.3,-2.7,0.545,6.5,1.4591836734693877,0.8367346938775511,0.05102040816326531,0.5612244897959183,1.4285714285714286
Derrick Rose,74.0,200.0,11185.0,596.0,3334.0,1534.0,497.0,1576.0,204.0,450.0,0.827,0.304,0.456,18.3,39.7,24.5,15.2,28.0,16.5,1.3,0.526,18.766778523489933,5.593959731543624,2.6442953020134228,0.3422818791946309,0.7550335570469798,3.407718120805369
Luke Kennard,77.0,206.0,1613.0,164.0,353.0,415.0,42.0,169.0,29.0,82.0,0.863,0.402,0.441,12.6,7.0,4.0,3.0,18.2,1.2,-0.8,0.568,9.835365853658537,2.152439024390244,1.0304878048780488,0.17682926829268292,0.5,2.786585365853658
Blake Griffin,81.0,250.0,13479.0,622.0,2749.0,4156.0,1345.0,1617.0,321.0,554.0,0.694,0.333,0.498,22.0,75.2,49.9,25.3,28.1,31.9,3.8,0.561,21.670418006430868,4.419614147909968,2.59967845659164,0.5160771704180064,0.8906752411575563,8.844051446945338
John Henson,81.0,219.0,3383.0,445.0,496.0,1566.0,802.0,496.0,642.0,211.0,0.568,0.25,0.54,17.1,20.7,9.5,11.2,18.1,3.4,-0.4,0.557,7.602247191011236,1.1146067415730336,1.1146067415730336,1.442696629213483,0.47415730337078654,5.321348314606741
Louis King,79.0,205.0,20.0,10.0,5.0,9.0,1.0,2.0,0.0,2.0,0.0,0.364,0.381,6.2,0.0,-0.1,0.0,17.1,-0.1,-6.2,0.448,2.0,0.5,0.2,0.0,0.2,1.0
Brandon Knight,74.0,182.0,6269.0,446.0,1769.0,1141.0,236.0,1086.0,75.0,385.0,0.806,0.353,0.411,13.7,11.5,5.5,6.0,24.2,1.5,-1.6,0.518,14.056053811659194,3.9663677130044843,2.4349775784753365,0.1681614349775785,0.8632286995515696,3.0874439461883405
Khyri Thomas,75.0,210.0,78.0,34.0,11.0,16.0,5.0,7.0,5.0,10.0,0.6,0.306,0.314,5.4,0.0,-0.3,0.3,16.8,-0.2,-5.7,0.421,2.2941176470588234,0.3235294117647059,0.20588235294117646,0.14705882352941177,0.29411764705882354,0.6176470588235294
Jordan McRae,77.0,179.0,846.0,123.0,167.0,191.0,34.0,87.0,30.0,45.0,0.772,0.355,0.417,13.2,1.7,0.8,0.9,22.7,0.0,-2.1,0.519,6.878048780487805,1.3577235772357723,0.7073170731707317,0.24390243902439024,0.36585365853658536,1.8292682926829267
Justin Patton,83.0,241.0,16.0,9.0,5.0,8.0,3.0,2.0,0.0,3.0,0.5,0.167,0.368,8.4,0.0,-0.1,0.1,19.3,0.0,-5.5,0.402,1.7777777777777777,0.5555555555555556,0.2222222222222222,0.0,0.3333333333333333,1.222222222222222
Eric Paschall,78.0,255.0,837.0,60.0,127.0,193.0,82.0,94.0,13.0,32.0,0.774,0.287,0.497,14.5,2.1,1.6,0.5,21.4,-0.3,-2.7,0.571,13.95,2.1166666666666667,1.5666666666666667,0.21666666666666667,0.5333333333333333,4.583333333333334
Marquese Chriss,81.0,240.0,2039.0,256.0,279.0,924.0,326.0,329.0,213.0,174.0,0.669,0.29,0.456,13.4,5.7,1.0,4.7,19.1,-0.3,-2.3,0.533,7.96484375,1.08984375,1.28515625,0.83203125,0.6796875,4.8828125
Jordan Poole,76.0,194.0,503.0,57.0,134.0,109.0,9.0,74.0,10.0,35.0,0.798,0.279,0.333,7.2,-1.2,-1.6,0.4,21.1,-1.5,-6.6,0.454,8.824561403508772,2.3508771929824563,1.2982456140350878,0.17543859649122806,0.6140350877192983,2.070175438596491
Damion Lee,77.0,210.0,940.0,96.0,175.0,323.0,51.0,92.0,7.0,82.0,0.853,0.346,0.419,12.4,2.8,1.3,1.6,18.7,-0.1,-2.2,0.542,9.791666666666666,1.8229166666666667,0.9583333333333334,0.07291666666666667,0.8541666666666666,3.8958333333333335
Ky Bowman,73.0,187.0,335.0,45.0,131.0,97.0,24.0,70.0,10.0,44.0,0.829,0.308,0.417,9.1,-0.1,-0.6,0.6,17.2,-0.6,-4.3,0.494,7.444444444444445,2.911111111111111,1.5555555555555556,0.2222222222222222,0.9777777777777777,2.6888888888888887
Draymond Green,78.0,230.0,5170.0,576.0,2855.0,3318.0,648.0,1187.0,609.0,789.0,0.71,0.319,0.435,15.1,44.4,15.3,29.0,16.2,19.5,2.8,0.531,8.975694444444445,4.956597222222222,2.060763888888889,1.0572916666666667,1.3697916666666667,6.885416666666667
Kevon Looney,81.0,222.0,979.0,224.0,214.0,479.0,353.0,112.0,132.0,107.0,0.601,0.15,0.57,15.4,10.3,6.2,4.1,13.1,1.1,-0.5,0.587,4.370535714285714,0.9553571428571429,0.5,0.5892857142857143,0.47767857142857145,3.7142857142857144
Andrew Wiggins,79.0,197.0,8943.0,454.0,1065.0,1405.0,572.0,954.0,278.0,452.0,0.732,0.332,0.441,14.7,15.0,9.5,5.5,25.6,0.2,-1.9,0.522,19.698237885462554,2.345814977973568,2.101321585903084,0.6123348017621145,0.9955947136563876,4.354625550660793
Mychal Mulder,76.0,184.0,77.0,7.0,8.0,20.0,3.0,5.0,1.0,2.0,0.75,0.308,0.388,7.8,0.1,0.0,0.0,16.2,-0.2,-6.1,0.533,11.0,1.1428571428571428,0.7142857142857143,0.14285714285714285,0.2857142857142857,3.2857142857142856
Stephen Curry,75.0,185.0,16419.0,699.0,4621.0,2668.0,490.0,2179.0,156.0,1205.0,0.906,0.435,0.476,23.8,103.2,76.5,26.7,27.9,50.7,6.4,0.623,23.489270386266096,6.6108726752503575,3.117310443490701,0.22317596566523606,1.7238912732474965,4.517882689556509
Klay Thompson,78.0,215.0,11995.0,615.0,1416.0,1857.0,273.0,1053.0,332.0,561.0,0.848,0.419,0.459,16.4,46.8,28.0,18.8,24.7,14.2,0.7,0.575,19.504065040650406,2.3024390243902437,1.7121951219512195,0.5398373983739837,0.9121951219512195,3.4634146341463414
P.J. Tucker,77.0,245.0,4804.0,654.0,939.0,2773.0,1026.0,657.0,205.0,790.0,0.748,0.361,0.421,10.5,34.1,14.8,19.2,11.7,6.6,-0.6,0.533,7.345565749235474,1.4357798165137614,1.0045871559633028,0.31345565749235477,1.2079510703363914,5.8088685015290515
Ben McLemore,75.0,195.0,3954.0,439.0,465.0,871.0,195.0,511.0,87.0,292.0,0.779,0.366,0.421,9.7,8.0,3.2,4.8,17.5,-2.5,-3.0,0.542,9.006833712984054,1.0592255125284737,1.1640091116173121,0.19817767653758542,0.6651480637813212,2.428246013667426
James Harden,77.0,220.0,20962.0,833.0,5255.0,3794.0,652.0,3078.0,443.0,1314.0,0.858,0.363,0.443,24.8,135.0,101.9,33.1,30.7,64.6,7.0,0.611,25.164465786314526,6.308523409363746,3.695078031212485,0.531812725090036,1.5774309723889557,5.337334933973589
Austin Rivers,75.0,200.0,5053.0,552.0,1267.0,973.0,190.0,619.0,100.0,385.0,0.644,0.348,0.418,10.2,11.5,4.4,7.1,18.3,-3.6,-3.1,0.509,9.153985507246377,2.295289855072464,1.1213768115942029,0.18115942028985507,0.697463768115942,2.1068840579710146
Danuel House,78.0,220.0,1180.0,126.0,150.0,389.0,95.0,100.0,51.0,95.0,0.802,0.369,0.439,11.7,6.5,3.9,2.6,14.1,1.0,-0.8,0.587,9.365079365079366,1.1904761904761905,0.7936507936507936,0.40476190476190477,0.753968253968254,3.8412698412698414
Russell Westbrook,75.0,200.0,20412.0,878.0,7298.0,4740.0,1471.0,3581.0,270.0,1535.0,0.799,0.305,0.437,23.5,101.1,60.2,40.9,32.7,52.1,4.8,0.53,23.248291571753985,8.312072892938497,4.078587699316628,0.30751708428246016,1.7482915717539864,7.074031890660592
Eric Gordon,75.0,215.0,11017.0,665.0,1896.0,1365.0,275.0,1313.0,227.0,599.0,0.811,0.37,0.425,14.3,34.1,24.5,9.6,22.9,8.6,-0.4,0.557,16.566917293233082,2.8511278195488723,1.974436090225564,0.34135338345864663,0.9007518796992481,2.466165413533835
Chris Clemons,69.0,180.0,161.0,33.0,27.0,26.0,4.0,19.0,6.0,9.0,0.909,0.346,0.401,13.1,0.4,0.1,0.2,23.6,0.1,-1.0,0.548,4.878787878787879,0.8181818181818182,0.5757575757575758,0.18181818181818182,0.2727272727272727,0.9090909090909091
Robert Covington,79.0,209.0,5025.0,396.0,594.0,1895.0,370.0,679.0,352.0,657.0,0.811,0.356,0.406,13.4,21.5,4.8,16.7,18.8,7.4,0.5,0.554,12.68939393939394,1.5,1.7146464646464648,0.8888888888888888,1.6590909090909092,5.71969696969697
Jeff Green,80.0,235.0,11773.0,908.0,1421.0,3175.0,833.0,1356.0,485.0,655.0,0.805,0.334,0.442,13.3,42.3,19.5,22.8,20.5,4.5,-1.3,0.539,12.965859030837004,1.5649779735682818,1.4933920704845816,0.5341409691629956,0.7213656387665198,4.41409691629956
Michael Frazier,75.0,200.0,27.0,13.0,2.0,9.0,1.0,5.0,0.0,2.0,0.643,0.174,0.241,-0.9,-0.2,-0.2,0.1,11.5,-0.3,-11.0,0.384,2.076923076923077,0.15384615384615385,0.38461538461538464,0.0,0.15384615384615385,0.7692307692307692
DeMarre Carroll,78.0,215.0,5150.0,578.0,726.0,1799.0,655.0,498.0,151.0,524.0,0.741,0.358,0.43,13.3,29.5,15.5,14.1,16.9,6.7,0.0,0.545,8.910034602076125,1.2560553633217992,0.8615916955017301,0.26124567474048443,0.9065743944636678,4.245674740484429
David Nwaba,77.0,219.0,1113.0,161.0,180.0,442.0,155.0,125.0,65.0,119.0,0.661,0.344,0.492,12.4,5.4,3.1,2.3,14.7,-0.1,-2.0,0.561,6.913043478260869,1.1180124223602483,0.7763975155279503,0.40372670807453415,0.7391304347826086,3.708074534161491
Justin Holiday,78.0,180.0,3500.0,430.0,613.0,1094.0,160.0,384.0,181.0,428.0,0.826,0.36,0.396,11.1,12.3,2.3,10.0,16.4,2.1,-1.1,0.528,8.13953488372093,1.4255813953488372,0.8930232558139535,0.42093023255813955,0.9953488372093023,2.916279069767442
T.J. McConnell,73.0,190.0,2474.0,385.0,1817.0,905.0,185.0,602.0,61.0,456.0,0.779,0.332,0.492,14.0,15.7,6.2,9.5,15.4,3.0,-0.6,0.529,6.425974025974026,4.71948051948052,1.5636363636363637,0.15844155844155844,1.1844155844155844,2.831168831168831
Doug McDermott,79.0,225.0,3369.0,410.0,347.0,754.0,146.0,248.0,41.0,80.0,0.825,0.412,0.465,11.3,13.9,9.2,4.7,16.9,-0.1,-2.0,0.581,8.217073170731707,0.8463414634146341,0.6048780487804878,0.1,0.1951219512195122,2.1951219512195124
T.J. Warren,80.0,220.0,5080.0,328.0,392.0,911.0,447.0,337.0,168.0,325.0,0.779,0.361,0.507,16.7,19.5,13.5,6.0,22.0,4.3,-0.2,0.564,15.487804878048781,1.1951219512195121,1.0274390243902438,0.5121951219512195,0.9908536585365854,4.140243902439025
Aaron Holiday,72.0,185.0,921.0,116.0,312.0,196.0,27.0,128.0,29.0,76.0,0.839,0.374,0.41,11.7,3.0,0.5,2.5,19.6,0.2,-1.6,0.52,7.939655172413793,2.689655172413793,1.103448275862069,0.25,0.6551724137931034,1.9224137931034484
Domantas Sabonis,83.0,240.0,3530.0,291.0,755.0,1735.0,586.0,550.0,124.0,174.0,0.722,0.321,0.522,17.2,20.6,9.9,10.7,21.3,4.6,0.5,0.574,12.130584192439862,2.5945017182130585,1.8900343642611683,0.4261168384879725,0.5979381443298969,7.975945017182131
Myles Turner,83.0,250.0,4353.0,342.0,421.0,1789.0,487.0,453.0,707.0,243.0,0.768,0.357,0.488,16.9,26.4,10.3,16.1,19.6,6.3,0.6,0.566,12.728070175438596,1.2309941520467835,1.3245614035087718,2.0672514619883042,0.7105263157894737,6.654970760233919
Malcolm Brogdon,77.0,229.0,3286.0,241.0,1055.0,738.0,181.0,401.0,48.0,206.0,0.894,0.385,0.471,16.2,17.3,11.0,6.3,20.8,4.6,0.7,0.572,13.634854771784232,4.377593360995851,1.6639004149377594,0.1991701244813278,0.8547717842323651,3.813278008298755
Jeremy Lamb,77.0,180.0,5032.0,481.0,770.0,1536.0,252.0,407.0,173.0,352.0,0.851,0.339,0.444,15.8,23.4,12.0,11.4,21.7,7.0,0.7,0.544,10.461538461538462,1.6008316008316008,0.8461538461538461,0.3596673596673597,0.7318087318087318,3.7172557172557177
JaKarr Sampson,79.0,214.0,1099.0,207.0,157.0,424.0,127.0,173.0,96.0,89.0,0.671,0.251,0.468,10.4,3.2,0.4,2.9,16.4,-1.3,-3.6,0.53,5.309178743961352,0.7584541062801933,0.8357487922705314,0.463768115942029,0.42995169082125606,2.661835748792271
Edmond Sumner,76.0,196.0,220.0,55.0,65.0,51.0,20.0,32.0,14.0,27.0,0.585,0.263,0.406,9.4,0.5,-0.3,0.8,17.4,-0.3,-3.7,0.478,4.0,1.1818181818181819,0.5818181818181818,0.2545454545454545,0.4909090909090909,1.290909090909091
T.J. Leaf,82.0,222.0,465.0,139.0,42.0,183.0,95.0,30.0,27.0,24.0,0.571,0.341,0.491,13.8,2.7,1.3,1.4,16.9,0.1,-1.8,0.537,3.3453237410071943,0.302158273381295,0.2158273381294964,0.19424460431654678,0.17266187050359713,2.0
Victor Oladipo,76.0,213.0,7303.0,421.0,1645.0,1676.0,258.0,1080.0,203.0,697.0,0.794,0.35,0.441,16.5,24.3,8.1,16.2,25.2,10.8,1.1,0.536,17.346793349168646,3.9073634204275534,2.5653206650831355,0.4821852731591449,1.655581947743468,4.593824228028503
Alize Johnson,79.0,212.0,47.0,31.0,8.0,47.0,20.0,7.0,5.0,4.0,0.611,0.4,0.356,10.8,0.3,0.0,0.3,14.4,-0.1,-3.7,0.444,1.5161290322580645,0.25806451612903225,0.22580645161290322,0.16129032258064516,0.12903225806451613,2.161290322580645
Lou Williams,73.0,175.0,14490.0,1001.0,3459.0,1865.0,394.0,1745.0,183.0,877.0,0.84,0.349,0.42,18.4,63.5,45.9,17.6,26.4,23.6,1.8,0.554,14.475524475524475,3.4555444555444557,1.7432567432567432,0.18281718281718282,0.8761238761238761,2.256743256743257
Montrezl Harrell,79.0,240.0,4037.0,318.0,424.0,1014.0,556.0,369.0,287.0,177.0,0.638,0.1,0.614,22.4,26.1,18.6,7.6,22.7,7.7,2.6,0.633,12.69496855345912,1.3333333333333333,1.1603773584905661,0.9025157232704403,0.5566037735849056,4.937106918238994
JaMychal Green,80.0,227.0,2939.0,362.0,333.0,1570.0,653.0,408.0,155.0,204.0,0.768,0.374,0.471,13.6,17.3,7.8,9.5,16.9,1.0,-1.5,0.563,8.11878453038674,0.919889502762431,1.12707182320442,0.4281767955801105,0.56353591160221,6.140883977900552
Patrick Patterson,80.0,235.0,4585.0,681.0,707.0,1921.0,803.0,439.0,288.0,354.0,0.755,0.369,0.448,12.5,30.6,17.4,13.2,14.5,7.2,0.0,0.539,6.732745961820852,1.038179148311307,0.644640234948605,0.42290748898678415,0.5198237885462555,4.0
Kawhi Leonard,79.0,225.0,9793.0,524.0,1403.0,2711.0,641.0,828.0,346.0,932.0,0.855,0.383,0.491,23.1,74.5,43.1,31.4,24.7,36.2,6.8,0.597,18.688931297709924,2.677480916030534,1.5801526717557253,0.6603053435114504,1.7786259541984732,6.396946564885496
Rodney McGruder,76.0,205.0,1278.0,218.0,289.0,484.0,194.0,148.0,41.0,116.0,0.643,0.336,0.412,8.9,6.6,2.0,4.6,13.0,-0.2,-2.2,0.509,5.862385321100917,1.3256880733944953,0.6788990825688074,0.18807339449541285,0.5321100917431193,3.1100917431192663
Landry Shamet,76.0,190.0,1214.0,132.0,216.0,207.0,27.0,87.0,20.0,57.0,0.828,0.402,0.42,9.9,6.2,4.1,2.0,14.3,0.2,-1.8,0.594,9.196969696969697,1.6363636363636365,0.6590909090909091,0.15151515151515152,0.4318181818181818,1.7727272727272727
Patrick Beverley,73.0,180.0,3843.0,431.0,1495.0,1383.0,501.0,560.0,191.0,506.0,0.761,0.381,0.414,12.5,28.3,16.2,12.1,14.5,9.1,1.0,0.545,8.91647331786543,3.468677494199536,1.2993039443155452,0.4431554524361949,1.174013921113689,4.37122969837587
Paul George,80.0,220.0,13016.0,652.0,2185.0,3576.0,587.0,1683.0,287.0,1139.0,0.846,0.381,0.433,19.3,70.0,33.0,37.0,26.5,33.6,4.1,0.565,19.96319018404908,3.3512269938650308,2.581288343558282,0.4401840490797546,1.7469325153374233,6.384969325153374
Terance Mann,77.0,215.0,99.0,41.0,53.0,45.0,10.0,18.0,5.0,11.0,0.667,0.35,0.468,10.6,0.8,0.4,0.4,12.6,0.0,-1.6,0.545,2.4146341463414633,1.2926829268292683,0.43902439024390244,0.12195121951219512,0.2682926829268293,1.3414634146341464
Marcus Morris,80.0,218.0,7326.0,607.0,914.0,2237.0,588.0,730.0,171.0,426.0,0.759,0.367,0.432,13.4,30.4,14.3,16.1,20.1,6.1,-0.5,0.537,12.069192751235585,1.5057660626029654,1.2026359143327843,0.28171334431630973,0.7018121911037891,4.654036243822076
Amir Coffey,79.0,210.0,58.0,18.0,14.0,12.0,4.0,8.0,2.0,5.0,0.545,0.316,0.426,8.5,0.1,0.0,0.2,17.6,-0.1,-4.1,0.493,3.2222222222222223,0.7777777777777778,0.4444444444444444,0.1111111111111111,0.2777777777777778,0.8888888888888888
Reggie Jackson,75.0,208.0,7205.0,561.0,2456.0,1355.0,304.0,1078.0,66.0,390.0,0.858,0.337,0.428,16.0,29.4,16.9,12.4,24.7,8.7,0.4,0.524,12.843137254901961,4.377896613190731,1.9215686274509804,0.11764705882352941,0.6951871657754011,2.9572192513368987
Johnathan Motley,80.0,230.0,226.0,46.0,26.0,75.0,35.0,30.0,5.0,11.0,0.587,0.2,0.552,19.1,0.9,0.4,0.4,26.4,0.0,-1.4,0.577,4.913043478260869,0.5652173913043478,0.6521739130434783,0.10869565217391304,0.2391304347826087,2.391304347826087
Mfiondu Kabengele,81.0,250.0,42.0,12.0,2.0,10.0,1.0,2.0,2.0,2.0,1.0,0.45,0.438,18.2,0.2,0.1,0.1,23.7,0.1,2.2,0.614,3.5,0.16666666666666666,0.16666666666666666,0.16666666666666666,0.16666666666666666,0.9166666666666667
Joakim Noah,83.0,230.0,5881.0,672.0,1907.0,3917.0,2141.0,1133.0,874.0,534.0,0.7,0.0,0.491,17.6,61.9,27.7,34.2,16.0,20.9,2.5,0.54,8.751488095238095,2.837797619047619,1.6860119047619047,1.3005952380952381,0.7946428571428571,9.014880952380953
Kentavious Caldwell-Pope,77.0,204.0,6240.0,539.0,878.0,1353.0,355.0,537.0,102.0,603.0,0.797,0.349,0.418,12.0,27.6,13.4,14.1,17.5,5.0,-0.7,0.533,11.57699443413729,1.6289424860853432,0.9962894248608535,0.18923933209647495,1.1187384044526902,3.1688311688311686
Danny Green,78.0,215.0,6123.0,688.0,1088.0,1983.0,411.0,703.0,538.0,694.0,0.807,0.4,0.424,12.9,42.6,15.2,27.4,15.7,17.9,2.1,0.567,8.899709302325581,1.5813953488372092,1.0218023255813953,0.7819767441860465,1.0087209302325582,3.479651162790698
JaVale McGee,84.0,270.0,5519.0,701.0,277.0,2297.0,1312.0,668.0,1077.0,286.0,0.592,0.152,0.575,19.5,36.6,18.6,18.0,19.3,6.6,0.2,0.587,7.873038516405136,0.39514978601997147,0.9529243937232525,1.5363766048502139,0.4079885877318117,5.148359486447932
Alex Caruso,77.0,186.0,712.0,126.0,276.0,203.0,52.0,137.0,37.0,117.0,0.75,0.362,0.426,11.0,3.8,0.9,2.9,14.8,0.7,-0.9,0.537,5.650793650793651,2.1904761904761907,1.0873015873015872,0.29365079365079366,0.9285714285714286,2.0238095238095237
Anthony Davis,82.0,253.0,12677.0,528.0,1182.0,4133.0,1350.0,1023.0,1264.0,730.0,0.802,0.319,0.515,27.4,83.1,53.1,30.0,28.4,38.1,6.3,0.588,24.009469696969695,2.2386363636363638,1.9375,2.393939393939394,1.3825757575757576,10.384469696969697
Kyle Kuzma,80.0,221.0,3332.0,208.0,399.0,938.0,200.0,364.0,86.0,118.0,0.732,0.331,0.449,13.6,9.0,2.9,6.1,23.1,0.9,-1.4,0.544,16.01923076923077,1.9182692307692308,1.75,0.41346153846153844,0.5673076923076923,5.471153846153847
Avery Bradley,75.0,180.0,6712.0,571.0,1012.0,1312.0,358.0,802.0,116.0,581.0,0.78,0.364,0.436,11.1,16.1,0.5,15.6,20.0,-0.7,-2.2,0.515,11.754816112084063,1.7723292469352014,1.404553415061296,0.2031523642732049,1.0175131348511384,2.9246935201401048
Rajon Rondo,73.0,180.0,8909.0,873.0,7215.0,3254.0,877.0,2439.0,115.0,1451.0,0.606,0.316,0.458,16.0,59.8,19.6,40.2,19.0,22.8,1.3,0.5,10.205040091638029,8.264604810996564,2.7938144329896906,0.13172966781214204,1.6620847651775488,4.731958762886598
Jared Dudley,78.0,237.0,6627.0,892.0,1389.0,2027.0,801.0,761.0,166.0,709.0,0.732,0.393,0.464,12.6,42.9,27.8,15.0,14.4,11.1,0.2,0.576,7.429372197309417,1.5571748878923768,0.8531390134529148,0.1860986547085202,0.7948430493273543,3.1704035874439462
Quinn Cook,73.0,180.0,1124.0,165.0,280.0,253.0,44.0,128.0,6.0,48.0,0.786,0.407,0.463,12.3,3.9,2.1,1.8,19.5,-0.2,-2.3,0.561,6.8121212121212125,1.696969696969697,0.7757575757575758,0.03636363636363636,0.2909090909090909,1.8
Markieff Morris,80.0,245.0,7286.0,637.0,1057.0,2598.0,805.0,1012.0,349.0,550.0,0.778,0.345,0.448,14.0,25.2,8.3,16.9,21.4,3.0,-1.3,0.527,11.437990580847723,1.6593406593406594,1.5886970172684458,0.5478806907378336,0.8634222919937206,5.342229199372056
Dion Waiters,75.0,215.0,5505.0,419.0,1163.0,942.0,166.0,761.0,113.0,391.0,0.694,0.346,0.412,12.0,8.8,-0.2,9.0,23.5,-0.4,-2.1,0.495,13.138424821002387,2.775656324582339,1.8162291169451075,0.26968973747016706,0.9331742243436754,2.6443914081145583
Talen Horton-Tucker,76.0,234.0,34.0,6.0,6.0,5.0,2.0,6.0,1.0,8.0,0.5,0.308,0.467,12.3,0.1,0.0,0.2,19.7,0.0,-2.1,0.535,5.666666666666667,1.0,1.0,0.16666666666666666,1.3333333333333333,1.1666666666666667
Dillon Brooks,79.0,225.0,2214.0,173.0,301.0,405.0,126.0,267.0,48.0,146.0,0.777,0.358,0.42,10.3,2.4,-0.6,3.0,21.6,-2.7,-4.2,0.518,12.797687861271676,1.739884393063584,1.5433526011560694,0.2774566473988439,0.8439306358381503,3.069364161849711
Tyus Jones,72.0,196.0,1733.0,312.0,1108.0,418.0,65.0,232.0,25.0,314.0,0.803,0.345,0.431,14.0,11.4,7.3,4.1,14.6,2.8,0.0,0.52,5.55448717948718,3.551282051282051,0.7435897435897436,0.08012820512820513,1.0064102564102564,1.548076923076923
De'Anthony Melton,74.0,200.0,705.0,110.0,334.0,286.0,68.0,159.0,43.0,145.0,0.765,0.294,0.397,11.8,1.8,-0.7,2.5,17.3,0.3,-1.3,0.488,6.409090909090909,3.036363636363636,1.4454545454545455,0.39090909090909093,1.3181818181818181,3.2181818181818183
Brandon Clarke,80.0,215.0,700.0,58.0,81.0,253.0,92.0,55.0,48.0,32.0,0.759,0.359,0.618,20.9,5.0,3.4,1.6,18.7,1.7,3.1,0.663,12.068965517241379,1.396551724137931,0.9482758620689655,0.8275862068965517,0.5517241379310345,5.948275862068965
Jaren Jackson Jr.,83.0,242.0,1788.0,115.0,142.0,406.0,128.0,197.0,174.0,92.0,0.757,0.384,0.485,16.3,6.8,2.8,4.0,23.4,1.7,0.1,0.592,15.547826086956523,1.2347826086956522,1.7130434782608697,1.5130434782608695,0.8,4.643478260869565
Grayson Allen,76.0,198.0,541.0,76.0,77.0,97.0,11.0,66.0,8.0,16.0,0.8,0.371,0.429,10.3,1.2,0.5,0.8,20.1,-0.3,-3.2,0.569,7.118421052631579,1.013157894736842,0.868421052631579,0.10526315789473684,0.21052631578947367,1.4210526315789473
Josh Jackson,80.0,207.0,2120.0,178.0,337.0,592.0,172.0,347.0,100.0,172.0,0.655,0.298,0.417,11.5,-1.8,-4.7,2.8,24.8,-2.2,-4.0,0.488,11.910112359550562,1.8932584269662922,1.949438202247191,0.5617977528089888,0.9662921348314607,4.292134831460674
John Konchar,77.0,210.0,54.0,19.0,22.0,29.0,18.0,7.0,3.0,7.0,0.5,0.5,0.649,18.0,0.7,0.5,0.2,10.3,0.3,4.5,0.713,2.8421052631578947,1.1578947368421053,0.3684210526315789,0.15789473684210525,0.3684210526315789,2.473684210526316
Yuta Watanabe,80.0,215.0,75.0,33.0,13.0,40.0,11.0,8.0,2.0,9.0,0.556,0.208,0.353,6.3,-0.1,-0.4,0.3,15.7,-0.3,-6.4,0.404,2.272727272727273,0.3939393939393939,0.24242424242424243,0.06060606060606061,0.2727272727272727,1.5454545454545454
Gorgui Dieng,82.0,252.0,4058.0,515.0,702.0,2217.0,949.0,603.0,506.0,427.0,0.788,0.342,0.5,16.2,27.4,15.1,12.3,16.1,6.2,0.2,0.568,7.879611650485437,1.3631067961165049,1.170873786407767,0.9825242718446602,0.829126213592233,6.14757281553398
Anthony Tolliver,80.0,240.0,4434.0,719.0,648.0,1864.0,542.0,459.0,213.0,269.0,0.771,0.373,0.415,11.0,25.8,15.9,10.0,13.6,3.3,-1.1,0.57,6.166898470097357,0.9012517385257302,0.6383866481223922,0.29624478442280944,0.3741307371349096,3.346314325452017
Justise Winslow,78.0,222.0,2181.0,241.0,657.0,1048.0,247.0,371.0,89.0,227.0,0.646,0.337,0.417,10.4,7.7,-1.0,8.8,16.9,0.3,-1.8,0.486,9.049792531120332,2.7261410788381744,1.5394190871369295,0.36929460580912865,0.941908713692946,5.373443983402489
Duncan Robinson,79.0,215.0,1033.0,88.0,107.0,239.0,12.0,74.0,19.0,40.0,0.91,0.437,0.465,12.7,5.5,3.7,1.7,15.9,1.3,0.2,0.673,11.738636363636363,1.2159090909090908,0.8409090909090909,0.2159090909090909,0.45454545454545453,2.852272727272727
Kendrick Nunn,74.0,190.0,1024.0,67.0,220.0,159.0,21.0,114.0,15.0,56.0,0.85,0.35,0.439,12.9,2.0,0.4,1.6,24.1,-0.1,-2.3,0.534,15.283582089552239,3.283582089552239,1.7014925373134329,0.22388059701492538,0.835820895522388,2.6865671641791042
Kelly Olynyk,83.0,240.0,4836.0,500.0,934.0,1839.0,582.0,706.0,223.0,354.0,0.775,0.373,0.476,15.7,28.6,14.3,14.3,19.9,7.5,0.8,0.587,9.672,1.868,1.412,0.446,0.708,4.842
Derrick Jones Jr.,78.0,210.0,1151.0,171.0,120.0,368.0,222.0,93.0,106.0,122.0,0.69,0.282,0.511,13.8,8.8,4.9,3.9,14.0,1.3,-0.5,0.585,6.730994152046784,0.7017543859649122,0.543859649122807,0.6198830409356725,0.7134502923976608,3.4502923976608186
Jimmy Butler,79.0,230.0,9887.0,581.0,2155.0,2089.0,874.0,892.0,278.0,925.0,0.835,0.333,0.454,20.3,75.1,50.8,24.3,21.9,30.0,4.2,0.573,17.017211703958694,3.7091222030981066,1.5352839931153184,0.4784853700516351,1.5920826161790018,5.099827882960414
Tyler Herro,77.0,195.0,743.0,55.0,121.0,208.0,16.0,87.0,9.0,34.0,0.87,0.389,0.428,12.5,1.6,0.2,1.3,22.3,0.1,-1.6,0.55,13.50909090909091,2.2,1.5818181818181818,0.16363636363636364,0.6181818181818182,4.072727272727272
Meyers Leonard,84.0,260.0,2492.0,444.0,393.0,1409.0,321.0,307.0,127.0,83.0,0.811,0.39,0.482,12.0,15.5,9.0,6.5,15.0,1.1,-1.4,0.588,5.612612612612613,0.8851351351351351,0.6914414414414415,0.28603603603603606,0.18693693693693694,3.896396396396397
Chris Silva,80.0,234.0,133.0,44.0,23.0,66.0,60.0,32.0,21.0,9.0,0.673,0.0,0.615,17.3,1.3,0.7,0.5,17.1,0.0,-2.3,0.651,3.022727272727273,0.5227272727272727,0.7272727272727273,0.4772727272727273,0.20454545454545456,2.8636363636363633
Andre Iguodala,78.0,215.0,13552.0,1129.0,4872.0,4653.0,1056.0,2136.0,573.0,1677.0,0.709,0.333,0.465,15.6,97.0,50.4,46.5,17.2,40.1,2.2,0.555,12.00354295837024,4.315323294951284,1.8919397697077058,0.5075287865367581,1.4853852967227634,5.0566873339238265
Jae Crowder,78.0,235.0,5821.0,608.0,931.0,2063.0,442.0,530.0,197.0,593.0,0.778,0.34,0.421,12.9,32.5,15.1,17.4,16.9,8.1,0.1,0.549,9.574013157894736,1.53125,0.8717105263157895,0.32401315789473684,0.975328947368421,4.120065789473684
Solomon Hill,78.0,226.0,2128.0,364.0,575.0,921.0,241.0,334.0,86.0,253.0,0.801,0.336,0.395,9.1,10.7,2.4,8.3,13.2,-0.1,-2.0,0.516,5.846153846153846,1.5796703296703296,0.9175824175824175,0.23626373626373626,0.695054945054945,3.192307692307692
Udonis Haslem,80.0,235.0,6523.0,858.0,729.0,4147.0,1607.0,804.0,249.0,422.0,0.755,0.086,0.489,12.9,50.8,23.2,27.6,15.1,0.2,-2.0,0.533,7.602564102564102,0.8496503496503497,0.9370629370629371,0.2902097902097902,0.49184149184149184,6.706293706293706
Brook Lopez,84.0,282.0,13227.0,785.0,1190.0,3356.0,1651.0,1405.0,1412.0,455.0,0.793,0.341,0.494,19.6,65.6,39.4,26.1,24.4,20.7,1.4,0.567,16.84968152866242,1.515923566878981,1.7898089171974523,1.7987261146496816,0.5796178343949044,6.378343949044586
Wesley Matthews,76.0,220.0,10393.0,791.0,1696.0,2001.0,405.0,1001.0,155.0,828.0,0.824,0.381,0.423,13.0,50.9,30.8,20.1,18.4,13.1,0.1,0.561,13.139064475347661,2.1441213653603035,1.2654867256637168,0.1959544879898862,1.0467762326169405,3.0417193426042983
Pat Connaughton,77.0,209.0,1356.0,283.0,358.0,609.0,178.0,155.0,80.0,89.0,0.79,0.344,0.443,11.2,10.1,4.5,5.6,13.2,1.8,-0.4,0.555,4.791519434628976,1.265017667844523,0.5477031802120141,0.2826855123674912,0.31448763250883394,2.7809187279151946
Donte DiVincenzo,76.0,203.0,741.0,93.0,185.0,301.0,82.0,109.0,26.0,98.0,0.735,0.318,0.445,13.0,4.9,1.0,3.8,16.8,1.3,0.6,0.547,7.967741935483871,1.989247311827957,1.1720430107526882,0.27956989247311825,1.053763440860215,4.118279569892473
Robin Lopez,84.0,281.0,7300.0,832.0,687.0,2294.0,1912.0,917.0,972.0,199.0,0.749,0.295,0.529,15.9,44.5,28.3,16.2,17.6,4.6,-1.0,0.566,8.774038461538462,0.8257211538461539,1.1021634615384615,1.1682692307692308,0.23918269230769232,5.055288461538462
Khris Middleton,79.0,222.0,8426.0,517.0,1733.0,2098.0,306.0,994.0,96.0,644.0,0.876,0.392,0.458,16.3,38.9,22.5,16.4,22.7,10.4,0.5,0.569,16.29787234042553,3.3520309477756287,1.9226305609284333,0.18568665377176016,1.2456479690522244,4.64990328820116
Eric Bledsoe,73.0,214.0,8945.0,631.0,3052.0,1998.0,513.0,1658.0,301.0,904.0,0.793,0.336,0.457,18.0,42.4,21.6,20.8,23.9,18.4,2.2,0.558,14.175911251980983,4.836767036450079,2.6275752773375594,0.47702060221870046,1.432646592709984,3.9793977812995247
George Hill,75.0,188.0,8718.0,785.0,2504.0,1966.0,464.0,985.0,216.0,715.0,0.803,0.384,0.457,15.0,65.4,39.0,26.4,17.9,19.0,1.5,0.572,11.105732484076434,3.1898089171974524,1.2547770700636942,0.2751592356687898,0.910828025477707,3.095541401273885
Kyle Korver,79.0,212.0,11953.0,1232.0,2114.0,3298.0,345.0,1290.0,403.0,804.0,0.877,0.429,0.442,12.8,73.4,42.9,30.5,16.2,20.7,0.6,0.602,9.70211038961039,1.7159090909090908,1.047077922077922,0.32711038961038963,0.6525974025974026,2.9569805194805197
Sterling Brown,77.0,219.0,855.0,164.0,160.0,423.0,87.0,113.0,28.0,85.0,0.774,0.345,0.417,9.9,3.9,0.3,3.6,15.4,-0.1,-2.1,0.522,5.213414634146342,0.975609756097561,0.6890243902439024,0.17073170731707318,0.5182926829268293,3.1097560975609753
D.J. Wilson,82.0,231.0,434.0,107.0,80.0,265.0,59.0,55.0,26.0,24.0,0.567,0.322,0.414,9.7,2.1,0.1,2.1,15.4,-0.2,-2.7,0.506,4.05607476635514,0.7476635514018691,0.514018691588785,0.24299065420560748,0.22429906542056074,3.02803738317757
Marvin Williams,80.0,237.0,10965.0,1072.0,1373.0,4270.0,1276.0,1021.0,577.0,824.0,0.808,0.361,0.443,13.6,65.1,36.3,28.9,16.6,12.3,-0.4,0.548,10.228544776119403,1.2807835820895523,0.9524253731343284,0.5382462686567164,0.7686567164179104,5.173507462686567
Frank Mason III,71.0,190.0,670.0,99.0,260.0,151.0,41.0,112.0,15.0,55.0,0.757,0.298,0.397,13.1,1.2,0.1,1.1,22.5,-0.1,-2.4,0.49,6.767676767676767,2.6262626262626263,1.1313131313131313,0.15151515151515152,0.5555555555555556,1.9393939393939394
Cameron Reynolds,79.0,225.0,95.0,19.0,13.0,27.0,4.0,5.0,2.0,6.0,0.889,0.412,0.423,10.4,0.4,0.3,0.1,14.1,0.0,-2.5,0.58,5.0,0.6842105263157895,0.2631578947368421,0.10526315789473684,0.3157894736842105,1.631578947368421
Jarrett Culver,78.0,195.0,580.0,63.0,110.0,142.0,70.0,81.0,38.0,57.0,0.462,0.299,0.404,9.6,-0.1,-1.2,1.1,19.2,-0.8,-4.0,0.467,9.206349206349206,1.746031746031746,1.2857142857142858,0.6031746031746031,0.9047619047619048,3.365079365079365
Josh Okogie,76.0,213.0,1103.0,136.0,190.0,358.0,128.0,150.0,59.0,156.0,0.765,0.274,0.404,10.4,3.4,0.8,2.6,15.3,-0.6,-2.8,0.52,8.110294117647058,1.3970588235294117,1.1029411764705883,0.4338235294117647,1.1470588235294117,3.5735294117647056
Karl-Anthony Towns,83.0,248.0,8113.0,358.0,992.0,3088.0,1121.0,904.0,523.0,278.0,0.831,0.396,0.534,25.1,50.4,36.8,13.6,26.3,21.1,4.8,0.622,22.662011173184357,2.7709497206703912,2.525139664804469,1.4608938547486034,0.776536312849162,11.756983240223464
Kelan Martin,77.0,230.0,197.0,31.0,23.0,84.0,12.0,20.0,9.0,7.0,0.968,0.26,0.392,9.2,0.2,-0.1,0.3,17.8,-0.3,-4.3,0.506,6.354838709677419,0.7419354838709677,0.6451612903225806,0.2903225806451613,0.22580645161290322,3.096774193548387
Naz Reid,81.0,264.0,269.0,30.0,35.0,90.0,34.0,22.0,22.0,19.0,0.698,0.33,0.412,15.3,0.8,0.2,0.6,24.0,0.0,-1.9,0.505,8.966666666666667,1.1666666666666667,0.7333333333333333,0.7333333333333333,0.6333333333333333,4.133333333333333
Jordan McLaughlin,71.0,185.0,229.0,30.0,125.0,42.0,7.0,31.0,4.0,34.0,0.667,0.382,0.489,16.3,1.6,1.1,0.4,15.8,0.3,0.3,0.587,7.633333333333334,4.166666666666667,1.0333333333333334,0.13333333333333333,1.1333333333333333,1.6333333333333333
Jake Layman,80.0,209.0,863.0,164.0,90.0,231.0,83.0,86.0,47.0,63.0,0.724,0.309,0.456,11.2,3.0,1.2,1.8,16.6,-0.1,-2.1,0.544,5.262195121951219,0.5487804878048781,0.524390243902439,0.2865853658536585,0.38414634146341464,1.9146341463414633
Jaylen Nowell,76.0,201.0,57.0,15.0,19.0,10.0,3.0,3.0,1.0,3.0,0.941,0.115,0.358,10.5,0.2,0.1,0.0,17.3,-0.1,-3.8,0.471,3.8,1.2666666666666666,0.2,0.06666666666666667,0.2,0.8666666666666667
Malik Beasley,76.0,187.0,1811.0,220.0,214.0,364.0,72.0,144.0,25.0,117.0,0.8,0.388,0.448,12.9,6.3,3.5,2.8,19.4,0.8,-1.2,0.566,8.231818181818182,0.9727272727272728,0.6545454545454545,0.11363636363636363,0.5318181818181819,1.981818181818182
James Johnson,79.0,240.0,5055.0,634.0,1355.0,1767.0,517.0,928.0,570.0,497.0,0.693,0.31,0.477,14.6,24.6,7.1,17.5,19.1,9.3,0.8,0.543,7.973186119873817,2.137223974763407,1.4637223974763407,0.8990536277602523,0.7839116719242902,3.6025236593059935
D'Angelo Russell,76.0,193.0,5532.0,317.0,1666.0,998.0,178.0,919.0,79.0,364.0,0.772,0.356,0.42,16.4,8.4,2.5,5.9,28.7,5.5,0.3,0.526,17.451104100946374,5.255520504731861,2.8990536277602525,0.24921135646687698,1.1482649842271293,3.7097791798107256
Jarred Vanderbilt,81.0,214.0,36.0,28.0,5.0,22.0,10.0,15.0,2.0,9.0,0.667,0.0,0.519,10.4,0.0,-0.2,0.2,17.6,-0.1,-4.9,0.558,1.2857142857142858,0.17857142857142858,0.5357142857142857,0.07142857142857142,0.32142857142857145,1.1428571428571428
Jacob Evans,76.0,210.0,168.0,59.0,54.0,51.0,15.0,36.0,15.0,16.0,0.833,0.315,0.337,4.8,-0.6,-0.9,0.3,16.2,-0.8,-7.4,0.42,2.847457627118644,0.9152542372881356,0.6101694915254238,0.2542372881355932,0.2711864406779661,1.1186440677966103
Evan Turner,78.0,220.0,6824.0,705.0,2462.0,2890.0,388.0,1267.0,184.0,532.0,0.782,0.294,0.434,11.9,20.2,-0.5,20.7,19.1,0.5,-1.9,0.493,9.679432624113476,3.4921985815602836,1.797163120567376,0.26099290780141843,0.7546099290780142,4.649645390070923
Omari Spellman,80.0,245.0,642.0,95.0,94.0,264.0,149.0,85.0,49.0,59.0,0.766,0.366,0.417,13.4,2.4,1.1,1.3,16.9,0.2,-1.5,0.536,6.757894736842105,0.9894736842105263,0.8947368421052632,0.5157894736842106,0.6210526315789474,4.347368421052632
Josh Hart,77.0,215.0,1677.0,195.0,281.0,798.0,138.0,180.0,79.0,174.0,0.713,0.353,0.43,11.1,8.6,3.4,5.2,14.1,1.6,-0.7,0.56,8.6,1.441025641025641,0.9230769230769231,0.40512820512820513,0.8923076923076924,4.8
Jaxson Hayes,83.0,220.0,472.0,64.0,56.0,162.0,97.0,53.0,55.0,26.0,0.647,0.25,0.672,17.6,3.9,2.8,1.1,15.0,0.5,-0.3,0.689,7.375,0.875,0.828125,0.859375,0.40625,4.046875
Lonzo Ball,78.0,190.0,1738.0,162.0,1069.0,800.0,194.0,432.0,100.0,245.0,0.487,0.341,0.39,12.5,6.0,-0.3,6.2,17.7,3.3,0.5,0.485,10.728395061728396,6.598765432098766,2.6666666666666665,0.6172839506172839,1.5123456790123457,6.135802469135802
Brandon Ingram,79.0,190.0,4116.0,252.0,809.0,1068.0,209.0,583.0,148.0,184.0,0.722,0.36,0.459,13.6,9.6,3.9,5.7,22.4,1.1,-1.4,0.545,16.333333333333332,3.2103174603174605,2.3134920634920637,0.5873015873015873,0.7301587301587301,5.067460317460317
Jrue Holiday,75.0,205.0,11315.0,713.0,4559.0,2175.0,617.0,1965.0,364.0,1063.0,0.777,0.354,0.453,16.9,43.0,20.0,22.9,23.6,19.1,1.2,0.529,15.869565217391305,6.394109396914446,2.755960729312763,0.5105189340813464,1.490883590462833,3.9158485273492287
J.J. Redick,75.0,200.0,11701.0,896.0,1811.0,1671.0,168.0,1004.0,85.0,409.0,0.891,0.416,0.448,15.0,63.0,47.8,15.3,20.5,16.3,0.8,0.603,13.059151785714286,2.021205357142857,1.1205357142857142,0.09486607142857142,0.4564732142857143,2.052455357142857
Frank Jackson,75.0,205.0,866.0,120.0,130.0,170.0,47.0,97.0,6.0,42.0,0.743,0.319,0.422,9.3,0.6,-0.1,0.7,19.6,-1.5,-5.0,0.514,7.216666666666667,1.0833333333333333,0.8083333333333333,0.05,0.35,1.8083333333333333
E'Twaun Moore,75.0,191.0,4610.0,571.0,1015.0,895.0,268.0,511.0,126.0,380.0,0.738,0.39,0.455,11.4,14.4,6.5,7.9,17.3,0.3,-1.9,0.535,8.073555166374781,1.777583187390543,0.8949211908931699,0.22066549912434325,0.6654991243432574,2.0367775831873907
Derrick Favors,81.0,265.0,7779.0,683.0,782.0,3311.0,1737.0,950.0,859.0,528.0,0.661,0.207,0.53,18.9,53.6,28.0,25.6,20.3,12.7,0.9,0.562,11.389458272327964,1.1449487554904831,1.390922401171303,1.2576866764275256,0.7730600292825769,7.390922401171303
Nickeil Alexander-Walker,77.0,205.0,267.0,47.0,89.0,75.0,9.0,54.0,8.0,17.0,0.676,0.346,0.368,8.9,-0.2,-0.7,0.4,23.3,-0.4,-4.6,0.473,5.680851063829787,1.8936170212765957,1.148936170212766,0.1702127659574468,0.3617021276595745,1.7872340425531914
Kenrich Williams,78.0,210.0,415.0,85.0,140.0,299.0,106.0,58.0,40.0,72.0,0.489,0.304,0.371,8.7,2.0,0.3,1.7,10.8,-0.1,-2.1,0.465,4.882352941176471,1.6470588235294117,0.6823529411764706,0.47058823529411764,0.8470588235294118,4.764705882352941
Jahlil Okafor,82.0,270.0,2421.0,220.0,212.0,749.0,354.0,326.0,190.0,67.0,0.675,0.222,0.538,16.7,6.6,3.0,3.6,23.7,0.1,-1.9,0.564,11.004545454545454,0.9636363636363636,1.481818181818182,0.8636363636363636,0.30454545454545456,5.013636363636364
Zion Williamson,78.0,284.0,540.0,24.0,50.0,86.0,64.0,59.0,9.0,16.0,0.64,0.429,0.583,24.1,2.0,1.5,0.4,30.5,0.7,2.1,0.616,22.5,2.0833333333333335,2.4583333333333335,0.375,0.6666666666666666,6.25
Sindarius Thornwell,77.0,215.0,360.0,139.0,90.0,150.0,38.0,75.0,33.0,63.0,0.683,0.35,0.42,7.7,1.1,-0.2,1.3,12.1,-0.3,-2.8,0.517,2.5899280575539567,0.6474820143884892,0.539568345323741,0.23741007194244604,0.45323741007194246,1.3525179856115108
Josh Gray,72.0,180.0,34.0,7.0,14.0,9.0,3.0,12.0,2.0,8.0,0.636,0.231,0.279,4.7,-0.3,-0.4,0.1,23.2,-0.1,-6.7,0.355,4.857142857142857,2.0,1.7142857142857142,0.2857142857142857,1.1428571428571428,1.7142857142857144
Darius Miller,78.0,225.0,1524.0,253.0,346.0,374.0,49.0,163.0,61.0,110.0,0.83,0.382,0.418,8.4,5.9,4.0,1.9,12.5,-0.7,-2.5,0.572,6.023715415019763,1.3675889328063242,0.6442687747035574,0.24110671936758893,0.43478260869565216,1.6719367588932805
Bobby Portis,82.0,250.0,3215.0,315.0,380.0,1326.0,546.0,341.0,94.0,158.0,0.754,0.36,0.456,16.1,10.8,4.8,6.1,22.8,1.1,-1.3,0.528,10.206349206349206,1.2063492063492063,1.0825396825396825,0.2984126984126984,0.5015873015873016,5.942857142857143
Kevin Knox,79.0,215.0,1382.0,140.0,143.0,430.0,89.0,159.0,52.0,66.0,0.697,0.337,0.367,8.6,-1.2,-2.8,1.6,20.8,-2.7,-5.2,0.474,9.871428571428572,1.0214285714285714,1.1357142857142857,0.37142857142857144,0.4714285714285714,3.7071428571428573
Julius Randle,80.0,250.0,6032.0,375.0,1045.0,2559.0,816.0,937.0,178.0,248.0,0.724,0.295,0.493,17.7,20.5,10.9,9.6,24.6,4.1,-0.5,0.557,16.085333333333335,2.7866666666666666,2.498666666666667,0.4746666666666667,0.6613333333333333,9.0
Taj Gibson,81.0,232.0,7618.0,799.0,812.0,3147.0,1851.0,940.0,838.0,450.0,0.709,0.22,0.515,15.5,52.4,25.1,27.3,17.5,6.4,-0.8,0.55,9.53441802252816,1.016270337922403,1.1764705882352942,1.048811013767209,0.5632040050062578,6.25531914893617
RJ Barrett,78.0,214.0,803.0,56.0,143.0,229.0,50.0,124.0,17.0,55.0,0.614,0.32,0.402,10.7,-0.5,-1.6,1.1,24.0,-1.0,-4.3,0.479,14.339285714285714,2.5535714285714284,2.2142857142857144,0.30357142857142855,0.9821428571428571,4.982142857142858
Damyean Dotson,77.0,210.0,1282.0,165.0,223.0,384.0,53.0,109.0,16.0,93.0,0.721,0.361,0.419,10.9,3.1,1.5,1.5,17.1,-0.2,-2.2,0.527,7.7696969696969695,1.3515151515151516,0.6606060606060606,0.09696969696969697,0.5636363636363636,2.6484848484848484
Elfrid Payton,75.0,195.0,4247.0,387.0,2566.0,1265.0,438.0,934.0,136.0,516.0,0.625,0.289,0.452,15.3,14.9,5.4,9.5,20.1,4.3,-0.5,0.496,10.974160206718347,6.630490956072351,2.41343669250646,0.35142118863049093,1.3333333333333333,4.4005167958656335
Wayne Ellington,76.0,207.0,5461.0,681.0,755.0,1265.0,216.0,456.0,52.0,371.0,0.846,0.378,0.408,11.1,18.2,11.0,7.2,17.2,1.6,-1.6,0.534,8.019089574155654,1.1086637298091042,0.6696035242290749,0.0763582966226138,0.5447870778267254,2.1747430249632895
Dennis Smith Jr.,74.0,205.0,1957.0,156.0,708.0,390.0,103.0,406.0,46.0,166.0,0.647,0.314,0.4,11.9,-1.6,-4.9,3.4,26.6,-0.7,-2.7,0.475,12.544871794871796,4.538461538461538,2.6025641025641026,0.2948717948717949,1.064102564102564,3.16025641025641
Reggie Bullock,78.0,205.0,2090.0,301.0,342.0,530.0,101.0,170.0,38.0,159.0,0.826,0.385,0.43,11.0,10.3,5.5,4.8,15.0,1.8,-0.8,0.56,6.943521594684386,1.1362126245847175,0.5647840531561462,0.12624584717607973,0.5282392026578073,2.096345514950166
Maurice Harkless,79.0,220.0,3848.0,537.0,505.0,1364.0,633.0,468.0,355.0,524.0,0.612,0.325,0.478,12.2,21.9,8.9,13.0,14.3,4.7,-0.5,0.544,7.165735567970205,0.9404096834264432,0.8715083798882681,0.6610800744878957,0.9757914338919925,3.7188081936685293
Ignas Brazdeikis,78.0,221.0,17.0,9.0,4.0,3.0,2.0,2.0,1.0,0.0,0.8,0.111,0.273,3.2,-0.1,-0.1,0.0,21.0,-0.1,-9.0,0.351,1.8888888888888888,0.4444444444444444,0.2222222222222222,0.1111111111111111,0.0,0.5555555555555556
Theo Pinson,77.0,212.0,201.0,51.0,77.0,76.0,14.0,51.0,4.0,23.0,0.895,0.214,0.307,6.2,-0.6,-1.2,0.7,21.5,-0.5,-5.6,0.411,3.9411764705882355,1.5098039215686274,1.0,0.0784313725490196,0.45098039215686275,1.7647058823529411
Shai Gilgeous-Alexander,77.0,180.0,2220.0,152.0,502.0,540.0,104.0,275.0,92.0,175.0,0.804,0.354,0.473,15.7,9.5,4.6,4.9,21.1,3.1,0.7,0.562,14.605263157894736,3.3026315789473686,1.8092105263157894,0.6052631578947368,1.1513157894736843,4.236842105263158
Chris Paul,73.0,175.0,18829.0,1020.0,9653.0,3944.0,667.0,2465.0,133.0,2233.0,0.87,0.37,0.471,25.1,180.3,132.6,47.8,23.9,86.0,7.6,0.582,18.45980392156863,9.463725490196078,2.4166666666666665,0.1303921568627451,2.18921568627451,4.520588235294118
Steven Adams,83.0,265.0,5191.0,530.0,615.0,2206.0,1823.0,757.0,531.0,469.0,0.557,0.1,0.589,17.2,45.2,25.8,19.4,15.3,8.6,0.4,0.596,9.794339622641509,1.1603773584905661,1.4283018867924528,1.0018867924528303,0.8849056603773585,7.60188679245283
Nerlens Noel,82.0,220.0,2894.0,361.0,422.0,1542.0,698.0,495.0,501.0,472.0,0.648,0.286,0.543,17.4,21.6,6.9,14.6,16.6,5.9,0.9,0.569,8.016620498614959,1.1689750692520775,1.371191135734072,1.3878116343490305,1.3074792243767313,6.204986149584487
Abdel Nader,77.0,225.0,732.0,164.0,84.0,246.0,41.0,103.0,42.0,58.0,0.716,0.352,0.421,8.9,2.1,-0.4,2.5,16.4,-0.4,-2.8,0.531,4.463414634146342,0.5121951219512195,0.6280487804878049,0.25609756097560976,0.35365853658536583,1.75
Mike Muscala,82.0,240.0,1983.0,354.0,328.0,798.0,312.0,222.0,174.0,124.0,0.839,0.368,0.46,13.5,13.2,7.0,6.2,15.5,2.4,-0.2,0.579,5.601694915254237,0.9265536723163842,0.6271186440677966,0.4915254237288136,0.3502824858757062,3.135593220338983
Hamidou Diallo,77.0,202.0,508.0,97.0,53.0,182.0,82.0,74.0,19.0,58.0,0.607,0.247,0.449,9.6,1.2,-0.7,1.8,17.7,-0.7,-4.0,0.494,5.237113402061856,0.5463917525773195,0.7628865979381443,0.1958762886597938,0.5979381443298969,2.7216494845360826
Deonte Burton,76.0,240.0,186.0,71.0,26.0,74.0,11.0,28.0,18.0,13.0,0.615,0.225,0.367,5.4,-0.4,-1.0,0.7,17.7,-0.6,-5.8,0.426,2.619718309859155,0.36619718309859156,0.39436619718309857,0.2535211267605634,0.18309859154929578,1.1971830985915493
Luguentz Dort,75.0,220.0,244.0,36.0,27.0,57.0,24.0,22.0,4.0,31.0,0.792,0.297,0.394,7.6,0.8,0.1,0.8,14.1,-0.4,-3.7,0.506,6.777777777777778,0.75,0.6111111111111112,0.1111111111111111,0.8611111111111112,2.25
Devon Hall,74.0,215.0,20.0,11.0,13.0,5.0,2.0,5.0,1.0,4.0,0.5,0.235,0.2,3.1,-0.2,-0.3,0.1,20.9,-0.1,-6.4,0.298,1.8181818181818181,1.1818181818181819,0.45454545454545453,0.09090909090909091,0.36363636363636365,0.6363636363636364
Andre Roberson,79.0,210.0,1376.0,302.0,261.0,860.0,355.0,183.0,198.0,265.0,0.468,0.255,0.477,9.8,12.7,4.3,8.4,9.5,2.4,-0.6,0.524,4.556291390728477,0.8642384105960265,0.6059602649006622,0.6556291390728477,0.8774834437086093,4.023178807947019
Markelle Fultz,75.0,209.0,1125.0,105.0,481.0,273.0,78.0,189.0,20.0,119.0,0.677,0.267,0.452,13.5,3.2,0.4,2.8,21.2,0.0,-2.1,0.496,10.714285714285714,4.580952380952381,1.8,0.19047619047619047,1.1333333333333333,3.342857142857143
Terrence Ross,78.0,206.0,6179.0,561.0,617.0,1389.0,199.0,508.0,188.0,477.0,0.828,0.37,0.42,12.8,22.2,9.5,12.8,20.0,5.2,-0.5,0.542,11.014260249554367,1.0998217468805704,0.9055258467023173,0.33511586452762926,0.8502673796791443,2.83065953654189
Aaron Gordon,80.0,235.0,5143.0,403.0,964.0,1948.0,639.0,562.0,257.0,312.0,0.701,0.319,0.448,15.3,21.7,9.5,12.2,20.6,5.7,0.0,0.531,12.761786600496277,2.392059553349876,1.3945409429280398,0.6377171215880894,0.7741935483870968,6.419354838709677
D.J. Augustin,71.0,183.0,8527.0,864.0,3466.0,1382.0,261.0,1307.0,30.0,522.0,0.865,0.379,0.412,14.2,44.8,31.0,13.8,19.4,8.0,-0.5,0.556,9.869212962962964,4.011574074074074,1.5127314814814814,0.034722222222222224,0.6041666666666666,1.9016203703703702
Wesley Iwundu,78.0,195.0,868.0,182.0,190.0,355.0,97.0,100.0,47.0,86.0,0.794,0.319,0.418,8.9,4.2,1.3,2.9,12.7,-1.1,-3.4,0.521,4.769230769230769,1.043956043956044,0.5494505494505495,0.25824175824175827,0.4725274725274725,2.4835164835164836
Khem Birch,81.0,233.0,630.0,140.0,122.0,350.0,240.0,72.0,73.0,53.0,0.678,0.0,0.552,15.2,6.8,4.3,2.5,12.2,0.6,-0.9,0.597,4.5,0.8714285714285714,0.5142857142857142,0.5214285714285715,0.37857142857142856,4.214285714285714
Michael Carter-Williams,77.0,190.0,3749.0,360.0,1572.0,1235.0,339.0,843.0,197.0,472.0,0.713,0.256,0.402,13.9,7.1,-3.7,10.7,22.9,2.5,-0.9,0.475,10.41388888888889,4.366666666666666,2.341666666666667,0.5472222222222223,1.3111111111111111,4.372222222222222
Jonathan Isaac,83.0,230.0,1269.0,136.0,146.0,568.0,173.0,151.0,206.0,145.0,0.797,0.33,0.435,13.7,6.7,0.9,5.8,16.6,2.0,0.2,0.532,9.330882352941176,1.0735294117647058,1.1102941176470589,1.5147058823529411,1.0661764705882353,5.4485294117647065
Gary Clark,78.0,225.0,304.0,93.0,35.0,165.0,61.0,17.0,48.0,26.0,0.941,0.321,0.366,9.9,2.1,0.9,1.2,11.0,0.2,-1.3,0.521,3.2688172043010755,0.3763440860215054,0.1827956989247312,0.5161290322580645,0.27956989247311825,2.4301075268817205
James Ennis,78.0,215.0,2255.0,347.0,308.0,783.0,345.0,265.0,104.0,210.0,0.795,0.35,0.455,11.5,14.1,7.9,6.1,14.1,1.0,-1.4,0.577,6.498559077809798,0.8876080691642652,0.7636887608069164,0.29971181556195964,0.6051873198847262,3.2507204610951006
Melvin Frazier,77.0,215.0,55.0,29.0,4.0,10.0,5.0,6.0,2.0,10.0,0.375,0.364,0.4,7.5,0.0,-0.2,0.2,16.4,-0.2,-5.4,0.47,1.896551724137931,0.13793103448275862,0.20689655172413793,0.06896551724137931,0.3448275862068966,0.5172413793103449
Al-Farouq Aminu,80.0,220.0,5248.0,688.0,848.0,3210.0,960.0,835.0,388.0,659.0,0.745,0.335,0.421,12.3,27.5,7.3,20.2,15.2,6.7,-0.5,0.518,7.627906976744186,1.2325581395348837,1.2136627906976745,0.563953488372093,0.9578488372093024,6.061046511627906
B.J. Johnson,79.0,200.0,53.0,17.0,3.0,18.0,5.0,8.0,0.0,5.0,0.917,0.375,0.36,8.1,-0.1,-0.2,0.1,20.3,-0.2,-7.2,0.479,3.1176470588235294,0.17647058823529413,0.47058823529411764,0.0,0.29411764705882354,1.3529411764705883
Vic Law,79.0,200.0,15.0,8.0,3.0,9.0,2.0,2.0,0.0,2.0,0.333,0.143,0.333,3.7,-0.1,-0.1,0.1,15.8,-0.1,-9.6,0.363,1.875,0.375,0.25,0.0,0.25,1.375
Tobias Harris,80.0,226.0,9846.0,618.0,1256.0,3126.0,619.0,854.0,302.0,455.0,0.82,0.365,0.471,16.7,45.7,27.2,18.4,22.2,14.1,0.9,0.561,15.932038834951456,2.0323624595469254,1.3818770226537216,0.4886731391585761,0.7362459546925566,6.059870550161812
Mike Scott,79.0,237.0,3523.0,504.0,459.0,1240.0,367.0,338.0,60.0,158.0,0.759,0.364,0.459,12.9,15.8,8.0,7.8,18.7,0.8,-1.6,0.556,6.990079365079365,0.9107142857142857,0.6706349206349206,0.11904761904761904,0.3134920634920635,3.1884920634920637
Al Horford,81.0,240.0,11890.0,853.0,2818.0,5255.0,1798.0,1344.0,1008.0,688.0,0.754,0.364,0.52,18.7,91.1,51.0,40.1,19.2,33.7,2.8,0.569,13.939038686987104,3.3036342321219228,1.5756154747948417,1.1817116060961312,0.8065650644783119,8.268464243845251
Matisse Thybulle,77.0,201.0,305.0,65.0,79.0,63.0,44.0,51.0,47.0,94.0,0.61,0.357,0.423,10.0,2.3,0.3,2.0,11.2,0.8,0.3,0.539,4.6923076923076925,1.2153846153846153,0.7846153846153846,0.7230769230769231,1.4461538461538461,1.646153846153846
Ben Simmons,82.0,240.0,3553.0,217.0,1726.0,1370.0,430.0,752.0,164.0,371.0,0.593,0.083,0.56,20.1,24.4,12.6,11.7,21.8,11.2,3.9,0.578,16.37327188940092,7.953917050691245,3.4654377880184333,0.7557603686635944,1.7096774193548387,8.294930875576037
Josh Richardson,77.0,200.0,3889.0,314.0,904.0,777.0,220.0,457.0,209.0,348.0,0.818,0.363,0.426,12.7,17.9,6.9,10.9,18.6,4.2,-0.3,0.536,12.385350318471337,2.878980891719745,1.4554140127388535,0.6656050955414012,1.10828025477707,3.1751592356687897
Joel Embiid,84.0,280.0,5005.0,209.0,651.0,1892.0,505.0,736.0,374.0,158.0,0.793,0.319,0.48,24.8,22.8,11.1,11.8,33.6,10.1,4.3,0.585,23.94736842105263,3.1148325358851676,3.521531100478469,1.7894736842105263,0.7559808612440191,11.4688995215311
Kyle O'Quinn,81.0,250.0,2568.0,472.0,643.0,1538.0,628.0,458.0,453.0,189.0,0.74,0.218,0.517,17.9,17.8,7.7,10.2,18.4,5.0,0.9,0.554,5.440677966101695,1.3622881355932204,0.9703389830508474,0.9597457627118644,0.4004237288135593,4.588983050847458
Alec Burks,78.0,214.0,5082.0,495.0,918.0,1284.0,302.0,628.0,92.0,322.0,0.791,0.364,0.422,14.1,16.7,9.1,7.6,22.5,2.5,-1.1,0.531,10.266666666666667,1.8545454545454545,1.2686868686868686,0.18585858585858586,0.6505050505050505,3.204040404040404
Glenn Robinson III,78.0,222.0,1683.0,281.0,218.0,538.0,193.0,144.0,55.0,145.0,0.768,0.373,0.459,11.6,7.6,3.9,3.7,14.8,0.6,-1.5,0.55,5.98932384341637,0.7758007117437722,0.5124555160142349,0.19572953736654805,0.5160142348754448,2.601423487544484
Zhaire Smith,75.0,205.0,48.0,13.0,12.0,12.0,3.0,8.0,2.0,5.0,0.667,0.316,0.378,7.6,0.0,-0.1,0.1,17.2,-0.2,-6.1,0.477,3.6923076923076925,0.9230769230769231,0.6153846153846154,0.15384615384615385,0.38461538461538464,1.153846153846154
Marial Shayok,77.0,198.0,11.0,4.0,1.0,6.0,1.0,3.0,1.0,0.0,0.75,0.333,0.25,1.4,-0.1,-0.1,0.0,25.8,-0.1,-13.0,0.4,2.75,0.25,0.75,0.25,0.0,1.75
Ryan Broekhoff,78.0,215.0,238.0,59.0,33.0,93.0,13.0,22.0,8.0,11.0,0.815,0.403,0.427,11.4,1.2,0.7,0.5,14.8,0.2,-0.5,0.604,4.033898305084746,0.559322033898305,0.3728813559322034,0.13559322033898305,0.1864406779661017,1.7966101694915255
Mikal Bridges,78.0,209.0,1351.0,155.0,302.0,434.0,122.0,143.0,84.0,231.0,0.825,0.345,0.467,11.8,7.7,4.3,3.4,12.4,1.7,-0.5,0.586,8.716129032258065,1.9483870967741936,0.9225806451612903,0.5419354838709678,1.4903225806451612,3.587096774193548
Devin Booker,77.0,206.0,7683.0,342.0,1610.0,1075.0,167.0,1123.0,86.0,268.0,0.871,0.354,0.448,17.1,17.3,13.7,3.7,29.2,5.3,-0.2,0.568,22.464912280701753,4.707602339181286,3.283625730994152,0.25146198830409355,0.783625730994152,3.6315789473684212
Jevon Carter,73.0,200.0,459.0,97.0,153.0,140.0,44.0,65.0,28.0,73.0,0.831,0.387,0.367,10.0,1.8,0.2,1.6,14.8,0.3,-1.1,0.506,4.731958762886598,1.577319587628866,0.6701030927835051,0.28865979381443296,0.7525773195876289,1.8969072164948453
Cameron Johnson,80.0,210.0,504.0,57.0,69.0,138.0,49.0,32.0,20.0,36.0,0.807,0.39,0.435,12.9,2.7,1.7,1.0,15.7,0.7,0.3,0.586,8.842105263157896,1.2105263157894737,0.5614035087719298,0.3508771929824561,0.631578947368421,3.280701754385965
Kelly Oubre Jr.,79.0,203.0,3783.0,348.0,327.0,1160.0,283.0,360.0,158.0,315.0,0.778,0.329,0.431,12.5,12.1,4.2,7.9,19.9,0.2,-1.9,0.541,10.870689655172415,0.9396551724137931,1.0344827586206897,0.4540229885057471,0.9051724137931034,4.1465517241379315
Cheick Diallo,80.0,219.0,947.0,180.0,78.0,572.0,175.0,116.0,73.0,55.0,0.772,0.286,0.598,17.1,6.3,3.5,2.8,17.0,0.4,-1.3,0.631,5.261111111111111,0.43333333333333335,0.6444444444444445,0.40555555555555556,0.3055555555555556,4.1499999999999995
Aron Baynes,82.0,260.0,2791.0,469.0,374.0,1405.0,718.0,399.0,232.0,101.0,0.8,0.327,0.495,14.1,19.1,9.0,10.0,17.4,-0.2,-2.1,0.556,5.950959488272921,0.7974413646055437,0.8507462686567164,0.4946695095948827,0.21535181236673773,4.526652452025586
Frank Kaminsky,84.0,240.0,3136.0,321.0,527.0,1052.0,246.0,278.0,118.0,146.0,0.75,0.347,0.422,13.8,12.4,6.0,6.4,20.3,2.5,-0.6,0.531,9.769470404984423,1.6417445482866044,0.8660436137071651,0.367601246105919,0.45482866043613707,4.043613707165109
Deandre Ayton,83.0,250.0,1849.0,109.0,197.0,795.0,370.0,206.0,125.0,87.0,0.748,0.176,0.57,20.3,9.0,5.6,3.3,22.1,2.0,0.3,0.593,16.96330275229358,1.8073394495412844,1.889908256880734,1.146788990825688,0.7981651376146789,10.688073394495413
Ty Jerome,77.0,195.0,102.0,31.0,44.0,39.0,7.0,18.0,3.0,15.0,0.75,0.28,0.336,7.9,0.0,-0.3,0.3,17.9,-0.2,-3.8,0.425,3.2903225806451615,1.4193548387096775,0.5806451612903226,0.0967741935483871,0.4838709677419355,1.4838709677419355
Cameron Payne,75.0,190.0,1001.0,161.0,406.0,258.0,47.0,165.0,30.0,112.0,0.781,0.344,0.403,11.7,2.7,0.5,2.2,19.4,0.0,-2.0,0.491,6.217391304347826,2.5217391304347827,1.0248447204968945,0.18633540372670807,0.6956521739130435,1.8944099378881987
Tariq Owens,82.0,205.0,4.0,3.0,0.0,1.0,2.0,0.0,0.0,1.0,1.0,0.0,0.2,8.4,0.0,0.0,0.0,16.7,0.0,-5.8,0.34,1.3333333333333333,0.0,0.0,0.0,0.3333333333333333,1.0
CJ McCollum,75.0,190.0,8884.0,481.0,1506.0,1298.0,289.0,835.0,180.0,412.0,0.827,0.397,0.454,17.2,32.0,22.3,9.6,26.0,11.1,1.0,0.55,18.46985446985447,3.130977130977131,1.735966735966736,0.37422037422037424,0.8565488565488566,3.2993762993762994
Hassan Whiteside,84.0,265.0,5623.0,410.0,281.0,3433.0,1381.0,663.0,994.0,240.0,0.608,0.32,0.582,24.3,45.3,22.3,23.0,21.7,13.3,2.8,0.599,13.714634146341464,0.6853658536585366,1.6170731707317074,2.424390243902439,0.5853658536585366,11.741463414634147
Damian Lillard,74.0,195.0,14887.0,615.0,4009.0,2193.0,380.0,1709.0,193.0,603.0,0.889,0.373,0.437,22.0,81.9,67.3,14.6,28.5,37.8,4.7,0.579,24.20650406504065,6.51869918699187,2.778861788617886,0.31382113821138213,0.9804878048780488,4.183739837398374
Gary Trent Jr.,77.0,209.0,581.0,76.0,66.0,85.0,26.0,25.0,18.0,49.0,0.769,0.405,0.432,12.2,2.3,1.9,0.4,15.8,0.3,-1.1,0.565,7.644736842105263,0.868421052631579,0.32894736842105265,0.23684210526315788,0.6447368421052632,1.4605263157894737
Carmelo Anthony,80.0,238.0,26446.0,1122.0,3250.0,5417.0,1889.0,2932.0,554.0,1130.0,0.812,0.349,0.448,19.9,102.3,66.8,35.5,30.3,35.6,1.5,0.541,23.570409982174688,2.8966131907308377,2.6131907308377897,0.49376114081996436,1.0071301247771836,6.5115864527629235
Nassir Little,77.0,220.0,172.0,48.0,22.0,77.0,31.0,15.0,14.0,13.0,0.636,0.237,0.43,9.6,0.6,0.3,0.3,13.7,-0.2,-3.5,0.505,3.5833333333333335,0.4583333333333333,0.3125,0.2916666666666667,0.2708333333333333,2.25
Trevor Ariza,80.0,215.0,11215.0,1064.0,2297.0,4086.0,1044.0,1441.0,331.0,1584.0,0.732,0.352,0.423,13.2,62.5,24.5,38.0,16.7,21.8,0.7,0.536,10.540413533834586,2.1588345864661656,1.3543233082706767,0.31109022556390975,1.4887218045112782,4.821428571428571
Rodney Hood,80.0,208.0,4247.0,341.0,645.0,860.0,120.0,379.0,67.0,262.0,0.839,0.372,0.426,13.2,17.1,9.6,7.5,20.8,3.4,-0.5,0.542,12.454545454545455,1.8914956011730206,1.1114369501466275,0.19648093841642228,0.7683284457478006,2.873900293255132
Caleb Swanigan,81.0,260.0,169.0,75.0,56.0,159.0,59.0,73.0,11.0,14.0,0.614,0.118,0.438,6.8,-0.2,-0.9,0.7,16.5,-0.7,-6.2,0.471,2.2533333333333334,0.7466666666666667,0.9733333333333334,0.14666666666666667,0.18666666666666668,2.9066666666666667
Wenyen Gabriel,81.0,200.0,63.0,30.0,8.0,31.0,21.0,16.0,7.0,11.0,0.682,0.3,0.438,9.6,0.2,0.0,0.2,13.4,-0.1,-3.8,0.546,2.1,0.26666666666666666,0.5333333333333333,0.23333333333333334,0.36666666666666664,1.7333333333333334
Jaylen Hoard,80.0,216.0,38.0,13.0,4.0,18.0,14.0,4.0,0.0,5.0,0.615,0.0,0.469,14.9,0.2,0.1,0.1,17.2,0.0,-1.9,0.504,2.923076923076923,0.3076923076923077,0.3076923076923077,0.0,0.38461538461538464,2.4615384615384617
Zach Collins,83.0,250.0,881.0,154.0,139.0,435.0,179.0,149.0,102.0,47.0,0.722,0.324,0.444,10.8,3.9,0.9,3.0,15.7,-0.4,-2.6,0.528,5.720779220779221,0.9025974025974026,0.9675324675324676,0.6623376623376623,0.3051948051948052,3.9870129870129873
Jaylen Adams,74.0,190.0,108.0,34.0,65.0,49.0,11.0,28.0,5.0,14.0,0.778,0.338,0.345,7.6,0.1,-0.1,0.2,13.5,-0.2,-4.3,0.474,3.176470588235294,1.911764705882353,0.8235294117647058,0.14705882352941177,0.4117647058823529,1.7647058823529411
Buddy Hield,76.0,220.0,5022.0,316.0,694.0,1063.0,253.0,539.0,81.0,247.0,0.866,0.411,0.441,15.6,13.0,7.0,5.9,24.6,5.9,0.7,0.566,15.89240506329114,2.1962025316455698,1.7056962025316456,0.2563291139240506,0.7816455696202531,4.1645569620253164
Harrison Barnes,80.0,225.0,8368.0,612.0,989.0,2383.0,617.0,719.0,117.0,426.0,0.796,0.375,0.448,13.3,34.3,17.9,16.3,19.6,4.5,-1.0,0.544,13.673202614379084,1.6160130718954249,1.1748366013071896,0.19117647058823528,0.696078431372549,4.901960784313726
Cory Joseph,75.0,200.0,4123.0,600.0,1736.0,1246.0,305.0,600.0,132.0,459.0,0.769,0.332,0.441,12.2,24.1,10.9,13.2,15.7,3.8,-0.9,0.514,6.871666666666667,2.8933333333333335,1.0,0.22,0.765,2.585
De'Aaron Fox,75.0,185.0,3320.0,205.0,1258.0,593.0,111.0,558.0,90.0,277.0,0.718,0.328,0.451,16.5,9.1,4.1,4.9,25.6,2.7,-0.3,0.53,16.195121951219512,6.136585365853659,2.7219512195121953,0.43902439024390244,1.351219512195122,3.4341463414634146
Harry Giles,83.0,240.0,724.0,104.0,145.0,301.0,109.0,117.0,40.0,53.0,0.686,0.0,0.524,15.3,2.5,0.8,1.8,22.0,-0.1,-2.2,0.548,6.961538461538462,1.3942307692307692,1.125,0.38461538461538464,0.5096153846153846,3.9423076923076925
Richaun Holmes,82.0,235.0,2268.0,270.0,254.0,891.0,455.0,216.0,259.0,164.0,0.724,0.257,0.583,18.8,17.3,11.3,6.0,17.3,3.2,0.6,0.625,8.4,0.9407407407407408,0.8,0.9592592592592593,0.6074074074074074,4.985185185185185
Justin James,79.0,190.0,89.0,36.0,18.0,26.0,6.0,8.0,9.0,6.0,0.476,0.31,0.417,11.0,0.1,-0.1,0.2,18.9,0.0,-1.4,0.477,2.4722222222222223,0.5,0.2222222222222222,0.25,0.16666666666666666,0.8888888888888888
Kent Bazemore,76.0,195.0,4801.0,551.0,1012.0,1576.0,198.0,802.0,267.0,564.0,0.726,0.351,0.413,11.8,11.6,-2.9,14.5,20.2,2.0,-1.3,0.52,8.713248638838476,1.8366606170598911,1.455535390199637,0.484573502722323,1.0235934664246824,3.2196007259528128
Alex Len,84.0,250.0,3713.0,467.0,395.0,1972.0,948.0,577.0,461.0,191.0,0.69,0.333,0.495,15.3,18.0,8.7,9.3,18.1,-0.1,-2.0,0.552,7.950749464668094,0.8458244111349036,1.2355460385438972,0.987152034261242,0.4089935760171306,6.252676659528907
DaQuan Jeffries,77.0,230.0,50.0,13.0,7.0,15.0,3.0,2.0,1.0,4.0,0.833,0.278,0.5,11.2,0.3,0.2,0.1,13.7,-0.1,-3.8,0.586,3.8461538461538463,0.5384615384615384,0.15384615384615385,0.07692307692307693,0.3076923076923077,1.3846153846153846
Jabari Parker,80.0,245.0,4255.0,285.0,593.0,1199.0,434.0,516.0,112.0,266.0,0.74,0.324,0.493,16.4,13.2,6.9,6.3,23.5,2.4,-0.8,0.552,14.929824561403509,2.0807017543859647,1.8105263157894738,0.3929824561403509,0.9333333333333333,5.729824561403509
Corey Brewer,81.0,186.0,7097.0,819.0,1250.0,1674.0,613.0,950.0,222.0,1023.0,0.713,0.284,0.425,11.8,22.5,5.6,16.9,18.5,2.0,-1.6,0.502,8.665445665445665,1.5262515262515262,1.15995115995116,0.27106227106227104,1.249084249084249,2.7924297924297923
DeMar DeRozan,78.0,220.0,16435.0,820.0,2933.0,2964.0,612.0,1686.0,241.0,811.0,0.829,0.282,0.458,18.2,67.5,47.9,19.7,27.1,16.9,0.4,0.542,20.04268292682927,3.5768292682926828,2.05609756097561,0.2939024390243902,0.9890243902439024,4.360975609756098
Derrick White,76.0,190.0,1482.0,152.0,513.0,421.0,75.0,192.0,109.0,115.0,0.816,0.364,0.469,15.6,8.3,5.1,3.2,18.2,2.8,1.1,0.577,9.75,3.375,1.263157894736842,0.7171052631578947,0.756578947368421,3.263157894736842
Rudy Gay,80.0,250.0,16187.0,946.0,2079.0,4258.0,1317.0,2096.0,721.0,1142.0,0.799,0.347,0.456,16.7,57.0,26.4,30.5,24.5,21.9,0.8,0.536,17.110993657505286,2.197674418604651,2.2156448202959833,0.7621564482029598,1.2071881606765327,5.893234672304439
Dejounte Murray,76.0,180.0,1504.0,185.0,550.0,699.0,185.0,297.0,54.0,216.0,0.743,0.351,0.451,15.1,5.8,0.0,5.8,21.0,1.9,0.0,0.505,8.12972972972973,2.972972972972973,1.6054054054054054,0.2918918918918919,1.1675675675675676,4.778378378378378
Jakob Poeltl,85.0,245.0,1527.0,279.0,278.0,791.0,552.0,216.0,283.0,122.0,0.536,0.5,0.638,17.7,16.3,10.0,6.3,13.5,3.4,0.9,0.635,5.473118279569892,0.996415770609319,0.7741935483870968,1.014336917562724,0.43727598566308246,4.813620071684587
Bryn Forbes,74.0,205.0,2323.0,261.0,386.0,454.0,44.0,185.0,6.0,107.0,0.801,0.4,0.431,10.7,7.5,4.4,3.2,17.5,-0.5,-2.3,0.559,8.900383141762452,1.4789272030651341,0.7088122605363985,0.022988505747126436,0.4099616858237548,1.9080459770114944
Trey Lyles,81.0,234.0,2602.0,351.0,375.0,1211.0,277.0,297.0,123.0,140.0,0.708,0.341,0.433,13.1,10.3,3.3,7.0,19.4,1.3,-1.2,0.527,7.413105413105413,1.0683760683760684,0.8461538461538461,0.3504273504273504,0.39886039886039887,4.239316239316239
LaMarcus Aldridge,83.0,250.0,19599.0,1003.0,1985.0,5676.0,2684.0,1572.0,1111.0,733.0,0.811,0.312,0.491,20.8,111.4,70.3,41.1,25.9,32.4,1.7,0.543,19.54037886340977,1.9790628115653042,1.5672981056829511,1.1076769690927217,0.7308075772681955,8.334995014955135
Drew Eubanks,81.0,245.0,148.0,45.0,22.0,85.0,34.0,29.0,22.0,7.0,0.795,1.0,0.624,16.7,1.0,0.6,0.4,15.7,0.0,-1.6,0.672,3.2888888888888888,0.4888888888888889,0.6444444444444445,0.4888888888888889,0.15555555555555556,2.6444444444444444
Chimezie Metu,81.0,225.0,109.0,47.0,23.0,48.0,21.0,25.0,8.0,9.0,0.767,0.0,0.43,13.0,0.0,-0.3,0.3,24.1,-0.1,-4.3,0.481,2.3191489361702127,0.48936170212765956,0.5319148936170213,0.1702127659574468,0.19148936170212766,1.4680851063829787
Keldon Johnson,77.0,220.0,154.0,17.0,15.0,47.0,10.0,13.0,2.0,14.0,0.795,0.591,0.596,19.1,1.1,0.8,0.2,17.4,0.3,1.5,0.711,9.058823529411764,0.8823529411764706,0.7647058823529411,0.11764705882352941,0.8235294117647058,3.3529411764705883
Quinndary Weatherspoon,75.0,205.0,12.0,11.0,11.0,6.0,1.0,5.0,1.0,3.0,0.5,0.2,0.294,3.2,-0.1,-0.2,0.0,12.7,-0.1,-7.4,0.336,1.0909090909090908,1.0,0.45454545454545453,0.09090909090909091,0.2727272727272727,0.6363636363636364
Tyler Zeller,84.0,253.0,2873.0,414.0,367.0,1183.0,637.0,348.0,241.0,104.0,0.764,0.286,0.508,14.9,17.1,10.4,6.6,17.8,0.0,-2.0,0.553,6.9396135265700485,0.8864734299516909,0.8405797101449275,0.5821256038647343,0.25120772946859904,4.396135265700483
Terence Davis,76.0,201.0,543.0,72.0,115.0,187.0,50.0,76.0,14.0,39.0,0.864,0.388,0.456,13.8,3.1,1.2,1.9,19.0,0.8,0.8,0.588,7.541666666666667,1.5972222222222223,1.0555555555555556,0.19444444444444445,0.5416666666666666,3.291666666666667
OG Anunoby,79.0,232.0,1640.0,210.0,210.0,563.0,182.0,179.0,81.0,194.0,0.65,0.365,0.48,11.3,10.7,3.8,7.0,14.0,2.1,-0.3,0.579,7.809523809523809,1.0,0.8523809523809524,0.38571428571428573,0.9238095238095239,3.5476190476190474
Chris Boucher,81.0,200.0,504.0,91.0,28.0,211.0,123.0,35.0,85.0,28.0,0.794,0.321,0.465,20.9,4.5,2.3,2.2,20.4,1.0,2.1,0.581,5.538461538461538,0.3076923076923077,0.38461538461538464,0.9340659340659341,0.3076923076923077,3.6703296703296706
Pascal Siakam,81.0,230.0,3543.0,276.0,631.0,1206.0,331.0,402.0,192.0,222.0,0.764,0.334,0.5,16.6,20.9,10.1,10.9,20.8,6.2,1.4,0.577,12.83695652173913,2.286231884057971,1.4565217391304348,0.6956521739130435,0.8043478260869565,5.5688405797101455
Rondae Hollis-Jefferson,78.0,217.0,2733.0,294.0,566.0,1229.0,429.0,390.0,158.0,276.0,0.738,0.213,0.448,14.7,12.5,4.0,8.5,19.5,2.2,-0.7,0.518,9.295918367346939,1.9251700680272108,1.3265306122448979,0.5374149659863946,0.9387755102040817,5.639455782312925
Kyle Lowry,72.0,196.0,13481.0,914.0,5657.0,3210.0,736.0,2125.0,267.0,1238.0,0.809,0.366,0.423,18.4,94.1,63.2,30.9,21.7,38.2,3.2,0.566,14.74945295404814,6.189277899343545,2.324945295404814,0.2921225382932166,1.3544857768052516,4.317286652078774
Norman Powell,75.0,215.0,2640.0,307.0,400.0,630.0,98.0,310.0,74.0,217.0,0.818,0.361,0.457,13.5,12.0,4.9,7.1,20.0,2.5,-0.3,0.57,8.599348534201955,1.3029315960912051,1.009771986970684,0.24104234527687296,0.7068403908794788,2.3713355048859937
Matt Thomas,76.0,190.0,202.0,41.0,22.0,52.0,9.0,16.0,1.0,10.0,0.75,0.475,0.487,13.3,1.2,0.7,0.6,16.6,0.3,1.1,0.65,4.926829268292683,0.5365853658536586,0.3902439024390244,0.024390243902439025,0.24390243902439024,1.4878048780487805
Patrick McCaw,79.0,181.0,755.0,194.0,266.0,253.0,63.0,123.0,31.0,137.0,0.779,0.305,0.419,7.7,4.2,0.5,3.8,11.2,-0.7,-2.8,0.51,3.8917525773195876,1.3711340206185567,0.634020618556701,0.15979381443298968,0.7061855670103093,1.6288659793814433
Malcolm Miller,79.0,210.0,108.0,53.0,15.0,29.0,7.0,10.0,5.0,7.0,0.625,0.406,0.434,8.8,0.7,0.3,0.4,12.2,0.1,-1.5,0.6,2.0377358490566038,0.2830188679245283,0.18867924528301888,0.09433962264150944,0.1320754716981132,0.6792452830188679
Stanley Johnson,78.0,242.0,2045.0,310.0,443.0,833.0,168.0,358.0,68.0,272.0,0.755,0.293,0.374,8.7,3.4,-4.6,8.0,17.6,-1.4,-2.9,0.467,6.596774193548387,1.429032258064516,1.1548387096774193,0.21935483870967742,0.8774193548387097,3.229032258064516
Oshae Brissett,79.0,210.0,37.0,19.0,7.0,17.0,9.0,7.0,1.0,4.0,0.8,0.2,0.361,6.7,0.1,-0.1,0.2,15.0,-0.1,-5.4,0.458,1.9473684210526316,0.3684210526315789,0.3684210526315789,0.05263157894736842,0.21052631578947367,1.368421052631579
Paul Watson,79.0,215.0,31.0,10.0,8.0,15.0,2.0,3.0,1.0,4.0,0.778,0.333,0.385,12.6,0.2,0.0,0.1,16.1,0.0,-0.4,0.517,3.1,0.8,0.3,0.1,0.4,1.7
Royce O'Neale,76.0,226.0,1219.0,222.0,399.0,836.0,74.0,186.0,72.0,149.0,0.78,0.375,0.445,9.6,9.9,3.1,6.9,11.3,2.7,0.2,0.571,5.490990990990991,1.7972972972972974,0.8378378378378378,0.32432432432432434,0.6711711711711712,4.099099099099099
Donovan Mitchell,73.0,215.0,5100.0,225.0,907.0,752.0,164.0,617.0,72.0,294.0,0.824,0.355,0.439,17.5,15.7,5.9,9.8,30.5,6.7,1.5,0.545,22.666666666666668,4.0311111111111115,2.7422222222222223,0.32,1.3066666666666666,4.071111111111112
Georges Niang,79.0,230.0,657.0,157.0,87.0,209.0,31.0,61.0,11.0,33.0,0.827,0.387,0.436,11.4,2.8,1.1,1.6,17.6,0.5,-0.8,0.573,4.1847133757961785,0.554140127388535,0.3885350318471338,0.07006369426751592,0.21019108280254778,1.5286624203821655
Tony Bradley,82.0,248.0,310.0,70.0,25.0,169.0,124.0,33.0,35.0,16.0,0.66,0.75,0.634,21.1,3.4,2.2,1.2,16.3,0.5,0.6,0.651,4.428571428571429,0.35714285714285715,0.4714285714285714,0.5,0.22857142857142856,4.185714285714285
Mike Conley,73.0,175.0,12408.0,835.0,4717.0,2105.0,373.0,1678.0,167.0,1197.0,0.819,0.375,0.439,17.5,73.9,47.0,26.9,21.8,29.5,2.3,0.547,14.859880239520958,5.6491017964071855,2.009580838323353,0.2,1.4335329341317364,2.967664670658683
Jordan Clarkson,76.0,194.0,6699.0,453.0,1164.0,1037.0,387.0,754.0,62.0,388.0,0.818,0.342,0.446,15.6,13.9,10.3,3.6,24.9,3.9,-0.7,0.537,14.788079470198676,2.5695364238410594,1.664459161147903,0.1368653421633554,0.8565121412803532,3.143487858719647
Ed Davis,81.0,218.0,4215.0,668.0,511.0,2907.0,1530.0,520.0,544.0,333.0,0.583,0.0,0.568,16.5,41.9,24.6,17.4,14.0,6.2,-0.1,0.582,6.309880239520958,0.7649700598802395,0.7784431137724551,0.8143712574850299,0.49850299401197606,6.642215568862275
Juwan Morgan,80.0,232.0,36.0,21.0,6.0,19.0,10.0,6.0,2.0,1.0,0.75,0.375,0.577,10.1,0.3,0.2,0.1,11.0,0.0,-3.2,0.648,1.7142857142857142,0.2857142857142857,0.2857142857142857,0.09523809523809523,0.047619047619047616,1.380952380952381
Rayjon Tucker,77.0,210.0,62.0,20.0,5.0,17.0,3.0,8.0,1.0,1.0,0.826,0.176,0.465,9.7,0.2,0.1,0.1,16.6,-0.2,-6.0,0.584,3.1,0.25,0.4,0.05,0.05,1.0
Miye Oni,77.0,206.0,35.0,10.0,4.0,12.0,5.0,4.0,2.0,4.0,0.8,0.368,0.375,9.7,0.1,0.0,0.1,15.3,-0.1,-4.3,0.512,3.5,0.4,0.4,0.2,0.4,1.7
Nigel Williams-Goss,74.0,190.0,14.0,10.0,6.0,4.0,2.0,3.0,1.0,3.0,1.0,0.286,0.313,8.1,0.0,-0.1,0.1,17.4,0.0,-3.9,0.415,1.4,0.6,0.3,0.1,0.3,0.6000000000000001
Jarrell Brantley,77.0,250.0,24.0,9.0,11.0,18.0,2.0,7.0,5.0,3.0,0.5,0.231,0.357,8.0,0.0,-0.2,0.1,16.3,-0.1,-4.6,0.416,2.6666666666666665,1.2222222222222223,0.7777777777777778,0.5555555555555556,0.3333333333333333,2.2222222222222223
Justin Wright-Foreman,72.0,190.0,19.0,4.0,7.0,5.0,0.0,3.0,0.0,2.0,0.75,0.2,0.35,8.8,0.0,-0.1,0.1,24.1,-0.1,-9.0,0.437,4.75,1.75,0.75,0.0,0.5,1.25
Troy Brown Jr.,78.0,215.0,964.0,121.0,258.0,417.0,111.0,109.0,12.0,106.0,0.758,0.335,0.432,12.9,3.0,1.5,1.5,17.4,0.2,-1.7,0.514,7.966942148760331,2.1322314049586777,0.9008264462809917,0.09917355371900827,0.8760330578512396,4.363636363636363
Bradley Beal,75.0,207.0,11425.0,545.0,2171.0,1719.0,450.0,1241.0,214.0,622.0,0.807,0.38,0.452,17.8,41.5,26.9,14.6,26.6,17.0,1.6,0.559,20.96330275229358,3.98348623853211,2.2770642201834863,0.3926605504587156,1.1412844036697247,3.9798165137614676
Rui Hachimura,80.0,230.0,649.0,48.0,87.0,216.0,78.0,53.0,8.0,37.0,0.829,0.287,0.466,13.5,1.8,1.3,0.5,19.0,-0.4,-3.2,0.535,13.520833333333334,1.8125,1.1041666666666667,0.16666666666666666,0.7708333333333334,6.125
Thomas Bryant,82.0,248.0,1389.0,133.0,181.0,588.0,214.0,115.0,118.0,51.0,0.756,0.355,0.595,20.7,9.6,7.4,2.2,18.1,2.7,1.9,0.657,10.443609022556391,1.3609022556390977,0.8646616541353384,0.8872180451127819,0.38345864661654133,6.030075187969925
Moritz Wagner,83.0,245.0,600.0,88.0,80.0,231.0,73.0,105.0,32.0,39.0,0.818,0.299,0.494,13.4,1.9,0.8,1.1,19.7,-0.3,-3.0,0.597,6.818181818181818,0.9090909090909091,1.1931818181818181,0.36363636363636365,0.4431818181818182,3.4545454545454546
Admiral Schofield,77.0,241.0,99.0,33.0,15.0,40.0,7.0,7.0,4.0,8.0,0.667,0.311,0.38,6.1,0.1,0.1,0.1,11.9,-0.3,-5.5,0.502,3.0,0.45454545454545453,0.21212121212121213,0.12121212121212122,0.24242424242424243,1.4242424242424243
Gary Payton II,75.0,190.0,213.0,61.0,86.0,98.0,40.0,38.0,15.0,46.0,0.455,0.256,0.414,10.5,0.6,-0.1,0.8,14.9,-0.1,-2.5,0.464,3.4918032786885247,1.4098360655737705,0.6229508196721312,0.2459016393442623,0.7540983606557377,2.262295081967213
Jerome Robinson,76.0,190.0,431.0,96.0,106.0,154.0,16.0,62.0,20.0,39.0,0.697,0.319,0.379,7.3,0.3,-0.7,1.0,16.5,-0.7,-4.1,0.48,4.489583333333333,1.1041666666666667,0.6458333333333334,0.20833333333333334,0.40625,1.7708333333333335
Shabazz Napier,72.0,175.0,2433.0,345.0,849.0,553.0,104.0,452.0,48.0,286.0,0.815,0.345,0.397,12.9,8.1,2.5,5.6,19.8,2.0,-0.7,0.532,7.052173913043478,2.4608695652173913,1.3101449275362318,0.1391304347826087,0.8289855072463768,1.9043478260869564
Johnathan Williams,81.0,228.0,202.0,39.0,21.0,91.0,72.0,21.0,15.0,9.0,0.557,0.0,0.583,14.8,1.5,1.0,0.5,14.4,-0.1,-2.8,0.591,5.17948717948718,0.5384615384615384,0.5384615384615384,0.38461538461538464,0.23076923076923078,4.17948717948718
Jerian Grant,76.0,205.0,1692.0,279.0,805.0,438.0,92.0,274.0,33.0,205.0,0.77,0.323,0.411,12.5,8.3,4.0,4.3,16.8,0.5,-1.6,0.518,6.064516129032258,2.8853046594982077,0.982078853046595,0.11827956989247312,0.7347670250896058,1.8996415770609318
Jarrod Uthoff,81.0,221.0,59.0,16.0,9.0,18.0,10.0,3.0,4.0,3.0,0.778,0.333,0.411,12.3,0.2,0.1,0.1,17.0,0.0,-2.9,0.492,3.6875,0.5625,0.1875,0.25,0.1875,1.75
John Wall,76.0,210.0,10879.0,573.0,5282.0,2153.0,330.0,2191.0,396.0,976.0,0.781,0.324,0.433,19.4,44.3,21.5,22.8,27.4,23.6,2.6,0.519,18.986038394415356,9.218150087260035,3.823734729493892,0.6910994764397905,1.7033158813263525,4.333333333333333
