_id,Name,school,lat,lng,Height,Weight,PPG,APG,RPG,SPG,BPG,TPG,FGP,3PG
5f88a624a55318de3c9be136,De'Andre Hunter,Virginia,38.0335529,-78.5079772,79.0,225.0,12.34920634920635,1.7777777777777777,4.5396825396825395,0.6984126984126984,0.2857142857142857,1.6349206349206349,0.41,0.355
5f88a624a55318de3c9be137,Trae Young,Oklahoma,35.2058936,-97.4457137,73.0,180.0,23.595744680851062,8.602836879432624,3.9432624113475176,0.9716312056737588,0.16312056737588654,4.23404255319149,0.428,0.344
5f88a624a55318de3c9be138,Vince Carter,North Carolina,35.9049122,-79.0469134,78.0,220.0,16.695652173913043,3.0590525632706034,4.286826735885788,0.9928617780661908,0.5762491888384166,1.680726800778715,0.435,0.371
5f88a624a55318de3c9be139,Cam Reddish,Duke,36.0014258,-78.9382286,80.0,218.0,10.517241379310345,1.5,3.7241379310344827,1.0689655172413792,0.4827586206896552,1.6551724137931034,0.384,0.332
5f88a624a55318de3c9be13a,Kevin Huerter,Maryland,38.9869183,-76.9425543,79.0,190.0,10.770992366412214,3.2595419847328246,3.6106870229007635,0.8854961832061069,0.3969465648854962,1.4961832061068703,0.416,0.383
5f88a624a55318de3c9be13b,Bruno Fernando,Maryland,38.9869183,-76.9425543,81.0,240.0,4.285714285714286,0.875,3.5357142857142856,0.32142857142857145,0.30357142857142855,0.75,0.518,0.135
5f88a624a55318de3c9be13c,Damian Jones,Vanderbilt,36.1447034,-86.8026551,83.0,245.0,4.615384615384615,0.625,3.0576923076923075,0.38461538461538464,0.6923076923076923,0.5192307692307693,0.666,0.222
5f88a624a55318de3c9be13d,John Collins,Wake Forest,36.1355052,-80.2791958,81.0,235.0,16.193181818181817,1.5852272727272727,8.818181818181818,0.5681818181818182,1.0511363636363635,1.7045454545454546,0.571,0.369
5f88a624a55318de3c9be13e,Jeff Teague,Wake Forest,36.1355052,-80.2791958,75.0,195.0,12.568093385214008,5.775616083009079,2.4656290531776914,1.1699092088197147,0.3437094682230869,2.2555123216601816,0.445,0.356
5f88a624a55318de3c9be13f,Treveon Graham,Va Commonwealth,37.5483122,-77.4526805,77.0,219.0,4.205555555555556,0.8,2.2222222222222223,0.4222222222222222,0.08888888888888889,0.4222222222222222,0.383,0.333
5f88a624a55318de3c9be140,Dewayne Dedmon,USC,34.0223519,-118.285117,84.0,245.0,6.398477157360406,0.6928934010152284,6.0,0.5482233502538071,0.868020304568528,0.9873096446700508,0.516,0.333
5f88a624a55318de3c9be141,Jarrett Allen,Texas,30.2849185,-97.7340567,83.0,243.0,10.067567567567568,1.2117117117117118,7.797297297297297,0.5,1.3513513513513513,1.1801801801801801,0.609,0.167
5f88a624a55318de3c9be142,Joe Harris,Virginia,38.0335529,-78.5079772,78.0,220.0,10.429003021148036,1.6163141993957704,3.1419939577039275,0.4561933534743202,0.1933534743202417,1.2054380664652569,0.479,0.426
5f88a624a55318de3c9be143,Spencer Dinwiddie,Colorado,40.00758099999999,-105.2659417,77.0,215.0,12.943217665615142,4.977917981072555,2.7602523659305995,0.6750788643533123,0.28391167192429023,1.7665615141955835,0.41,0.318
5f88a624a55318de3c9be144,Taurean Prince,Baylor,31.5488923,-97.1130573,79.0,218.0,11.569230769230769,1.9346153846153846,4.3307692307692305,0.9153846153846154,0.4346153846153846,1.8423076923076922,0.412,0.366
5f88a624a55318de3c9be145,Garrett Temple,Louisiana State,30.4132579,-91.1800023,77.0,195.0,6.352430555555555,1.71875,2.2864583333333335,0.84375,0.3142361111111111,0.9375,0.403,0.347
5f88a624a55318de3c9be146,DeAndre Jordan,Texas A&M,30.6090918,-96.3337124,83.0,265.0,9.486857142857144,0.9348571428571428,10.801142857142857,0.5805714285714285,1.6022857142857143,1.3817142857142857,0.669,0.091
5f88a624a55318de3c9be147,Caris LeVert,Michigan,42.2780436,-83.7382241,78.0,205.0,12.746478873239436,3.5868544600938965,3.699530516431925,1.0610328638497653,0.2535211267605634,1.8732394366197183,0.433,0.339
5f88a624a55318de3c9be148,Wilson Chandler,DePaul,41.9247836,-87.6566548,80.0,235.0,12.51923076923077,1.782544378698225,5.28698224852071,0.6952662721893491,0.6124260355029586,1.3772189349112427,0.443,0.341
5f88a624a55318de3c9be149,Kyrie Irving,Duke,36.0014258,-78.9382286,74.0,195.0,22.428030303030305,5.704545454545454,3.702651515151515,1.3238636363636365,0.3541666666666667,2.6420454545454546,0.466,0.39
5f88a624a55318de3c9be14a,Nicolas Claxton,Georgia,33.9480053,-83.3773221,83.0,215.0,4.4,1.0666666666666667,2.9333333333333336,0.06666666666666667,0.5333333333333333,0.6,0.563,0.143
5f88a624a55318de3c9be14b,Justin Anderson,Virginia,38.0335529,-78.5079772,78.0,230.0,5.230088495575221,0.668141592920354,2.5442477876106193,0.42920353982300885,0.3274336283185841,0.588495575221239,0.413,0.296
5f88a624a55318de3c9be14c,Jeremiah Martin,Memphis,35.1187498,-89.9374928,75.0,185.0,7.111111111111111,2.0,1.1111111111111112,0.7777777777777778,0.2222222222222222,0.4444444444444444,0.453,0.278
5f88a624a55318de3c9be14d,Tyler Johnson,Fresno State,36.8133631,-119.7460947,75.0,186.0,10.491909385113269,2.4563106796116503,3.1715210355987056,0.8770226537216829,0.44336569579288027,1.145631067961165,0.429,0.359
5f88a624a55318de3c9be14e,Lance Thomas,Duke,36.0014258,-78.9382286,80.0,240.0,5.137844611528822,0.6666666666666666,2.5588972431077694,0.37092731829573933,0.13784461152882205,0.6666666666666666,0.416,0.381
5f88a624a55318de3c9be14f,Jamal Crawford,Michigan,42.2780436,-83.7382241,77.0,185.0,14.633760361718162,3.4220045214770156,2.2215523737754332,0.8884702336096458,0.20422004521477016,1.86586284853052,0.41,0.348
5f88a624a55318de3c9be150,Kevin Durant,Texas,30.2849185,-97.7340567,82.0,240.0,27.02002355712603,4.106007067137809,7.057714958775029,1.11660777385159,1.1083627797408717,3.1248527679623086,0.493,0.381
5f88a624a55318de3c9be151,Brad Wanamaker,Pittsburgh,40.4443533,-79.960835,75.0,210.0,5.859813084112149,2.196261682242991,1.7289719626168223,0.6822429906542056,0.14953271028037382,0.8878504672897196,0.454,0.376
5f88a624a55318de3c9be152,Grant Williams,Tennessee,35.9544013,-83.92945639999999,78.0,236.0,3.4347826086956523,0.9855072463768116,2.579710144927536,0.43478260869565216,0.5217391304347826,0.7246376811594203,0.412,0.25
5f88a624a55318de3c9be153,Semi Ojeleye,Southern Methodist,32.8412178,-96.78451749999999,78.0,240.0,3.1161616161616164,0.40404040404040403,1.97979797979798,0.26262626262626265,0.06565656565656566,0.3181818181818182,0.391,0.34
5f88a624a55318de3c9be154,Jayson Tatum,Duke,36.0014258,-78.9382286,80.0,210.0,17.342222222222222,2.2044444444444444,5.9511111111111115,1.1555555555555554,0.7644444444444445,1.7377777777777779,0.457,0.401
5f88a624a55318de3c9be155,Marcus Smart,Oklahoma State,36.1270236,-97.07372219999999,75.0,220.0,9.850374064837906,4.059850374064838,3.566084788029925,1.571072319201995,0.3740648379052369,1.7057356608478802,0.373,0.318
5f88a624a55318de3c9be156,Jaylen Brown,California,40.063294,-79.8824041,78.0,223.0,13.100358422939069,1.4193548387096775,4.455197132616488,0.8566308243727598,0.34408602150537637,1.4910394265232976,0.468,0.371
5f88a624a55318de3c9be157,Kemba Walker,Connecticut,41.8077414,-72.2539805,72.0,184.0,19.90015128593041,5.409984871406959,3.8335854765506805,1.281391830559758,0.394856278366112,2.1694402420574885,0.419,0.36
5f88a624a55318de3c9be158,Gordon Hayward,Butler,39.8405491,-86.1708927,79.0,225.0,15.308892355694228,3.4602184087363494,4.399375975039002,0.9781591263650546,0.40561622464898595,1.965678627145086,0.451,0.366
5f88a624a55318de3c9be159,Javonte Green,Radford,37.1395334,-80.5511003,76.0,205.0,3.3958333333333335,0.5416666666666666,1.9375,0.5,0.16666666666666666,0.4791666666666667,0.5,0.273
5f88a624a55318de3c9be15a,Carsen Edwards,Purdue,40.4237054,-86.92119459999999,71.0,200.0,3.27027027027027,0.6486486486486487,1.2702702702702702,0.32432432432432434,0.10810810810810811,0.40540540540540543,0.328,0.316
5f88a624a55318de3c9be15b,Romeo Langford,Indiana,39.1754487,-86.512627,76.0,216.0,2.46875,0.40625,1.28125,0.25,0.25,0.34375,0.35,0.185
5f88a624a55318de3c9be15c,Tremont Waters,Louisiana State,30.4132579,-91.1800023,70.0,175.0,3.6363636363636362,1.4545454545454546,1.0909090909090908,0.9090909090909091,0.18181818181818182,1.3636363636363635,0.286,0.167
5f88a624a55318de3c9be15d,Miles Bridges,Michigan State,42.701848,-84.4821719,78.0,225.0,9.931034482758621,1.4413793103448276,4.724137931034483,0.6551724137931034,0.6689655172413793,1.0,0.44,0.328
5f88a624a55318de3c9be15e,Devonte' Graham,Kansas,38.9543439,-95.2557961,73.0,195.0,12.495412844036696,5.431192660550459,2.522935779816514,0.7798165137614679,0.1559633027522936,1.9357798165137614,0.375,0.357
5f88a624a55318de3c9be15f,Terry Rozier,Louisville,38.2122761,-85.75850229999999,73.0,190.0,9.623880597014926,2.656716417910448,3.728358208955224,0.7791044776119403,0.18507462686567164,1.0597014925373134,0.394,0.371
5f88a624a55318de3c9be160,P.J. Washington,Kentucky,38.0306511,-84.5039697,79.0,230.0,12.241379310344827,2.1206896551724137,5.448275862068965,0.8793103448275862,0.7586206896551724,1.603448275862069,0.455,0.374
5f88a624a55318de3c9be161,Cody Zeller,Indiana,39.1754487,-86.512627,84.0,240.0,8.618138424821002,1.3914081145584725,5.957040572792362,0.6801909307875895,0.711217183770883,1.0787589498806682,0.513,0.248
5f88a624a55318de3c9be162,Malik Monk,Kentucky,38.0306511,-84.5039697,75.0,200.0,8.575916230366492,1.6858638743455496,1.8848167539267018,0.4293193717277487,0.23036649214659685,1.1099476439790577,0.395,0.322
5f88a624a55318de3c9be163,Cody Martin,Nevada-Reno,39.5453298,-119.8161541,77.0,205.0,4.958333333333333,1.9791666666666667,3.2916666666666665,0.8125,0.1875,0.9166666666666666,0.43,0.234
5f88a624a55318de3c9be164,Dwayne Bacon,Florida State,30.4418778,-84.2984889,78.0,221.0,5.296296296296297,1.0148148148148148,2.318518518518519,0.37777777777777777,0.06666666666666667,0.5777777777777777,0.403,0.345
5f88a624a55318de3c9be165,Jalen McDaniels,San Diego State,32.7759894,-117.0712533,82.0,205.0,5.5625,0.8125,4.0625,0.5,0.1875,0.6875,0.471,0.375
5f88a624a55318de3c9be166,Kobi Simmons,Arizona,32.2318851,-110.9501094,77.0,166.0,5.9393939393939394,2.0606060606060606,1.5151515151515151,0.5454545454545454,0.15151515151515152,1.3333333333333333,0.423,0.282
5f88a624a55318de3c9be167,Coby White,North Carolina,35.9049122,-79.0469134,76.0,195.0,13.215384615384615,2.6923076923076925,3.5384615384615383,0.7538461538461538,0.09230769230769231,1.676923076923077,0.394,0.354
5f88a624a55318de3c9be168,Thaddeus Young,Georgia Tech,33.7756178,-84.39628499999999,80.0,235.0,13.163730569948186,1.6652849740932643,5.921243523316062,1.4580310880829015,0.40414507772020725,1.4455958549222798,0.498,0.333
5f88a624a55318de3c9be169,Zach LaVine,UCLA,34.068921,-118.4451811,78.0,200.0,17.677053824362606,3.6118980169971673,3.623229461756374,0.9518413597733711,0.26912181303116145,2.5410764872521248,0.447,0.375
5f88a624a55318de3c9be16a,Ryan Arcidiacono,Villanova,40.0378952,-75.34333149999999,75.0,195.0,5.233128834355829,2.4539877300613497,2.1717791411042944,0.6441717791411042,0.04294478527607362,0.6932515337423313,0.433,0.373
5f88a624a55318de3c9be16b,Kris Dunn,Providence,47.4906921,-111.2707539,75.0,205.0,8.299559471365638,4.176211453744493,3.3480176211453743,1.5462555066079295,0.44493392070484583,1.8105726872246697,0.422,0.306
5f88a624a55318de3c9be16c,Lauri Markkanen,Arizona,32.2318851,-110.9501094,84.0,240.0,16.141176470588235,1.3411764705882352,7.594117647058823,0.6941176470588235,0.5647058823529412,1.464705882352941,0.43,0.356
5f88a624a55318de3c9be16d,Wendell Carter Jr.,Duke,36.0014258,-78.9382286,81.0,270.0,10.793103448275861,1.4827586206896552,8.183908045977011,0.6781609195402298,1.0804597701149425,1.5747126436781609,0.508,0.197
5f88a624a55318de3c9be16e,Shaquille Harrison,Tulsa,36.1520526,-95.94607529999999,79.0,190.0,6.0071942446043165,1.7482014388489209,2.654676258992806,1.0719424460431655,0.4028776978417266,0.7266187050359713,0.448,0.293
5f88a624a55318de3c9be16f,Denzel Valentine,Michigan State,42.701848,-84.4821719,76.0,220.0,7.764705882352941,2.0588235294117645,3.635294117647059,0.711764705882353,0.1411764705882353,1.0235294117647058,0.401,0.366
5f88a624a55318de3c9be170,Luke Kornet,Vanderbilt,36.1447034,-86.8026551,86.0,250.0,6.578431372549019,1.0980392156862746,2.7745098039215685,0.43137254901960786,0.8235294117647058,0.5,0.4,0.339
5f88a624a55318de3c9be171,Chandler Hutchison,Boise State,43.6028311,-116.201767,79.0,210.0,6.208333333333333,0.8333333333333334,4.069444444444445,0.6944444444444444,0.18055555555555555,0.7222222222222222,0.458,0.295
5f88a624a55318de3c9be172,Otto Porter,Georgetown,38.9076089,-77.07225849999999,80.0,198.0,11.016949152542374,1.4963680387409202,4.932203389830509,1.1767554479418887,0.4430992736077482,0.801452784503632,0.482,0.404
5f88a624a55318de3c9be173,Collin Sexton,Alabama,33.2140233,-87.5391418,73.0,190.0,18.503401360544217,2.9591836734693877,2.993197278911565,0.7414965986394558,0.08843537414965986,2.3333333333333335,0.45,0.392
5f88a624a55318de3c9be174,Darius Garland,Vanderbilt,36.1447034,-86.8026551,73.0,192.0,12.338983050847459,3.8813559322033897,1.8813559322033897,0.711864406779661,0.06779661016949153,2.559322033898305,0.401,0.355
5f88a624a55318de3c9be175,Tristan Thompson,Texas,30.2849185,-97.7340567,81.0,254.0,9.432956381260096,1.0080775444264944,8.712439418416801,0.5121163166397416,0.7221324717285945,1.1599353796445881,0.518,0.281
5f88a624a55318de3c9be176,Matthew Dellavedova,St. Mary's (CA),37.8413472,-122.1101354,75.0,200.0,5.592165898617512,3.665898617511521,1.7834101382488479,0.46543778801843316,0.04608294930875576,1.2580645161290323,0.389,0.368
5f88a624a55318de3c9be177,Kevin Love,UCLA,34.068921,-118.4451811,80.0,251.0,18.223001402524545,2.380084151472651,11.141654978962132,0.6816269284712483,0.45161290322580644,1.9789621318373072,0.442,0.37
5f88a624a55318de3c9be178,Larry Nance Jr.,Wyoming,41.3148754,-105.5665744,79.0,245.0,8.133333333333333,1.7746031746031745,6.647619047619047,1.2063492063492063,0.5142857142857142,0.9682539682539683,0.537,0.324
5f88a624a55318de3c9be179,Kevin Porter Jr.,USC,34.0223519,-118.285117,76.0,203.0,9.96,2.18,3.2399999999999998,0.92,0.28,1.86,0.442,0.335
5f88a624a55318de3c9be17a,Dean Wade,Kansas State,39.1974437,-96.5847249,81.0,228.0,1.6666666666666667,0.16666666666666666,1.5833333333333333,0.16666666666666666,0.3333333333333333,0.25,0.692,0.5
5f88a624a55318de3c9be17b,Andre Drummond,Connecticut,41.8077414,-72.2539805,82.0,279.0,14.475792988313856,1.2988313856427378,13.836393989983305,1.3939899833055092,1.5659432387312187,1.9565943238731218,0.542,0.146
5f88a624a55318de3c9be17c,Jordan Bell,Oregon,44.0448302,-123.0726055,80.0,216.0,3.7532467532467533,1.2597402597402598,3.064935064935065,0.37662337662337664,0.7597402597402597,0.7402597402597403,0.563,0.222
5f88a624a55318de3c9be17d,Delon Wright,Utah,40.7649368,-111.8421021,77.0,185.0,7.250922509225092,2.878228782287823,3.059040590405904,1.033210332103321,0.36531365313653136,0.992619926199262,0.45,0.342
5f88a624a55318de3c9be17e,Tim Hardaway Jr.,Michigan,42.2780436,-83.7382241,77.0,205.0,13.476793248945148,1.850210970464135,2.6687763713080166,0.6265822784810127,0.13924050632911392,1.1054852320675106,0.421,0.353
5f88a624a55318de3c9be17f,Dorian Finney-Smith,Florida,29.6436325,-82.3549302,79.0,220.0,6.925196850393701,1.188976377952756,4.2952755905511815,0.6929133858267716,0.4094488188976378,0.8228346456692913,0.426,0.33
5f88a624a55318de3c9be180,Justin Jackson,North Carolina,35.9049122,-79.0469134,79.0,220.0,6.5233644859813085,1.0373831775700935,2.5841121495327104,0.35046728971962615,0.17289719626168223,0.3878504672897196,0.431,0.324
5f88a624a55318de3c9be181,Seth Curry,Duke,36.0014258,-78.9382286,74.0,185.0,10.0546875,1.74609375,1.98046875,0.69140625,0.12109375,0.98046875,0.475,0.443
5f88a624a55318de3c9be182,Jalen Brunson,Villanova,40.0378952,-75.34333149999999,73.0,190.0,8.8,3.2153846153846155,2.330769230769231,0.45384615384615384,0.06153846153846154,1.1846153846153846,0.467,0.352
5f88a624a55318de3c9be183,Dwight Powell,Stanford,37.4274745,-122.169719,82.0,240.0,7.727762803234501,0.9811320754716981,4.611859838274933,0.6765498652291105,0.46630727762803237,0.6657681940700808,0.563,0.293
5f88a624a55318de3c9be184,Courtney Lee,Western Kentucky,36.983537,-86.4573752,77.0,215.0,9.574599260172626,1.6683107274969173,2.62268803945746,0.9975339087546239,0.2626387176325524,0.9395807644882861,0.451,0.388
5f88a624a55318de3c9be185,Willie Cauley-Stein,Kentucky,38.0306511,-84.5039697,84.0,240.0,9.630372492836676,1.5845272206303724,6.286532951289398,0.9255014326647565,0.828080229226361,0.997134670487106,0.539,0.211
5f88a624a55318de3c9be186,Michael Kidd-Gilchrist,Kentucky,38.0306511,-84.5039697,78.0,232.0,8.408071748878923,1.154708520179372,5.426008968609866,0.6636771300448431,0.6816143497757847,0.8968609865470852,0.474,0.272
5f88a624a55318de3c9be187,Antonius Cleveland,S.E. Missouri,37.3148783,-89.52804379999999,77.0,195.0,1.2142857142857142,0.10714285714285714,0.75,0.2857142857142857,0.2857142857142857,0.32142857142857145,0.343,0.429
5f88a624a55318de3c9be188,Trey Burke,Michigan,42.2780436,-83.7382241,72.0,185.0,10.576142131979696,3.512690355329949,2.0076142131979697,0.5736040609137056,0.11421319796954314,1.2588832487309645,0.41,0.345
5f88a624a55318de3c9be189,Josh Reaves,Penn State,40.7982133,-77.8599084,76.0,214.0,2.0,0.75,0.75,0.0,0.0,0.0,0.333,0.0
5f88a624a55318de3c9be18a,Monte Morris,Iowa State,42.0266573,-93.64645159999999,74.0,183.0,9.626582278481013,3.537974683544304,2.1075949367088604,0.8291139240506329,0.13291139240506328,0.6708860759493671,0.479,0.398
5f88a624a55318de3c9be18b,Jerami Grant,Syracuse,43.0391534,-76.1351158,80.0,210.0,9.295154185022026,1.066079295154185,3.850220264317181,0.5925110132158591,1.118942731277533,0.9317180616740088,0.465,0.347
5f88a624a55318de3c9be18c,Mason Plumlee,Duke,36.0014258,-78.9382286,83.0,254.0,8.319548872180452,2.223684210526316,6.19172932330827,0.75,0.9210526315789473,1.4699248120300752,0.574,0.063
5f88a624a55318de3c9be18d,Jamal Murray,Kentucky,38.0306511,-84.5039697,76.0,215.0,15.558922558922559,3.6734006734006734,3.5824915824915826,0.8888888888888888,0.32323232323232326,1.9191919191919191,0.439,0.358
5f88a624a55318de3c9be18e,Will Barton,Memphis,35.1187498,-89.9374928,77.0,181.0,11.07258064516129,2.5161290322580645,4.211693548387097,0.7479838709677419,0.41330645161290325,1.3649193548387097,0.434,0.347
5f88a624a55318de3c9be18f,Torrey Craig,South Carolina Upstate,34.9996102,-81.9711555,79.0,221.0,5.27906976744186,0.8372093023255814,3.366279069767442,0.4186046511627907,0.563953488372093,0.5174418604651163,0.451,0.32
5f88a624a55318de3c9be190,Gary Harris,Michigan State,42.701848,-84.4821719,76.0,210.0,12.116847826086957,2.1168478260869565,2.6114130434782608,1.25,0.22010869565217392,1.247282608695652,0.454,0.36
5f88a624a55318de3c9be191,Michael Porter Jr.,Missouri,38.9403808,-92.32773750000001,82.0,218.0,9.309090909090909,0.8363636363636363,4.709090909090909,0.4909090909090909,0.45454545454545453,0.8909090909090909,0.509,0.422
5f88a624a55318de3c9be192,Paul Millsap,Louisiana Tech,32.5282644,-92.6499298,79.0,257.0,13.974899598393574,2.2600401606425704,7.326305220883533,1.2710843373493976,1.0,1.7660642570281124,0.49,0.343
5f88a624a55318de3c9be193,PJ Dozier,South Carolina,33.9937575,-81.0299186,78.0,205.0,5.108108108108108,1.837837837837838,1.972972972972973,0.43243243243243246,0.16216216216216217,0.7567567567567568,0.411,0.333
5f88a624a55318de3c9be194,Keita Bates-Diop,Ohio State,40.0066723,-83.0304546,80.0,229.0,5.9324324324324325,0.6351351351351351,2.8378378378378377,0.5,0.5135135135135135,0.4189189189189189,0.426,0.303
5f88a624a55318de3c9be195,Noah Vonleh,Indiana,39.1754487,-86.512627,82.0,257.0,4.955223880597015,0.764179104477612,5.197014925373134,0.408955223880597,0.4059701492537313,0.7910447761194029,0.46,0.31
5f88a624a55318de3c9be196,Troy Daniels,Va Commonwealth,37.5483122,-77.4526805,76.0,200.0,6.584070796460177,0.5457227138643068,1.3156342182890854,0.2949852507374631,0.061946902654867256,0.551622418879056,0.401,0.395
5f88a624a55318de3c9be197,Christian Wood,UNLV,36.1085197,-115.1431709,82.0,214.0,9.539823008849558,0.6460176991150443,4.778761061946903,0.4336283185840708,0.6814159292035398,0.9734513274336283,0.546,0.368
5f88a624a55318de3c9be198,Tony Snell, ,35.2058936,-97.4457137,78.0,213.0,6.4590818363273454,1.1616766467065869,2.3073852295409183,0.47305389221556887,0.23552894211576847,0.5768463073852296,0.428,0.385
5f88a624a55318de3c9be199,Bruce Brown,Miami,39.5087485,-84.73449149999999,76.0,202.0,6.333333333333333,2.4318181818181817,3.477272727272727,0.7803030303030303,0.49242424242424243,1.106060606060606,0.424,0.302
5f88a624a55318de3c9be19a,Derrick Rose,Memphis,35.1187498,-89.9374928,74.0,200.0,18.766778523489933,5.593959731543624,3.407718120805369,0.7550335570469798,0.3422818791946309,2.6442953020134228,0.456,0.304
5f88a624a55318de3c9be19b,Luke Kennard,Duke,36.0014258,-78.9382286,77.0,206.0,9.835365853658537,2.152439024390244,2.786585365853658,0.5,0.17682926829268292,1.0304878048780488,0.441,0.402
5f88a624a55318de3c9be19c,Blake Griffin,Oklahoma,35.2058936,-97.4457137,81.0,250.0,21.670418006430868,4.419614147909968,8.844051446945338,0.8906752411575563,0.5160771704180064,2.59967845659164,0.498,0.333
5f88a624a55318de3c9be19d,John Henson,North Carolina,35.9049122,-79.0469134,81.0,219.0,7.602247191011236,1.1146067415730336,5.321348314606741,0.47415730337078654,1.442696629213483,1.1146067415730336,0.54,0.25
5f88a624a55318de3c9be19e,Brandon Knight,Kentucky,38.0306511,-84.5039697,74.0,182.0,14.056053811659194,3.9663677130044843,3.0874439461883405,0.8632286995515696,0.1681614349775785,2.4349775784753365,0.411,0.353
5f88a624a55318de3c9be19f,Khyri Thomas,Creighton,41.2655521,-95.94638619999999,75.0,210.0,2.2941176470588234,0.3235294117647059,0.6176470588235294,0.29411764705882354,0.14705882352941177,0.20588235294117646,0.314,0.306
5f88a624a55318de3c9be1a0,Jordan McRae,Tennessee,35.9544013,-83.92945639999999,77.0,179.0,6.878048780487805,1.3577235772357723,1.8292682926829267,0.36585365853658536,0.24390243902439024,0.7073170731707317,0.417,0.355
5f88a624a55318de3c9be1a1,Justin Patton,Creighton,41.2655521,-95.94638619999999,83.0,241.0,1.7777777777777777,0.5555555555555556,1.222222222222222,0.3333333333333333,0.0,0.2222222222222222,0.368,0.167
5f88a624a55318de3c9be1a2,Eric Paschall,Villanova,40.0378952,-75.34333149999999,78.0,255.0,13.95,2.1166666666666667,4.583333333333334,0.5333333333333333,0.21666666666666667,1.5666666666666667,0.497,0.287
5f88a624a55318de3c9be1a3,Marquese Chriss,Washington,38.6487895,-90.31079620000001,81.0,240.0,7.96484375,1.08984375,4.8828125,0.6796875,0.83203125,1.28515625,0.456,0.29
5f88a624a55318de3c9be1a4,Jordan Poole,Michigan,42.2780436,-83.7382241,76.0,194.0,8.824561403508772,2.3508771929824563,2.070175438596491,0.6140350877192983,0.17543859649122806,1.2982456140350878,0.333,0.279
5f88a624a55318de3c9be1a5,Damion Lee,Louisville,38.2122761,-85.75850229999999,77.0,210.0,9.791666666666666,1.8229166666666667,3.8958333333333335,0.8541666666666666,0.07291666666666667,0.9583333333333334,0.419,0.346
5f88a624a55318de3c9be1a6,Draymond Green,Michigan State,42.701848,-84.4821719,78.0,230.0,8.975694444444445,4.956597222222222,6.885416666666667,1.3697916666666667,1.0572916666666667,2.060763888888889,0.435,0.319
5f88a624a55318de3c9be1a7,Kevon Looney,UCLA,34.068921,-118.4451811,81.0,222.0,4.370535714285714,0.9553571428571429,3.7142857142857144,0.47767857142857145,0.5892857142857143,0.5,0.57,0.15
5f88a624a55318de3c9be1a8,Andrew Wiggins,Kansas,38.9543439,-95.2557961,79.0,197.0,19.698237885462554,2.345814977973568,4.354625550660793,0.9955947136563876,0.6123348017621145,2.101321585903084,0.441,0.332
5f88a624a55318de3c9be1a9,Mychal Mulder,Kentucky,38.0306511,-84.5039697,76.0,184.0,11.0,1.1428571428571428,3.2857142857142856,0.2857142857142857,0.14285714285714285,0.7142857142857143,0.388,0.308
5f88a624a55318de3c9be1aa,Stephen Curry,Davidson,35.5008018,-80.8446725,75.0,185.0,23.489270386266096,6.6108726752503575,4.517882689556509,1.7238912732474965,0.22317596566523606,3.117310443490701,0.476,0.435
5f88a624a55318de3c9be1ab,Klay Thompson,Washington State,46.7319225,-117.1542121,78.0,215.0,19.504065040650406,2.3024390243902437,3.4634146341463414,0.9121951219512195,0.5398373983739837,1.7121951219512195,0.459,0.419
5f88a624a55318de3c9be1ac,P.J. Tucker,Texas,30.2849185,-97.7340567,77.0,245.0,7.345565749235474,1.4357798165137614,5.8088685015290515,1.2079510703363914,0.31345565749235477,1.0045871559633028,0.421,0.361
5f88a624a55318de3c9be1ad,Ben McLemore,Kansas,38.9543439,-95.2557961,75.0,195.0,9.006833712984054,1.0592255125284737,2.428246013667426,0.6651480637813212,0.19817767653758542,1.1640091116173121,0.421,0.366
5f88a624a55318de3c9be1ae,James Harden,Arizona State,33.4532165,-112.0719833,77.0,220.0,25.164465786314526,6.308523409363746,5.337334933973589,1.5774309723889557,0.531812725090036,3.695078031212485,0.443,0.363
5f88a624a55318de3c9be1af,Austin Rivers,Duke,36.0014258,-78.9382286,75.0,200.0,9.153985507246377,2.295289855072464,2.1068840579710146,0.697463768115942,0.18115942028985507,1.1213768115942029,0.418,0.348
5f88a624a55318de3c9be1b0,Danuel House,Texas A&M,30.6090918,-96.3337124,78.0,220.0,9.365079365079366,1.1904761904761905,3.8412698412698414,0.753968253968254,0.40476190476190477,0.7936507936507936,0.439,0.369
5f88a624a55318de3c9be1b1,Russell Westbrook,UCLA,34.068921,-118.4451811,75.0,200.0,23.248291571753985,8.312072892938497,7.074031890660592,1.7482915717539864,0.30751708428246016,4.078587699316628,0.437,0.305
5f88a624a55318de3c9be1b2,Eric Gordon,Indiana,39.1754487,-86.512627,75.0,215.0,16.566917293233082,2.8511278195488723,2.466165413533835,0.9007518796992481,0.34135338345864663,1.974436090225564,0.425,0.37
5f88a624a55318de3c9be1b3,Robert Covington,Tennessee State,36.1674308,-86.8211364,79.0,209.0,12.68939393939394,1.5,5.71969696969697,1.6590909090909092,0.8888888888888888,1.7146464646464648,0.406,0.356
5f88a624a55318de3c9be1b4,Jeff Green,Georgetown,38.9076089,-77.07225849999999,80.0,235.0,12.965859030837004,1.5649779735682818,4.41409691629956,0.7213656387665198,0.5341409691629956,1.4933920704845816,0.442,0.334
5f88a624a55318de3c9be1b5,Michael Frazier,Florida,29.6436325,-82.3549302,75.0,200.0,2.076923076923077,0.15384615384615385,0.7692307692307692,0.15384615384615385,0.0,0.38461538461538464,0.241,0.174
5f88a624a55318de3c9be1b6,DeMarre Carroll,Missouri,38.9403808,-92.32773750000001,78.0,215.0,8.910034602076125,1.2560553633217992,4.245674740484429,0.9065743944636678,0.26124567474048443,0.8615916955017301,0.43,0.358
5f88a624a55318de3c9be1b7,Justin Holiday,Washington,38.6487895,-90.31079620000001,78.0,180.0,8.13953488372093,1.4255813953488372,2.916279069767442,0.9953488372093023,0.42093023255813955,0.8930232558139535,0.396,0.36
5f88a624a55318de3c9be1b8,T.J. McConnell,Arizona,32.2318851,-110.9501094,73.0,190.0,6.425974025974026,4.71948051948052,2.831168831168831,1.1844155844155844,0.15844155844155844,1.5636363636363637,0.492,0.332
5f88a624a55318de3c9be1b9,Doug McDermott,Creighton,41.2655521,-95.94638619999999,79.0,225.0,8.217073170731707,0.8463414634146341,2.1951219512195124,0.1951219512195122,0.1,0.6048780487804878,0.465,0.412
5f88a624a55318de3c9be1ba,T.J. Warren,North Carolina State,35.7846633,-78.6820946,80.0,220.0,15.487804878048781,1.1951219512195121,4.140243902439025,0.9908536585365854,0.5121951219512195,1.0274390243902438,0.507,0.361
5f88a624a55318de3c9be1bb,Aaron Holiday,UCLA,34.068921,-118.4451811,72.0,185.0,7.939655172413793,2.689655172413793,1.9224137931034484,0.6551724137931034,0.25,1.103448275862069,0.41,0.374
5f88a624a55318de3c9be1bc,Domantas Sabonis,Gonzaga,47.66703210000001,-117.4014343,83.0,240.0,12.130584192439862,2.5945017182130585,7.975945017182131,0.5979381443298969,0.4261168384879725,1.8900343642611683,0.522,0.321
5f88a624a55318de3c9be1bd,Myles Turner,Texas,30.2849185,-97.7340567,83.0,250.0,12.728070175438596,1.2309941520467835,6.654970760233919,0.7105263157894737,2.0672514619883042,1.3245614035087718,0.488,0.357
5f88a624a55318de3c9be1be,Malcolm Brogdon,Virginia,38.0335529,-78.5079772,77.0,229.0,13.634854771784232,4.377593360995851,3.813278008298755,0.8547717842323651,0.1991701244813278,1.6639004149377594,0.471,0.385
5f88a624a55318de3c9be1bf,Jeremy Lamb,Connecticut,41.8077414,-72.2539805,77.0,180.0,10.461538461538462,1.6008316008316008,3.7172557172557177,0.7318087318087318,0.3596673596673597,0.8461538461538461,0.444,0.339
5f88a624a55318de3c9be1c0,JaKarr Sampson,"St. John's, N.Y.",40.7220627,-73.79421119999999,79.0,214.0,5.309178743961352,0.7584541062801933,2.661835748792271,0.42995169082125606,0.463768115942029,0.8357487922705314,0.468,0.251
5f88a624a55318de3c9be1c1,Edmond Sumner,Xavier,29.9641088,-90.107647,76.0,196.0,4.0,1.1818181818181819,1.290909090909091,0.4909090909090909,0.2545454545454545,0.5818181818181818,0.406,0.263
5f88a624a55318de3c9be1c2,Victor Oladipo,Indiana,39.1754487,-86.512627,76.0,213.0,17.346793349168646,3.9073634204275534,4.593824228028503,1.655581947743468,0.4821852731591449,2.5653206650831355,0.441,0.35
5f88a624a55318de3c9be1c3,Alize Johnson,Missouri State,37.2005546,-93.2806806,79.0,212.0,1.5161290322580645,0.25806451612903225,2.161290322580645,0.12903225806451613,0.16129032258064516,0.22580645161290322,0.356,0.4
5f88a624a55318de3c9be1c4,Montrezl Harrell,Louisville,38.2122761,-85.75850229999999,79.0,240.0,12.69496855345912,1.3333333333333333,4.937106918238994,0.5566037735849056,0.9025157232704403,1.1603773584905661,0.614,0.1
5f88a624a55318de3c9be1c5,JaMychal Green,Alabama,33.2140233,-87.5391418,80.0,227.0,8.11878453038674,0.919889502762431,6.140883977900552,0.56353591160221,0.4281767955801105,1.12707182320442,0.471,0.374
5f88a624a55318de3c9be1c6,Patrick Patterson,Kentucky,38.0306511,-84.5039697,80.0,235.0,6.732745961820852,1.038179148311307,4.0,0.5198237885462555,0.42290748898678415,0.644640234948605,0.448,0.369
5f88a624a55318de3c9be1c7,Kawhi Leonard,San Diego State,32.7759894,-117.0712533,79.0,225.0,18.688931297709924,2.677480916030534,6.396946564885496,1.7786259541984732,0.6603053435114504,1.5801526717557253,0.491,0.383
5f88a624a55318de3c9be1c8,Rodney McGruder,Kansas State,39.1974437,-96.5847249,76.0,205.0,5.862385321100917,1.3256880733944953,3.1100917431192663,0.5321100917431193,0.18807339449541285,0.6788990825688074,0.412,0.336
5f88a624a55318de3c9be1c9,Landry Shamet,Wichita State,37.7186367,-97.29414140000002,76.0,190.0,9.196969696969697,1.6363636363636365,1.7727272727272727,0.4318181818181818,0.15151515151515152,0.6590909090909091,0.42,0.402
5f88a624a55318de3c9be1ca,Paul George,Fresno State,36.8133631,-119.7460947,80.0,220.0,19.96319018404908,3.3512269938650308,6.384969325153374,1.7469325153374233,0.4401840490797546,2.581288343558282,0.433,0.381
5f88a624a55318de3c9be1cb,Terance Mann,Florida State,30.4418778,-84.2984889,77.0,215.0,2.4146341463414633,1.2926829268292683,1.3414634146341464,0.2682926829268293,0.12195121951219512,0.43902439024390244,0.468,0.35
5f88a624a55318de3c9be1cc,Marcus Morris,Kansas,38.9543439,-95.2557961,80.0,218.0,12.069192751235585,1.5057660626029654,4.654036243822076,0.7018121911037891,0.28171334431630973,1.2026359143327843,0.432,0.367
5f88a624a55318de3c9be1cd,Reggie Jackson,Boston College,42.3355488,-71.16849450000001,75.0,208.0,12.843137254901961,4.377896613190731,2.9572192513368987,0.6951871657754011,0.11764705882352941,1.9215686274509804,0.428,0.337
5f88a624a55318de3c9be1ce,Johnathan Motley,Baylor,31.5488923,-97.1130573,80.0,230.0,4.913043478260869,0.5652173913043478,2.391304347826087,0.2391304347826087,0.10869565217391304,0.6521739130434783,0.552,0.2
5f88a624a55318de3c9be1cf,Mfiondu Kabengele,Florida State,30.4418778,-84.2984889,81.0,250.0,3.5,0.16666666666666666,0.9166666666666667,0.16666666666666666,0.16666666666666666,0.16666666666666666,0.438,0.45
5f88a624a55318de3c9be1d0,Joakim Noah,Florida,29.6436325,-82.3549302,83.0,230.0,8.751488095238095,2.837797619047619,9.014880952380953,0.7946428571428571,1.3005952380952381,1.6860119047619047,0.491,0.0
5f88a624a55318de3c9be1d1,Kentavious Caldwell-Pope,Georgia,33.9480053,-83.3773221,77.0,204.0,11.57699443413729,1.6289424860853432,3.1688311688311686,1.1187384044526902,0.18923933209647495,0.9962894248608535,0.418,0.349
5f88a624a55318de3c9be1d2,Danny Green,North Carolina,35.9049122,-79.0469134,78.0,215.0,8.899709302325581,1.5813953488372092,3.479651162790698,1.0087209302325582,0.7819767441860465,1.0218023255813953,0.424,0.4
5f88a624a55318de3c9be1d3,JaVale McGee,Nevada-Reno,39.5453298,-119.8161541,84.0,270.0,7.873038516405136,0.39514978601997147,5.148359486447932,0.4079885877318117,1.5363766048502139,0.9529243937232525,0.575,0.152
5f88a624a55318de3c9be1d4,Alex Caruso,Texas A&M,30.6090918,-96.3337124,77.0,186.0,5.650793650793651,2.1904761904761907,2.0238095238095237,0.9285714285714286,0.29365079365079366,1.0873015873015872,0.426,0.362
5f88a624a55318de3c9be1d5,Anthony Davis,Kentucky,38.0306511,-84.5039697,82.0,253.0,24.009469696969695,2.2386363636363638,10.384469696969697,1.3825757575757576,2.393939393939394,1.9375,0.515,0.319
5f88a624a55318de3c9be1d6,Kyle Kuzma,Utah,40.7649368,-111.8421021,80.0,221.0,16.01923076923077,1.9182692307692308,5.471153846153847,0.5673076923076923,0.41346153846153844,1.75,0.449,0.331
5f88a624a55318de3c9be1d7,Avery Bradley,Texas,30.2849185,-97.7340567,75.0,180.0,11.754816112084063,1.7723292469352014,2.9246935201401048,1.0175131348511384,0.2031523642732049,1.404553415061296,0.436,0.364
5f88a624a55318de3c9be1d8,Rajon Rondo,Kentucky,38.0306511,-84.5039697,73.0,180.0,10.205040091638029,8.264604810996564,4.731958762886598,1.6620847651775488,0.13172966781214204,2.7938144329896906,0.458,0.316
5f88a624a55318de3c9be1d9,Jared Dudley,Boston College,42.3355488,-71.16849450000001,78.0,237.0,7.429372197309417,1.5571748878923768,3.1704035874439462,0.7948430493273543,0.1860986547085202,0.8531390134529148,0.464,0.393
5f88a624a55318de3c9be1da,Quinn Cook,Duke,36.0014258,-78.9382286,73.0,180.0,6.8121212121212125,1.696969696969697,1.8,0.2909090909090909,0.03636363636363636,0.7757575757575758,0.463,0.407
5f88a624a55318de3c9be1db,Markieff Morris,Kansas,38.9543439,-95.2557961,80.0,245.0,11.437990580847723,1.6593406593406594,5.342229199372056,0.8634222919937206,0.5478806907378336,1.5886970172684458,0.448,0.345
5f88a624a55318de3c9be1dc,Dion Waiters,Syracuse,43.0391534,-76.1351158,75.0,215.0,13.138424821002387,2.775656324582339,2.6443914081145583,0.9331742243436754,0.26968973747016706,1.8162291169451075,0.412,0.346
5f88a624a55318de3c9be1dd,Talen Horton-Tucker,Iowa State,42.0266573,-93.64645159999999,76.0,234.0,5.666666666666667,1.0,1.1666666666666667,1.3333333333333333,0.16666666666666666,1.0,0.467,0.308
5f88a624a55318de3c9be1de,Dillon Brooks,Oregon,44.0448302,-123.0726055,79.0,225.0,12.797687861271676,1.739884393063584,3.069364161849711,0.8439306358381503,0.2774566473988439,1.5433526011560694,0.42,0.358
5f88a624a55318de3c9be1df,Tyus Jones,Duke,36.0014258,-78.9382286,72.0,196.0,5.55448717948718,3.551282051282051,1.548076923076923,1.0064102564102564,0.08012820512820513,0.7435897435897436,0.431,0.345
5f88a624a55318de3c9be1e0,De'Anthony Melton,USC,34.0223519,-118.285117,74.0,200.0,6.409090909090909,3.036363636363636,3.2181818181818183,1.3181818181818181,0.39090909090909093,1.4454545454545455,0.397,0.294
5f88a624a55318de3c9be1e1,Brandon Clarke,Gonzaga,47.66703210000001,-117.4014343,80.0,215.0,12.068965517241379,1.396551724137931,5.948275862068965,0.5517241379310345,0.8275862068965517,0.9482758620689655,0.618,0.359
5f88a624a55318de3c9be1e2,Jaren Jackson Jr.,Michigan State,42.701848,-84.4821719,83.0,242.0,15.547826086956523,1.2347826086956522,4.643478260869565,0.8,1.5130434782608695,1.7130434782608697,0.485,0.384
5f88a624a55318de3c9be1e3,Grayson Allen,Duke,36.0014258,-78.9382286,76.0,198.0,7.118421052631579,1.013157894736842,1.4210526315789473,0.21052631578947367,0.10526315789473684,0.868421052631579,0.429,0.371
5f88a624a55318de3c9be1e4,Josh Jackson,Kansas,38.9543439,-95.2557961,80.0,207.0,11.910112359550562,1.8932584269662922,4.292134831460674,0.9662921348314607,0.5617977528089888,1.949438202247191,0.417,0.298
5f88a624a55318de3c9be1e5,Yuta Watanabe,George Washington,38.8997145,-77.0485992,80.0,215.0,2.272727272727273,0.3939393939393939,1.5454545454545454,0.2727272727272727,0.06060606060606061,0.24242424242424243,0.353,0.208
5f88a624a55318de3c9be1e6,Gorgui Dieng,Louisville,38.2122761,-85.75850229999999,82.0,252.0,7.879611650485437,1.3631067961165049,6.14757281553398,0.829126213592233,0.9825242718446602,1.170873786407767,0.5,0.342
5f88a624a55318de3c9be1e7,Anthony Tolliver,Creighton,41.2655521,-95.94638619999999,80.0,240.0,6.166898470097357,0.9012517385257302,3.346314325452017,0.3741307371349096,0.29624478442280944,0.6383866481223922,0.415,0.373
5f88a624a55318de3c9be1e8,Justise Winslow,Duke,36.0014258,-78.9382286,78.0,222.0,9.049792531120332,2.7261410788381744,5.373443983402489,0.941908713692946,0.36929460580912865,1.5394190871369295,0.417,0.337
5f88a624a55318de3c9be1e9,Duncan Robinson,Michigan,42.2780436,-83.7382241,79.0,215.0,11.738636363636363,1.2159090909090908,2.852272727272727,0.45454545454545453,0.2159090909090909,0.8409090909090909,0.465,0.437
5f88a624a55318de3c9be1ea,Kendrick Nunn,Oakland,42.6679486,-83.2081632,74.0,190.0,15.283582089552239,3.283582089552239,2.6865671641791042,0.835820895522388,0.22388059701492538,1.7014925373134329,0.439,0.35
5f88a624a55318de3c9be1eb,Kelly Olynyk,Gonzaga,47.66703210000001,-117.4014343,83.0,240.0,9.672,1.868,4.842,0.708,0.446,1.412,0.476,0.373
5f88a624a55318de3c9be1ec,Derrick Jones Jr.,UNLV,36.1085197,-115.1431709,78.0,210.0,6.730994152046784,0.7017543859649122,3.4502923976608186,0.7134502923976608,0.6198830409356725,0.543859649122807,0.511,0.282
5f88a624a55318de3c9be1ed,Jimmy Butler,Marquette,43.0388337,-87.92856669999999,79.0,230.0,17.017211703958694,3.7091222030981066,5.099827882960414,1.5920826161790018,0.4784853700516351,1.5352839931153184,0.454,0.333
5f88a624a55318de3c9be1ee,Tyler Herro,Kentucky,38.0306511,-84.5039697,77.0,195.0,13.50909090909091,2.2,4.072727272727272,0.6181818181818182,0.16363636363636364,1.5818181818181818,0.428,0.389
5f88a624a55318de3c9be1ef,Meyers Leonard,Illinois,40.1019523,-88.2271615,84.0,260.0,5.612612612612613,0.8851351351351351,3.896396396396397,0.18693693693693694,0.28603603603603606,0.6914414414414415,0.482,0.39
5f88a624a55318de3c9be1f0,Chris Silva,South Carolina,33.9937575,-81.0299186,80.0,234.0,3.022727272727273,0.5227272727272727,2.8636363636363633,0.20454545454545456,0.4772727272727273,0.7272727272727273,0.615,0.0
5f88a624a55318de3c9be1f1,Andre Iguodala,Arizona,32.2318851,-110.9501094,78.0,215.0,12.00354295837024,4.315323294951284,5.0566873339238265,1.4853852967227634,0.5075287865367581,1.8919397697077058,0.465,0.333
5f88a624a55318de3c9be1f2,Jae Crowder,Marquette,43.0388337,-87.92856669999999,78.0,235.0,9.574013157894736,1.53125,4.120065789473684,0.975328947368421,0.32401315789473684,0.8717105263157895,0.421,0.34
5f88a624a55318de3c9be1f3,Solomon Hill,Arizona,32.2318851,-110.9501094,78.0,226.0,5.846153846153846,1.5796703296703296,3.192307692307692,0.695054945054945,0.23626373626373626,0.9175824175824175,0.395,0.336
5f88a624a55318de3c9be1f4,Udonis Haslem,Florida,29.6436325,-82.3549302,80.0,235.0,7.602564102564102,0.8496503496503497,6.706293706293706,0.49184149184149184,0.2902097902097902,0.9370629370629371,0.489,0.086
5f88a624a55318de3c9be1f5,Brook Lopez,Stanford,37.4274745,-122.169719,84.0,282.0,16.84968152866242,1.515923566878981,6.378343949044586,0.5796178343949044,1.7987261146496816,1.7898089171974523,0.494,0.341
5f88a624a55318de3c9be1f6,Wesley Matthews,Marquette,43.0388337,-87.92856669999999,76.0,220.0,13.139064475347661,2.1441213653603035,3.0417193426042983,1.0467762326169405,0.1959544879898862,1.2654867256637168,0.423,0.381
5f88a624a55318de3c9be1f7,Pat Connaughton,Notre Dame,41.7055716,-86.2353388,77.0,209.0,4.791519434628976,1.265017667844523,2.7809187279151946,0.31448763250883394,0.2826855123674912,0.5477031802120141,0.443,0.344
5f88a624a55318de3c9be1f8,Donte DiVincenzo,Villanova,40.0378952,-75.34333149999999,76.0,203.0,7.967741935483871,1.989247311827957,4.118279569892473,1.053763440860215,0.27956989247311825,1.1720430107526882,0.445,0.318
5f88a624a55318de3c9be1f9,Robin Lopez,Stanford,37.4274745,-122.169719,84.0,281.0,8.774038461538462,0.8257211538461539,5.055288461538462,0.23918269230769232,1.1682692307692308,1.1021634615384615,0.529,0.295
5f88a624a55318de3c9be1fa,Khris Middleton,Texas A&M,30.6090918,-96.3337124,79.0,222.0,16.29787234042553,3.3520309477756287,4.64990328820116,1.2456479690522244,0.18568665377176016,1.9226305609284333,0.458,0.392
5f88a624a55318de3c9be1fb,Eric Bledsoe,Kentucky,38.0306511,-84.5039697,73.0,214.0,14.175911251980983,4.836767036450079,3.9793977812995247,1.432646592709984,0.47702060221870046,2.6275752773375594,0.457,0.336
5f88a624a55318de3c9be1fc,Kyle Korver,Creighton,41.2655521,-95.94638619999999,79.0,212.0,9.70211038961039,1.7159090909090908,2.9569805194805197,0.6525974025974026,0.32711038961038963,1.047077922077922,0.442,0.429
5f88a624a55318de3c9be1fd,Sterling Brown,Southern Methodist,32.8412178,-96.78451749999999,77.0,219.0,5.213414634146342,0.975609756097561,3.1097560975609753,0.5182926829268293,0.17073170731707318,0.6890243902439024,0.417,0.345
5f88a624a55318de3c9be1fe,D.J. Wilson,Michigan,42.2780436,-83.7382241,82.0,231.0,4.05607476635514,0.7476635514018691,3.02803738317757,0.22429906542056074,0.24299065420560748,0.514018691588785,0.414,0.322
5f88a624a55318de3c9be1ff,Marvin Williams,North Carolina,35.9049122,-79.0469134,80.0,237.0,10.228544776119403,1.2807835820895523,5.173507462686567,0.7686567164179104,0.5382462686567164,0.9524253731343284,0.443,0.361
5f88a624a55318de3c9be200,Jarrett Culver,Texas Tech,33.5842591,-101.8782822,78.0,195.0,9.206349206349206,1.746031746031746,3.365079365079365,0.9047619047619048,0.6031746031746031,1.2857142857142858,0.404,0.299
5f88a624a55318de3c9be201,Josh Okogie,Georgia Institute of Technology,33.7756178,-84.39628499999999,76.0,213.0,8.110294117647058,1.3970588235294117,3.5735294117647056,1.1470588235294117,0.4338235294117647,1.1029411764705883,0.404,0.274
5f88a624a55318de3c9be202,Karl-Anthony Towns,Kentucky,38.0306511,-84.5039697,83.0,248.0,22.662011173184357,2.7709497206703912,11.756983240223464,0.776536312849162,1.4608938547486034,2.525139664804469,0.534,0.396
5f88a624a55318de3c9be203,Jordan McLaughlin,USC,34.0223519,-118.285117,71.0,185.0,7.633333333333334,4.166666666666667,1.6333333333333333,1.1333333333333333,0.13333333333333333,1.0333333333333334,0.489,0.382
5f88a624a55318de3c9be204,Jake Layman,Maryland,38.9869183,-76.9425543,80.0,209.0,5.262195121951219,0.5487804878048781,1.9146341463414633,0.38414634146341464,0.2865853658536585,0.524390243902439,0.456,0.309
5f88a624a55318de3c9be205,Jaylen Nowell,Washington,38.6487895,-90.31079620000001,76.0,201.0,3.8,1.2666666666666666,0.8666666666666667,0.2,0.06666666666666667,0.2,0.358,0.115
5f88a624a55318de3c9be206,Malik Beasley,Florida State,30.4418778,-84.2984889,76.0,187.0,8.231818181818182,0.9727272727272728,1.981818181818182,0.5318181818181819,0.11363636363636363,0.6545454545454545,0.448,0.388
5f88a624a55318de3c9be207,James Johnson,Wake Forest,36.1355052,-80.2791958,79.0,240.0,7.973186119873817,2.137223974763407,3.6025236593059935,0.7839116719242902,0.8990536277602523,1.4637223974763407,0.477,0.31
5f88a624a55318de3c9be208,D'Angelo Russell,Ohio State,40.0066723,-83.0304546,76.0,193.0,17.451104100946374,5.255520504731861,3.7097791798107256,1.1482649842271293,0.24921135646687698,2.8990536277602525,0.42,0.356
5f88a624a55318de3c9be209,Jarred Vanderbilt,Kentucky,38.0306511,-84.5039697,81.0,214.0,1.2857142857142858,0.17857142857142858,1.1428571428571428,0.32142857142857145,0.07142857142857142,0.5357142857142857,0.519,0.0
5f88a624a55318de3c9be20a,Jacob Evans,Cincinnati,39.1329219,-84.51495039999999,76.0,210.0,2.847457627118644,0.9152542372881356,1.1186440677966103,0.2711864406779661,0.2542372881355932,0.6101694915254238,0.337,0.315
5f88a624a55318de3c9be20b,Evan Turner,Ohio State,40.0066723,-83.0304546,78.0,220.0,9.679432624113476,3.4921985815602836,4.649645390070923,0.7546099290780142,0.26099290780141843,1.797163120567376,0.434,0.294
5f88a624a55318de3c9be20c,Omari Spellman,Villanova,40.0378952,-75.34333149999999,80.0,245.0,6.757894736842105,0.9894736842105263,4.347368421052632,0.6210526315789474,0.5157894736842106,0.8947368421052632,0.417,0.366
5f88a624a55318de3c9be20d,Josh Hart,Villanova,40.0378952,-75.34333149999999,77.0,215.0,8.6,1.441025641025641,4.8,0.8923076923076924,0.40512820512820513,0.9230769230769231,0.43,0.353
5f88a624a55318de3c9be20e,Jaxson Hayes,Texas,30.2849185,-97.7340567,83.0,220.0,7.375,0.875,4.046875,0.40625,0.859375,0.828125,0.672,0.25
5f88a624a55318de3c9be20f,Lonzo Ball,UCLA,34.068921,-118.4451811,78.0,190.0,10.728395061728396,6.598765432098766,6.135802469135802,1.5123456790123457,0.6172839506172839,2.6666666666666665,0.39,0.341
5f88a624a55318de3c9be210,Brandon Ingram,Duke,36.0014258,-78.9382286,79.0,190.0,16.333333333333332,3.2103174603174605,5.067460317460317,0.7301587301587301,0.5873015873015873,2.3134920634920637,0.459,0.36
5f88a624a55318de3c9be211,Jrue Holiday,UCLA,34.068921,-118.4451811,75.0,205.0,15.869565217391305,6.394109396914446,3.9158485273492287,1.490883590462833,0.5105189340813464,2.755960729312763,0.453,0.354
5f88a624a55318de3c9be212,Frank Jackson,Duke,36.0014258,-78.9382286,75.0,205.0,7.216666666666667,1.0833333333333333,1.8083333333333333,0.35,0.05,0.8083333333333333,0.422,0.319
5f88a624a55318de3c9be213,E'Twaun Moore,Purdue,40.4237054,-86.92119459999999,75.0,191.0,8.073555166374781,1.777583187390543,2.0367775831873907,0.6654991243432574,0.22066549912434325,0.8949211908931699,0.455,0.39
5f88a624a55318de3c9be214,Derrick Favors,Georgia Tech,33.7756178,-84.39628499999999,81.0,265.0,11.389458272327964,1.1449487554904831,7.390922401171303,0.7730600292825769,1.2576866764275256,1.390922401171303,0.53,0.207
5f88a624a55318de3c9be215,Nickeil Alexander-Walker,Virginia Tech,37.22838429999999,-80.42341669999999,77.0,205.0,5.680851063829787,1.8936170212765957,1.7872340425531914,0.3617021276595745,0.1702127659574468,1.148936170212766,0.368,0.346
5f88a624a55318de3c9be216,Jahlil Okafor,Duke,36.0014258,-78.9382286,82.0,270.0,11.004545454545454,0.9636363636363636,5.013636363636364,0.30454545454545456,0.8636363636363636,1.481818181818182,0.538,0.222
5f88a624a55318de3c9be217,Zion Williamson,Duke,36.0014258,-78.9382286,78.0,284.0,22.5,2.0833333333333335,6.25,0.6666666666666666,0.375,2.4583333333333335,0.583,0.429
5f88a624a55318de3c9be218,Sindarius Thornwell,South Carolina,33.9937575,-81.0299186,77.0,215.0,2.5899280575539567,0.6474820143884892,1.3525179856115108,0.45323741007194246,0.23741007194244604,0.539568345323741,0.42,0.35
5f88a624a55318de3c9be219,Darius Miller,Kentucky,38.0306511,-84.5039697,78.0,225.0,6.023715415019763,1.3675889328063242,1.6719367588932805,0.43478260869565216,0.24110671936758893,0.6442687747035574,0.418,0.382
5f88a624a55318de3c9be21a,Bobby Portis,Arkansas,36.0686895,-94.1748471,82.0,250.0,10.206349206349206,1.2063492063492063,5.942857142857143,0.5015873015873016,0.2984126984126984,1.0825396825396825,0.456,0.36
5f88a624a55318de3c9be21b,Kevin Knox,Kentucky,38.0306511,-84.5039697,79.0,215.0,9.871428571428572,1.0214285714285714,3.7071428571428573,0.4714285714285714,0.37142857142857144,1.1357142857142857,0.367,0.337
5f88a624a55318de3c9be21c,Julius Randle,Kentucky,38.0306511,-84.5039697,80.0,250.0,16.085333333333335,2.7866666666666666,9.0,0.6613333333333333,0.4746666666666667,2.498666666666667,0.493,0.295
5f88a624a55318de3c9be21d,Taj Gibson,USC,34.0223519,-118.285117,81.0,232.0,9.53441802252816,1.016270337922403,6.25531914893617,0.5632040050062578,1.048811013767209,1.1764705882352942,0.515,0.22
5f88a624a55318de3c9be21e,RJ Barrett,Duke,36.0014258,-78.9382286,78.0,214.0,14.339285714285714,2.5535714285714284,4.982142857142858,0.9821428571428571,0.30357142857142855,2.2142857142857144,0.402,0.32
5f88a624a55318de3c9be21f,Damyean Dotson,Houston,29.7199489,-95.3422334,77.0,210.0,7.7696969696969695,1.3515151515151516,2.6484848484848484,0.5636363636363636,0.09696969696969697,0.6606060606060606,0.419,0.361
5f88a624a55318de3c9be220,Elfrid Payton,Louisana-Lafayette,30.2114404,-92.0204121,75.0,195.0,10.974160206718347,6.630490956072351,4.4005167958656335,1.3333333333333333,0.35142118863049093,2.41343669250646,0.452,0.289
5f88a624a55318de3c9be221,Wayne Ellington,North Carolina,35.9049122,-79.0469134,76.0,207.0,8.019089574155654,1.1086637298091042,2.1747430249632895,0.5447870778267254,0.0763582966226138,0.6696035242290749,0.408,0.378
5f88a624a55318de3c9be222,Dennis Smith Jr.,North Carolina State,35.7846633,-78.6820946,74.0,205.0,12.544871794871796,4.538461538461538,3.16025641025641,1.064102564102564,0.2948717948717949,2.6025641025641026,0.4,0.314
5f88a624a55318de3c9be223,Reggie Bullock,North Carolina,35.9049122,-79.0469134,78.0,205.0,6.943521594684386,1.1362126245847175,2.096345514950166,0.5282392026578073,0.12624584717607973,0.5647840531561462,0.43,0.385
5f88a624a55318de3c9be224,Maurice Harkless,"St. John's, N.Y.",40.7220627,-73.79421119999999,79.0,220.0,7.165735567970205,0.9404096834264432,3.7188081936685293,0.9757914338919925,0.6610800744878957,0.8715083798882681,0.478,0.325
5f88a624a55318de3c9be225,Ignas Brazdeikis,Michigan,42.2780436,-83.7382241,78.0,221.0,1.8888888888888888,0.4444444444444444,0.5555555555555556,0.0,0.1111111111111111,0.2222222222222222,0.273,0.111
5f88a624a55318de3c9be226,Shai Gilgeous-Alexander,Kentucky,38.0306511,-84.5039697,77.0,180.0,14.605263157894736,3.3026315789473686,4.236842105263158,1.1513157894736843,0.6052631578947368,1.8092105263157894,0.473,0.354
5f88a624a55318de3c9be227,Chris Paul,Wake Forest,36.1355052,-80.2791958,73.0,175.0,18.45980392156863,9.463725490196078,4.520588235294118,2.18921568627451,0.1303921568627451,2.4166666666666665,0.471,0.37
5f88a624a55318de3c9be228,Steven Adams,Pittsburgh,40.4443533,-79.960835,83.0,265.0,9.794339622641509,1.1603773584905661,7.60188679245283,0.8849056603773585,1.0018867924528303,1.4283018867924528,0.589,0.1
5f88a624a55318de3c9be229,Nerlens Noel,Kentucky,38.0306511,-84.5039697,82.0,220.0,8.016620498614959,1.1689750692520775,6.204986149584487,1.3074792243767313,1.3878116343490305,1.371191135734072,0.543,0.286
5f88a624a55318de3c9be22a,Abdel Nader,Iowa State,42.0266573,-93.64645159999999,77.0,225.0,4.463414634146342,0.5121951219512195,1.75,0.35365853658536583,0.25609756097560976,0.6280487804878049,0.421,0.352
5f88a624a55318de3c9be22b,Mike Muscala,Bucknell,40.9547722,-76.88507589999999,82.0,240.0,5.601694915254237,0.9265536723163842,3.135593220338983,0.3502824858757062,0.4915254237288136,0.6271186440677966,0.46,0.368
5f88a624a55318de3c9be22c,Hamidou Diallo,Kentucky,38.0306511,-84.5039697,77.0,202.0,5.237113402061856,0.5463917525773195,2.7216494845360826,0.5979381443298969,0.1958762886597938,0.7628865979381443,0.449,0.247
5f88a624a55318de3c9be22d,Deonte Burton,Iowa State,42.0266573,-93.64645159999999,76.0,240.0,2.619718309859155,0.36619718309859156,1.1971830985915493,0.18309859154929578,0.2535211267605634,0.39436619718309857,0.367,0.225
5f88a624a55318de3c9be22e,Devon Hall,Virginia,38.0335529,-78.5079772,74.0,215.0,1.8181818181818181,1.1818181818181819,0.6363636363636364,0.36363636363636365,0.09090909090909091,0.45454545454545453,0.2,0.235
5f88a624a55318de3c9be22f,Andre Roberson,Colorado,40.00758099999999,-105.2659417,79.0,210.0,4.556291390728477,0.8642384105960265,4.023178807947019,0.8774834437086093,0.6556291390728477,0.6059602649006622,0.477,0.255
5f88a624a55318de3c9be230,Markelle Fultz,Washington,38.6487895,-90.31079620000001,75.0,209.0,10.714285714285714,4.580952380952381,3.342857142857143,1.1333333333333333,0.19047619047619047,1.8,0.452,0.267
5f88a624a55318de3c9be231,Terrence Ross,Washington,38.6487895,-90.31079620000001,78.0,206.0,11.014260249554367,1.0998217468805704,2.83065953654189,0.8502673796791443,0.33511586452762926,0.9055258467023173,0.42,0.37
5f88a624a55318de3c9be232,Aaron Gordon,Arizona,32.2318851,-110.9501094,80.0,235.0,12.761786600496277,2.392059553349876,6.419354838709677,0.7741935483870968,0.6377171215880894,1.3945409429280398,0.448,0.319
5f88a624a55318de3c9be233,D.J. Augustin,Texas,30.2849185,-97.7340567,71.0,183.0,9.869212962962964,4.011574074074074,1.9016203703703702,0.6041666666666666,0.034722222222222224,1.5127314814814814,0.412,0.379
5f88a624a55318de3c9be234,Khem Birch,UNLV,36.1085197,-115.1431709,81.0,233.0,4.5,0.8714285714285714,4.214285714285714,0.37857142857142856,0.5214285714285715,0.5142857142857142,0.552,0.0
5f88a624a55318de3c9be235,Michael Carter-Williams,Syracuse,43.0391534,-76.1351158,77.0,190.0,10.41388888888889,4.366666666666666,4.372222222222222,1.3111111111111111,0.5472222222222223,2.341666666666667,0.402,0.256
5f88a624a55318de3c9be236,Jonathan Isaac,Florida State,30.4418778,-84.2984889,83.0,230.0,9.330882352941176,1.0735294117647058,5.4485294117647065,1.0661764705882353,1.5147058823529411,1.1102941176470589,0.435,0.33
5f88a624a55318de3c9be237,James Ennis,Cal State-Long Beach,33.7838235,-118.1140904,78.0,215.0,6.498559077809798,0.8876080691642652,3.2507204610951006,0.6051873198847262,0.29971181556195964,0.7636887608069164,0.455,0.35
5f88a624a55318de3c9be238,Melvin Frazier,Tulane,29.9407282,-90.12031669999999,77.0,215.0,1.896551724137931,0.13793103448275862,0.5172413793103449,0.3448275862068966,0.06896551724137931,0.20689655172413793,0.4,0.364
5f88a624a55318de3c9be239,Al-Farouq Aminu,Wake Forest,36.1355052,-80.2791958,80.0,220.0,7.627906976744186,1.2325581395348837,6.061046511627906,0.9578488372093024,0.563953488372093,1.2136627906976745,0.421,0.335
5f88a624a55318de3c9be23a,Vic Law,Northwestern,42.0564594,-87.67526699999999,79.0,200.0,1.875,0.375,1.375,0.25,0.0,0.25,0.333,0.143
5f88a624a55318de3c9be23b,Tobias Harris,Tennessee,35.9544013,-83.92945639999999,80.0,226.0,15.932038834951456,2.0323624595469254,6.059870550161812,0.7362459546925566,0.4886731391585761,1.3818770226537216,0.471,0.365
5f88a624a55318de3c9be23c,Mike Scott,Virginia,38.0335529,-78.5079772,79.0,237.0,6.990079365079365,0.9107142857142857,3.1884920634920637,0.3134920634920635,0.11904761904761904,0.6706349206349206,0.459,0.364
5f88a624a55318de3c9be23d,Al Horford,Florida,29.6436325,-82.3549302,81.0,240.0,13.939038686987104,3.3036342321219228,8.268464243845251,0.8065650644783119,1.1817116060961312,1.5756154747948417,0.52,0.364
5f88a624a55318de3c9be23e,Matisse Thybulle,Washington,38.6487895,-90.31079620000001,77.0,201.0,4.6923076923076925,1.2153846153846153,1.646153846153846,1.4461538461538461,0.7230769230769231,0.7846153846153846,0.423,0.357
5f88a624a55318de3c9be23f,Ben Simmons,Louisiana State,30.4132579,-91.1800023,82.0,240.0,16.37327188940092,7.953917050691245,8.294930875576037,1.7096774193548387,0.7557603686635944,3.4654377880184333,0.56,0.083
5f88a624a55318de3c9be240,Josh Richardson,Tennessee,35.9544013,-83.92945639999999,77.0,200.0,12.385350318471337,2.878980891719745,3.1751592356687897,1.10828025477707,0.6656050955414012,1.4554140127388535,0.426,0.363
5f88a624a55318de3c9be241,Joel Embiid,Kansas,38.9543439,-95.2557961,84.0,280.0,23.94736842105263,3.1148325358851676,11.4688995215311,0.7559808612440191,1.7894736842105263,3.521531100478469,0.48,0.319
5f88a624a55318de3c9be242,Kyle O'Quinn,Norfolk State,36.8480161,-76.262085,81.0,250.0,5.440677966101695,1.3622881355932204,4.588983050847458,0.4004237288135593,0.9597457627118644,0.9703389830508474,0.517,0.218
5f88a624a55318de3c9be243,Alec Burks,Colorado,40.00758099999999,-105.2659417,78.0,214.0,10.266666666666667,1.8545454545454545,3.204040404040404,0.6505050505050505,0.18585858585858586,1.2686868686868686,0.422,0.364
5f88a624a55318de3c9be244,Glenn Robinson III,Michigan,42.2780436,-83.7382241,78.0,222.0,5.98932384341637,0.7758007117437722,2.601423487544484,0.5160142348754448,0.19572953736654805,0.5124555160142349,0.459,0.373
5f88a624a55318de3c9be245,Zhaire Smith,Texas Tech,33.5842591,-101.8782822,75.0,205.0,3.6923076923076925,0.9230769230769231,1.153846153846154,0.38461538461538464,0.15384615384615385,0.6153846153846154,0.378,0.316
5f88a624a55318de3c9be246,Marial Shayok,Iowa State,42.0266573,-93.64645159999999,77.0,198.0,2.75,0.25,1.75,0.0,0.25,0.75,0.25,0.333
5f88a624a55318de3c9be247,Mikal Bridges,Villanova,40.0378952,-75.34333149999999,78.0,209.0,8.716129032258065,1.9483870967741936,3.587096774193548,1.4903225806451612,0.5419354838709678,0.9225806451612903,0.467,0.345
5f88a624a55318de3c9be248,Devin Booker,Kentucky,38.0306511,-84.5039697,77.0,206.0,22.464912280701753,4.707602339181286,3.6315789473684212,0.783625730994152,0.25146198830409355,3.283625730994152,0.448,0.354
5f88a624a55318de3c9be249,Jevon Carter,West Virginia,39.6480359,-79.9697147,73.0,200.0,4.731958762886598,1.577319587628866,1.8969072164948453,0.7525773195876289,0.28865979381443296,0.6701030927835051,0.367,0.387
5f88a624a55318de3c9be24a,Cameron Johnson,North Carolina,35.9049122,-79.0469134,80.0,210.0,8.842105263157896,1.2105263157894737,3.280701754385965,0.631578947368421,0.3508771929824561,0.5614035087719298,0.435,0.39
5f88a624a55318de3c9be24b,Kelly Oubre Jr.,Kansas,38.9543439,-95.2557961,79.0,203.0,10.870689655172415,0.9396551724137931,4.1465517241379315,0.9051724137931034,0.4540229885057471,1.0344827586206897,0.431,0.329
5f88a624a55318de3c9be24c,Cheick Diallo,Kansas,38.9543439,-95.2557961,80.0,219.0,5.261111111111111,0.43333333333333335,4.1499999999999995,0.3055555555555556,0.40555555555555556,0.6444444444444445,0.598,0.286
5f88a624a55318de3c9be24d,Aron Baynes,Washington State,46.7319225,-117.1542121,82.0,260.0,5.950959488272921,0.7974413646055437,4.526652452025586,0.21535181236673773,0.4946695095948827,0.8507462686567164,0.495,0.327
5f88a624a55318de3c9be24e,Frank Kaminsky,Wisconsin,43.076592,-89.4124875,84.0,240.0,9.769470404984423,1.6417445482866044,4.043613707165109,0.45482866043613707,0.367601246105919,0.8660436137071651,0.422,0.347
5f88a624a55318de3c9be24f,Deandre Ayton,Arizona,32.2318851,-110.9501094,83.0,250.0,16.96330275229358,1.8073394495412844,10.688073394495413,0.7981651376146789,1.146788990825688,1.889908256880734,0.57,0.176
5f88a624a55318de3c9be250,Ty Jerome,Virginia,38.0335529,-78.5079772,77.0,195.0,3.2903225806451615,1.4193548387096775,1.4838709677419355,0.4838709677419355,0.0967741935483871,0.5806451612903226,0.336,0.28
5f88a624a55318de3c9be251,Cameron Payne,Murray State,36.6163842,-88.3214979,75.0,190.0,6.217391304347826,2.5217391304347827,1.8944099378881987,0.6956521739130435,0.18633540372670807,1.0248447204968945,0.403,0.344
5f88a624a55318de3c9be252,Tariq Owens,Texas Tech,33.5842591,-101.8782822,82.0,205.0,1.3333333333333333,0.0,1.0,0.3333333333333333,0.0,0.0,0.2,0.0
5f88a624a55318de3c9be253,CJ McCollum,Lehigh,40.6048687,-75.3775187,75.0,190.0,18.46985446985447,3.130977130977131,3.2993762993762994,0.8565488565488566,0.37422037422037424,1.735966735966736,0.454,0.397
5f88a624a55318de3c9be254,Hassan Whiteside,Marshall,38.4235252,-82.42641449999999,84.0,265.0,13.714634146341464,0.6853658536585366,11.741463414634147,0.5853658536585366,2.424390243902439,1.6170731707317074,0.582,0.32
5f88a624a55318de3c9be255,Damian Lillard,Weber State,41.19246820000001,-111.9444959,74.0,195.0,24.20650406504065,6.51869918699187,4.183739837398374,0.9804878048780488,0.31382113821138213,2.778861788617886,0.437,0.373
5f88a624a55318de3c9be256,Carmelo Anthony,Syracuse,43.0391534,-76.1351158,80.0,238.0,23.570409982174688,2.8966131907308377,6.5115864527629235,1.0071301247771836,0.49376114081996436,2.6131907308377897,0.448,0.349
5f88a624a55318de3c9be257,Nassir Little,North Carolina,35.9049122,-79.0469134,77.0,220.0,3.5833333333333335,0.4583333333333333,2.25,0.2708333333333333,0.2916666666666667,0.3125,0.43,0.237
5f88a624a55318de3c9be258,Trevor Ariza,UCLA,34.068921,-118.4451811,80.0,215.0,10.540413533834586,2.1588345864661656,4.821428571428571,1.4887218045112782,0.31109022556390975,1.3543233082706767,0.423,0.352
5f88a624a55318de3c9be259,Rodney Hood,Duke,36.0014258,-78.9382286,80.0,208.0,12.454545454545455,1.8914956011730206,2.873900293255132,0.7683284457478006,0.19648093841642228,1.1114369501466275,0.426,0.372
5f88a624a55318de3c9be25a,Caleb Swanigan,Purdue,40.4237054,-86.92119459999999,81.0,260.0,2.2533333333333334,0.7466666666666667,2.9066666666666667,0.18666666666666668,0.14666666666666667,0.9733333333333334,0.438,0.118
5f88a624a55318de3c9be25b,Zach Collins,Gonzaga,47.66703210000001,-117.4014343,83.0,250.0,5.720779220779221,0.9025974025974026,3.9870129870129873,0.3051948051948052,0.6623376623376623,0.9675324675324676,0.444,0.324
5f88a624a55318de3c9be25c,Jaylen Adams,St. Bonaventure,42.0794875,-78.48427029999999,74.0,190.0,3.176470588235294,1.911764705882353,1.7647058823529411,0.4117647058823529,0.14705882352941177,0.8235294117647058,0.345,0.338
5f88a624a55318de3c9be25d,Buddy Hield,Oklahoma,35.2058936,-97.4457137,76.0,220.0,15.89240506329114,2.1962025316455698,4.1645569620253164,0.7816455696202531,0.2563291139240506,1.7056962025316456,0.441,0.411
5f88a624a55318de3c9be25e,Harrison Barnes,North Carolina,35.9049122,-79.0469134,80.0,225.0,13.673202614379084,1.6160130718954249,4.901960784313726,0.696078431372549,0.19117647058823528,1.1748366013071896,0.448,0.375
5f88a624a55318de3c9be25f,Cory Joseph,Texas,30.2849185,-97.7340567,75.0,200.0,6.871666666666667,2.8933333333333335,2.585,0.765,0.22,1.0,0.441,0.332
5f88a624a55318de3c9be260,De'Aaron Fox,Kentucky,38.0306511,-84.5039697,75.0,185.0,16.195121951219512,6.136585365853659,3.4341463414634146,1.351219512195122,0.43902439024390244,2.7219512195121953,0.451,0.328
5f88a624a55318de3c9be261,Harry Giles,Duke,36.0014258,-78.9382286,83.0,240.0,6.961538461538462,1.3942307692307692,3.9423076923076925,0.5096153846153846,0.38461538461538464,1.125,0.524,0.0
5f88a624a55318de3c9be262,Richaun Holmes,Bowling Green,41.3797788,-83.6300826,82.0,235.0,8.4,0.9407407407407408,4.985185185185185,0.6074074074074074,0.9592592592592593,0.8,0.583,0.257
5f88a624a55318de3c9be263,Justin James,Wyoming,41.3148754,-105.5665744,79.0,190.0,2.4722222222222223,0.5,0.8888888888888888,0.16666666666666666,0.25,0.2222222222222222,0.417,0.31
5f88a624a55318de3c9be264,Kent Bazemore,Old Dominion,36.8858594,-76.3057051,76.0,195.0,8.713248638838476,1.8366606170598911,3.2196007259528128,1.0235934664246824,0.484573502722323,1.455535390199637,0.413,0.351
5f88a624a55318de3c9be265,Alex Len,Maryland,38.9869183,-76.9425543,84.0,250.0,7.950749464668094,0.8458244111349036,6.252676659528907,0.4089935760171306,0.987152034261242,1.2355460385438972,0.495,0.333
5f88a624a55318de3c9be266,Jabari Parker,Duke,36.0014258,-78.9382286,80.0,245.0,14.929824561403509,2.0807017543859647,5.729824561403509,0.9333333333333333,0.3929824561403509,1.8105263157894738,0.493,0.324
5f88a624a55318de3c9be267,Corey Brewer,Florida,29.6436325,-82.3549302,81.0,186.0,8.665445665445665,1.5262515262515262,2.7924297924297923,1.249084249084249,0.27106227106227104,1.15995115995116,0.425,0.284
5f88a624a55318de3c9be268,DeMar DeRozan,USC,34.0223519,-118.285117,78.0,220.0,20.04268292682927,3.5768292682926828,4.360975609756098,0.9890243902439024,0.2939024390243902,2.05609756097561,0.458,0.282
5f88a624a55318de3c9be269,Derrick White,Colorado,40.00758099999999,-105.2659417,76.0,190.0,9.75,3.375,3.263157894736842,0.756578947368421,0.7171052631578947,1.263157894736842,0.469,0.364
5f88a624a55318de3c9be26a,Rudy Gay,Connecticut,41.8077414,-72.2539805,80.0,250.0,17.110993657505286,2.197674418604651,5.893234672304439,1.2071881606765327,0.7621564482029598,2.2156448202959833,0.456,0.347
5f88a624a55318de3c9be26b,Dejounte Murray,Washington,38.6487895,-90.31079620000001,76.0,180.0,8.12972972972973,2.972972972972973,4.778378378378378,1.1675675675675676,0.2918918918918919,1.6054054054054054,0.451,0.351
5f88a624a55318de3c9be26c,Jakob Poeltl,Utah,40.7649368,-111.8421021,85.0,245.0,5.473118279569892,0.996415770609319,4.813620071684587,0.43727598566308246,1.014336917562724,0.7741935483870968,0.638,0.5
5f88a624a55318de3c9be26d,Bryn Forbes,Michigan State,42.701848,-84.4821719,74.0,205.0,8.900383141762452,1.4789272030651341,1.9080459770114944,0.4099616858237548,0.022988505747126436,0.7088122605363985,0.431,0.4
5f88a624a55318de3c9be26e,Trey Lyles,Kentucky,38.0306511,-84.5039697,81.0,234.0,7.413105413105413,1.0683760683760684,4.239316239316239,0.39886039886039887,0.3504273504273504,0.8461538461538461,0.433,0.341
5f88a624a55318de3c9be26f,LaMarcus Aldridge,Texas,30.2849185,-97.7340567,83.0,250.0,19.54037886340977,1.9790628115653042,8.334995014955135,0.7308075772681955,1.1076769690927217,1.5672981056829511,0.491,0.312
5f88a624a55318de3c9be270,Chimezie Metu,USC,34.0223519,-118.285117,81.0,225.0,2.3191489361702127,0.48936170212765956,1.4680851063829787,0.19148936170212766,0.1702127659574468,0.5319148936170213,0.43,0.0
5f88a624a55318de3c9be271,Keldon Johnson,Kentucky,38.0306511,-84.5039697,77.0,220.0,9.058823529411764,0.8823529411764706,3.3529411764705883,0.8235294117647058,0.11764705882352941,0.7647058823529411,0.596,0.591
5f88a624a55318de3c9be272,Quinndary Weatherspoon,Mississippi State,33.4551742,-88.79437659999999,75.0,205.0,1.0909090909090908,1.0,0.6363636363636364,0.2727272727272727,0.09090909090909091,0.45454545454545453,0.294,0.2
5f88a624a55318de3c9be273,Tyler Zeller,North Carolina,35.9049122,-79.0469134,84.0,253.0,6.9396135265700485,0.8864734299516909,4.396135265700483,0.25120772946859904,0.5821256038647343,0.8405797101449275,0.508,0.286
5f88a624a55318de3c9be274,OG Anunoby,Indiana,39.1754487,-86.512627,79.0,232.0,7.809523809523809,1.0,3.5476190476190474,0.9238095238095239,0.38571428571428573,0.8523809523809524,0.48,0.365
5f88a624a55318de3c9be275,Chris Boucher,Oregon,44.0448302,-123.0726055,81.0,200.0,5.538461538461538,0.3076923076923077,3.6703296703296706,0.3076923076923077,0.9340659340659341,0.38461538461538464,0.465,0.321
5f88a624a55318de3c9be276,Pascal Siakam,New Mexico State,32.2787745,-106.7479059,81.0,230.0,12.83695652173913,2.286231884057971,5.5688405797101455,0.8043478260869565,0.6956521739130435,1.4565217391304348,0.5,0.334
5f88a624a55318de3c9be277,Rondae Hollis-Jefferson,Arizona,32.2318851,-110.9501094,78.0,217.0,9.295918367346939,1.9251700680272108,5.639455782312925,0.9387755102040817,0.5374149659863946,1.3265306122448979,0.448,0.213
5f88a624a55318de3c9be278,Kyle Lowry,Villanova,40.0378952,-75.34333149999999,72.0,196.0,14.74945295404814,6.189277899343545,4.317286652078774,1.3544857768052516,0.2921225382932166,2.324945295404814,0.423,0.366
5f88a624a55318de3c9be279,Norman Powell,UCLA,34.068921,-118.4451811,75.0,215.0,8.599348534201955,1.3029315960912051,2.3713355048859937,0.7068403908794788,0.24104234527687296,1.009771986970684,0.457,0.361
5f88a624a55318de3c9be27a,Matt Thomas,Iowa State,42.0266573,-93.64645159999999,76.0,190.0,4.926829268292683,0.5365853658536586,1.4878048780487805,0.24390243902439024,0.024390243902439025,0.3902439024390244,0.487,0.475
5f88a624a55318de3c9be27b,Patrick McCaw,UNLV,36.1085197,-115.1431709,79.0,181.0,3.8917525773195876,1.3711340206185567,1.6288659793814433,0.7061855670103093,0.15979381443298968,0.634020618556701,0.419,0.305
5f88a624a55318de3c9be27c,Malcolm Miller,Holy Cross,42.2392391,-71.8079608,79.0,210.0,2.0377358490566038,0.2830188679245283,0.6792452830188679,0.1320754716981132,0.09433962264150944,0.18867924528301888,0.434,0.406
5f88a624a55318de3c9be27d,Stanley Johnson,Arizona,32.2318851,-110.9501094,78.0,242.0,6.596774193548387,1.429032258064516,3.229032258064516,0.8774193548387097,0.21935483870967742,1.1548387096774193,0.374,0.293
5f88a624a55318de3c9be27e,Paul Watson,Fresno State,36.8133631,-119.7460947,79.0,215.0,3.1,0.8,1.7,0.4,0.1,0.3,0.385,0.333
5f88a624a55318de3c9be27f,Royce O'Neale,Baylor,31.5488923,-97.1130573,76.0,226.0,5.490990990990991,1.7972972972972974,4.099099099099099,0.6711711711711712,0.32432432432432434,0.8378378378378378,0.445,0.375
5f88a624a55318de3c9be280,Donovan Mitchell,Louisville,38.2122761,-85.75850229999999,73.0,215.0,22.666666666666668,4.0311111111111115,4.071111111111112,1.3066666666666666,0.32,2.7422222222222223,0.439,0.355
5f88a624a55318de3c9be281,Georges Niang,Iowa State,42.0266573,-93.64645159999999,79.0,230.0,4.1847133757961785,0.554140127388535,1.5286624203821655,0.21019108280254778,0.07006369426751592,0.3885350318471338,0.436,0.387
5f88a624a55318de3c9be282,Tony Bradley,North Carolina,35.9049122,-79.0469134,82.0,248.0,4.428571428571429,0.35714285714285715,4.185714285714285,0.22857142857142856,0.5,0.4714285714285714,0.634,0.75
5f88a624a55318de3c9be283,Mike Conley,Ohio State,40.0066723,-83.0304546,73.0,175.0,14.859880239520958,5.6491017964071855,2.967664670658683,1.4335329341317364,0.2,2.009580838323353,0.439,0.375
5f88a624a55318de3c9be284,Jordan Clarkson,Missouri,38.9403808,-92.32773750000001,76.0,194.0,14.788079470198676,2.5695364238410594,3.143487858719647,0.8565121412803532,0.1368653421633554,1.664459161147903,0.446,0.342
5f88a624a55318de3c9be285,Ed Davis,North Carolina,35.9049122,-79.0469134,81.0,218.0,6.309880239520958,0.7649700598802395,6.642215568862275,0.49850299401197606,0.8143712574850299,0.7784431137724551,0.568,0.0
5f88a624a55318de3c9be286,Juwan Morgan,Indiana,39.1754487,-86.512627,80.0,232.0,1.7142857142857142,0.2857142857142857,1.380952380952381,0.047619047619047616,0.09523809523809523,0.2857142857142857,0.577,0.375
5f88a624a55318de3c9be287,Miye Oni,Yale,41.3163244,-72.92234309999999,77.0,206.0,3.5,0.4,1.7,0.4,0.2,0.4,0.375,0.368
5f88a624a55318de3c9be288,Nigel Williams-Goss,Gonzaga,47.66703210000001,-117.4014343,74.0,190.0,1.4,0.6,0.6000000000000001,0.3,0.1,0.3,0.313,0.286
5f88a624a55318de3c9be289,Jarrell Brantley,College of Charleston,32.7834441,-79.93700179999999,77.0,250.0,2.6666666666666665,1.2222222222222223,2.2222222222222223,0.3333333333333333,0.5555555555555556,0.7777777777777778,0.357,0.231
5f88a624a55318de3c9be28a,Justin Wright-Foreman,Hofstra,40.7166872,-73.5993965,72.0,190.0,4.75,1.75,1.25,0.5,0.0,0.75,0.35,0.2
5f88a624a55318de3c9be28b,Troy Brown Jr.,Oregon,44.0448302,-123.0726055,78.0,215.0,7.966942148760331,2.1322314049586777,4.363636363636363,0.8760330578512396,0.09917355371900827,0.9008264462809917,0.432,0.335
5f88a624a55318de3c9be28c,Bradley Beal,Florida,29.6436325,-82.3549302,75.0,207.0,20.96330275229358,3.98348623853211,3.9798165137614676,1.1412844036697247,0.3926605504587156,2.2770642201834863,0.452,0.38
5f88a624a55318de3c9be28d,Rui Hachimura,Gonzaga,47.66703210000001,-117.4014343,80.0,230.0,13.520833333333334,1.8125,6.125,0.7708333333333334,0.16666666666666666,1.1041666666666667,0.466,0.287
5f88a624a55318de3c9be28e,Thomas Bryant,Indiana,39.1754487,-86.512627,82.0,248.0,10.443609022556391,1.3609022556390977,6.030075187969925,0.38345864661654133,0.8872180451127819,0.8646616541353384,0.595,0.355
5f88a624a55318de3c9be28f,Moritz Wagner,Michigan,42.2780436,-83.7382241,83.0,245.0,6.818181818181818,0.9090909090909091,3.4545454545454546,0.4431818181818182,0.36363636363636365,1.1931818181818181,0.494,0.299
5f88a624a55318de3c9be290,Admiral Schofield,Tennessee,35.9544013,-83.92945639999999,77.0,241.0,3.0,0.45454545454545453,1.4242424242424243,0.24242424242424243,0.12121212121212122,0.21212121212121213,0.38,0.311
5f88a624a55318de3c9be291,Gary Payton II,Oregon State,44.5637806,-123.2794443,75.0,190.0,3.4918032786885247,1.4098360655737705,2.262295081967213,0.7540983606557377,0.2459016393442623,0.6229508196721312,0.414,0.256
5f88a624a55318de3c9be292,Jerome Robinson,Boston College,42.3355488,-71.16849450000001,76.0,190.0,4.489583333333333,1.1041666666666667,1.7708333333333335,0.40625,0.20833333333333334,0.6458333333333334,0.379,0.319
5f88a624a55318de3c9be293,Shabazz Napier,Connecticut,41.8077414,-72.2539805,72.0,175.0,7.052173913043478,2.4608695652173913,1.9043478260869564,0.8289855072463768,0.1391304347826087,1.3101449275362318,0.397,0.345
5f88a624a55318de3c9be294,Johnathan Williams,Gonzaga,47.66703210000001,-117.4014343,81.0,228.0,5.17948717948718,0.5384615384615384,4.17948717948718,0.23076923076923078,0.38461538461538464,0.5384615384615384,0.583,0.0
5f88a624a55318de3c9be295,Jerian Grant,Notre Dame,41.7055716,-86.2353388,76.0,205.0,6.064516129032258,2.8853046594982077,1.8996415770609318,0.7347670250896058,0.11827956989247312,0.982078853046595,0.411,0.323
5f88a624a55318de3c9be296,Jarrod Uthoff,Iowa,41.66270780000001,-91.5549771,81.0,221.0,3.6875,0.5625,1.75,0.1875,0.25,0.1875,0.411,0.333
5f88a624a55318de3c9be297,John Wall,Kentucky,38.0306511,-84.5039697,76.0,210.0,18.986038394415356,9.218150087260035,4.333333333333333,1.7033158813263525,0.6910994764397905,3.823734729493892,0.433,0.324
5f88a624a55318de3c9be298,Bol Bol,Oregon,44.0448302,-123.0726055,86.0,220.0,5.714285714285714,0.8571428571428571,2.7142857142857144,0.2857142857142857,0.8571428571428571,1.4285714285714286,0.5,0.444
