_id,Name,Height,Weight,PPG,APG,RPG,SPG,BPG,TPG,FGP,3PG
5f88a624a55318de3c9bdfad,De'Andre Hunter,79.0,225.0,12.422535211267606,1.5633802816901408,4.366197183098592,0.5774647887323944,0.49295774647887325,1.1690140845070423,0.509,0.419
5f88a624a55318de3c9bdfae,Trae Young,74.0,180.0,27.375,8.71875,3.90625,1.6875,0.25,5.21875,0.422,0.36
5f88a624a55318de3c9bdfaf,Vince Carter,79.0,215.0,12.300970873786408,1.912621359223301,4.5,1.1067961165048543,0.7766990291262136,1.3,0.547,0.368
5f88a624a55318de3c9bdfb0,Cam Reddish,80.0,218.0,13.472222222222221,1.9444444444444444,3.6944444444444446,1.5555555555555556,0.5833333333333334,2.6666666666666665,0.356,0.333
5f88a624a55318de3c9bdfb1,Kevin Huerter,79.0,190.0,11.984615384615385,3.0153846153846153,4.984615384615385,0.8,0.676923076923077,1.9384615384615385,0.466,0.394
5f88a624a55318de3c9bdfb2,Bruno Fernando,82.0,240.0,12.03125,1.390625,8.71875,0.515625,1.578125,2.3125,0.595,0.308
5f88a624a55318de3c9bdfb3,Damian Jones,82.0,248.0,13.262626262626263,0.7171717171717171,6.363636363636363,0.37373737373737376,1.6868686868686869,1.9898989898989898,0.566,
5f88a624a55318de3c9bdfb4,DeAndre' Bembry,78.0,210.0,15.742574257425742,3.603960396039604,6.653465346534654,1.4158415841584158,0.7722772277227723,2.4554455445544554,0.457,0.312
5f88a624a55318de3c9bdfb5,John Collins,82.0,218.0,13.421875,0.375,6.96875,0.46875,1.171875,1.421875,0.601,
5f88a624a55318de3c9bdfb6,Brandon Goodwin,72.0,180.0,13.103174603174603,3.7857142857142856,4.063492063492063,1.0873015873015872,0.0873015873015873,2.3015873015873014,0.474,0.301
5f88a624a55318de3c9bdfb7,Jeff Teague,74.0,180.0,16.39344262295082,3.0163934426229506,3.0163934426229506,1.8524590163934427,0.5737704918032787,2.9508196721311477,0.462,0.421
5f88a624a55318de3c9bdfb8,Treveon Graham,78.0,220.0,13.442857142857143,1.4214285714285715,5.75,0.7928571428571428,0.20714285714285716,1.3642857142857143,0.432,0.354
5f88a624a55318de3c9bdfb9,Dewayne Dedmon,84.0,255.0,7.0588235294117645,0.49019607843137253,6.372549019607844,0.9411764705882353,1.6666666666666667,1.5294117647058822,0.52,0.0
5f88a624a55318de3c9bdfba,Jarrett Allen,83.0,235.0,13.393939393939394,0.8181818181818182,8.424242424242424,0.5757575757575758,1.5454545454545454,2.5454545454545454,0.566,0.0
5f88a624a55318de3c9bdfbb,Joe Harris,78.0,198.0,3.1333333333333333,0.3333333333333333,1.6,0.2,0.0,0.4,0.452,0.375
5f88a624a55318de3c9bdfbc,Spencer Dinwiddie,78.0,200.0,12.965116279069768,2.63953488372093,3.3488372093023258,1.127906976744186,0.3372093023255814,1.7790697674418605,0.42,0.386
5f88a624a55318de3c9bdfbd,Taurean Prince,79.0,215.0,10.24031007751938,1.124031007751938,4.240310077519379,0.937984496124031,0.4883720930232558,1.7131782945736433,0.46,0.376
5f88a624a55318de3c9bdfbe,Garrett Temple,78.0,190.0,6.723880597014926,3.5970149253731343,3.746268656716418,1.4253731343283582,0.8432835820895522,2.1865671641791047,0.371,0.278
5f88a624a55318de3c9bdfbf,DeAndre Jordan,83.0,250.0,7.942857142857143,0.42857142857142855,6.0,0.2,1.2571428571428571,1.6285714285714286,0.617,
5f88a624a55318de3c9bdfc0,Caris LeVert,79.0,200.0,10.388349514563107,2.6699029126213594,3.5339805825242716,0.941747572815534,0.21359223300970873,1.3203883495145632,0.434,0.401
5f88a624a55318de3c9bdfc1,Wilson Chandler,80.0,220.0,12.898305084745763,1.2203389830508475,7.050847457627119,0.6949152542372882,1.4576271186440677,1.7966101694915255,0.445,0.303
5f88a624a55318de3c9bdfc2,Kyrie Irving,74.0,180.0,17.454545454545453,4.2727272727272725,3.3636363636363638,1.4545454545454546,0.5454545454545454,2.4545454545454546,0.529,0.462
5f88a624a55318de3c9bdfc3,Chris Chiozza,72.0,160.0,7.374100719424461,4.107913669064748,3.179856115107914,1.3741007194244603,0.050359712230215826,1.60431654676259,0.391,0.327
5f88a624a55318de3c9bdfc4,Nicolas Claxton,83.0,220.0,8.384615384615385,0.9846153846153847,6.2,0.6,1.8923076923076922,1.3846153846153846,0.457,0.302
5f88a624a55318de3c9bdfc5,Justin Anderson,78.0,227.0,8.908163265306122,1.836734693877551,3.479591836734694,0.6122448979591837,0.8571428571428571,1.2755102040816326,0.43,0.357
5f88a624a55318de3c9bdfc6,Jeremiah Martin,75.0,185.0,13.10483870967742,3.5161290322580645,3.201612903225806,1.7903225806451613,0.5645161290322581,2.0080645161290325,0.441,0.325
5f88a624a55318de3c9bdfc7,Tyler Johnson,76.0,186.0,10.5,2.4,4.8,1.1,0.3,1.4,0.456,0.372
5f88a624a55318de3c9bdfc8,Lance Thomas,81.0,225.0,4.621428571428571,0.45714285714285713,3.6285714285714286,0.55,0.2357142857142857,1.1857142857142857,0.525,
5f88a624a55318de3c9bdfc9,Jamal Crawford,78.0,185.0,16.647058823529413,4.470588235294118,2.8,1.1176470588235294,0.9411764705882353,3.1176470588235294,0.412,0.327
5f88a624a55318de3c9bdfca,Kevin Durant,81.0,215.0,25.8,1.3142857142857143,11.142857142857142,1.8857142857142857,1.9142857142857144,2.8285714285714287,0.473,0.404
5f88a624a55318de3c9bdfcb,Brad Wanamaker,76.0,210.0,8.134328358208956,3.388059701492537,3.91044776119403,0.9701492537313433,0.2462686567164179,1.9179104477611941,0.437,0.344
5f88a624a55318de3c9bdfcc,Grant Williams,79.0,236.0,15.663461538461538,2.105769230769231,6.51923076923077,0.8557692307692307,1.5384615384615385,2.105769230769231,0.516,0.291
5f88a624a55318de3c9bdfcd,Semi Ojeleye,80.0,230.0,12.258620689655173,0.9655172413793104,4.637931034482759,0.3793103448275862,0.3103448275862069,0.9482758620689655,0.479,0.415
5f88a624a55318de3c9bdfce,Jayson Tatum,80.0,205.0,16.82758620689655,2.1379310344827585,7.344827586206897,1.3448275862068966,1.1379310344827587,2.6206896551724137,0.452,0.342
5f88a624a55318de3c9bdfcf,Marcus Smart,76.0,220.0,16.625,4.484375,5.859375,2.9375,0.625,3.015625,0.413,0.295
5f88a624a55318de3c9bdfd0,Jaylen Brown,79.0,225.0,14.647058823529411,2.0,5.352941176470588,0.7941176470588235,0.6470588235294118,3.088235294117647,0.431,0.294
5f88a624a55318de3c9bdfd1,Kemba Walker,73.0,172.0,16.063063063063062,4.1441441441441444,4.441441441441441,1.6666666666666667,0.25225225225225223,2.324324324324324,0.428,0.326
5f88a624a55318de3c9bdfd2,Gordon Hayward,80.0,207.0,14.376811594202898,1.8115942028985508,7.420289855072463,1.2753623188405796,0.8695652173913043,2.0,0.47,0.369
5f88a624a55318de3c9bdfd3,Javonte Green,76.0,205.0,14.368421052631579,1.0601503759398496,8.0,1.8270676691729324,0.6691729323308271,1.8421052631578947,0.519,0.238
5f88a624a55318de3c9bdfd4,Carsen Edwards,73.0,200.0,17.77777777777778,2.5,3.361111111111111,1.1666666666666667,0.19444444444444445,2.2314814814814814,0.412,0.368
5f88a624a55318de3c9bdfd5,Romeo Langford,78.0,215.0,16.5,2.34375,5.375,0.78125,0.8125,2.125,0.448,0.272
5f88a624a55318de3c9bdfd6,Tremont Waters,71.0,175.0,15.590909090909092,5.909090909090909,3.075757575757576,2.4696969696969697,0.10606060606060606,3.1818181818181817,0.423,0.34
5f88a624a55318de3c9bdfd7,Miles Bridges,79.0,230.0,17.016129032258064,2.4193548387096775,7.564516129032258,0.6451612903225806,1.1129032258064515,2.1451612903225805,0.47,0.375
5f88a624a55318de3c9bdfd8,Devonte' Graham,74.0,175.0,12.32394366197183,4.450704225352113,3.0915492957746475,1.3873239436619718,0.09859154929577464,1.9014084507042253,0.422,0.409
5f88a624a55318de3c9bdfd9,Terry Rozier,73.0,190.0,11.972602739726028,2.3972602739726026,4.301369863013699,1.5068493150684932,0.1095890410958904,1.3835616438356164,0.408,0.331
5f88a624a55318de3c9bdfda,P.J. Washington,80.0,228.0,12.944444444444445,1.6666666666666667,6.597222222222222,0.7916666666666666,1.0277777777777777,1.9444444444444444,0.521,0.384
5f88a624a55318de3c9bdfdb,Cody Zeller,84.0,240.0,16.069444444444443,1.2777777777777777,7.291666666666666,1.1944444444444444,1.2083333333333333,1.9583333333333333,0.592,
5f88a624a55318de3c9bdfdc,Malik Monk,75.0,200.0,19.842105263157894,2.289473684210526,2.5,0.9473684210526315,0.5,1.9736842105263157,0.45,0.397
5f88a624a55318de3c9bdfdd,Cody Martin,79.0,205.0,9.655737704918034,3.557377049180328,4.581967213114754,1.2704918032786885,0.7868852459016393,1.6475409836065573,0.501,0.325
5f88a624a55318de3c9bdfde,Dwayne Bacon,79.0,210.0,16.507246376811594,1.608695652173913,4.9855072463768115,0.9855072463768116,0.07246376811594203,2.101449275362319,0.449,0.312
5f88a624a55318de3c9bdfdf,Caleb Martin,79.0,205.0,13.56115107913669,1.8776978417266188,4.503597122302159,0.9712230215827338,0.5611510791366906,1.4244604316546763,0.414,0.359
5f88a624a55318de3c9bdfe0,Jalen McDaniels,82.0,195.0,13.223880597014926,1.507462686567164,7.895522388059701,0.9701492537313433,0.5223880597014925,1.7611940298507462,0.504,0.298
5f88a624a55318de3c9bdfe1,Kobi Simmons,77.0,175.0,8.72972972972973,1.972972972972973,1.6216216216216215,0.6486486486486487,0.08108108108108109,1.2432432432432432,0.395,0.327
5f88a624a55318de3c9bdfe2,Coby White,77.0,185.0,16.057142857142857,4.085714285714285,3.542857142857143,1.0857142857142856,0.3142857142857143,2.657142857142857,0.423,0.353
5f88a624a55318de3c9bdfe3,Thaddeus Young,80.0,220.0,14.35483870967742,2.032258064516129,4.870967741935484,1.2580645161290323,0.3870967741935484,2.161290322580645,0.478,0.419
5f88a624a55318de3c9bdfe4,Zach LaVine,77.0,180.0,9.432432432432432,1.7837837837837838,2.5405405405405403,0.8918918918918919,0.16216216216216217,1.135135135135135,0.441,0.375
5f88a624a55318de3c9bdfe5,Ryan Arcidiacono,75.0,195.0,11.13888888888889,3.7152777777777777,2.3125,1.1736111111111112,0.027777777777777776,1.7569444444444444,0.397,0.358
5f88a624a55318de3c9bdfe6,Kris Dunn,75.0,205.0,12.778947368421052,5.810526315789474,5.11578947368421,2.1894736842105265,0.4,3.3157894736842106,0.45,0.354
5f88a624a55318de3c9bdfe7,Lauri Markkanen,84.0,230.0,15.567567567567568,0.8648648648648649,7.1891891891891895,0.40540540540540543,0.5135135135135135,1.0810810810810811,0.492,0.423
5f88a624a55318de3c9bdfe8,Wendell Carter Jr.,82.0,259.0,13.5,2.0,9.1,0.8,2.1,2.0,0.561,0.413
5f88a624a55318de3c9bdfe9,Shaquille Harrison,76.0,182.0,11.135338345864662,3.4661654135338344,4.548872180451128,1.8345864661654134,0.3684210526315789,2.300751879699248,0.444,0.216
5f88a624a55318de3c9bdfea,Denzel Valentine,77.0,220.0,11.42361111111111,4.4375,5.9375,0.9166666666666666,0.2777777777777778,2.201388888888889,0.442,0.408
5f88a624a55318de3c9bdfeb,Luke Kornet,84.0,235.0,8.8671875,1.1171875,4.7578125,0.3828125,1.640625,1.078125,0.417,0.32
5f88a624a55318de3c9bdfec,Chandler Hutchison,79.0,190.0,12.016260162601625,2.073170731707317,5.463414634146342,0.975609756097561,0.23577235772357724,1.91869918699187,0.476,0.353
5f88a624a55318de3c9bdfed,Otto Porter,80.0,205.0,12.84375,2.109375,7.140625,1.46875,0.859375,1.328125,0.498,0.355
5f88a624a55318de3c9bdfee,Max Strus,78.0,215.0,18.575757575757574,2.4545454545454546,5.787878787878788,1.106060606060606,0.5,2.303030303030303,0.42,0.35
5f88a624a55318de3c9bdfef,Collin Sexton,75.0,190.0,19.151515151515152,3.606060606060606,3.7575757575757573,0.8484848484848485,0.09090909090909091,2.787878787878788,0.447,0.336
5f88a624a55318de3c9bdff0,Darius Garland,74.0,175.0,16.2,2.6,3.8,0.8,0.4,3.0,0.537,0.478
5f88a624a55318de3c9bdff1,Tristan Thompson,77.0,193.0,12.7265625,1.328125,2.78125,0.578125,0.0625,1.65625,0.439,0.396
5f88a624a55318de3c9bdff2,Matthew Dellavedova,76.0,190.0,14.213235294117647,5.647058823529412,3.448529411764706,1.1029411764705883,0.051470588235294115,2.514705882352941,0.415,0.378
5f88a624a55318de3c9bdff3,Kevin Love,82.0,260.0,17.46153846153846,1.9230769230769231,10.64102564102564,0.6923076923076923,1.435897435897436,2.0,0.559,0.354
5f88a624a55318de3c9bdff4,Larry Nance Jr.,80.0,235.0,11.3,1.4,6.6,1.1,1.1,1.6,0.521,0.308
5f88a624a55318de3c9bdff5,Kevin Porter Jr.,78.0,218.0,9.5,1.4,4.0,0.8,0.5,1.9,0.471,0.412
5f88a624a55318de3c9bdff6,Alfonzo McKinnie,80.0,215.0,7.177083333333333,0.23958333333333334,5.15625,0.4895833333333333,0.5208333333333334,1.2604166666666667,0.506,
5f88a624a55318de3c9bdff7,Dean Wade,82.0,228.0,11.984126984126984,2.0634920634920637,5.428571428571429,0.9365079365079365,0.626984126984127,1.1746031746031746,0.498,0.386
5f88a624a55318de3c9bdff8,Andre Drummond,82.0,270.0,10.0,0.4411764705882353,7.5588235294117645,0.8235294117647058,2.7058823529411766,1.5294117647058822,0.538,0.0
5f88a624a55318de3c9bdff9,Jordan Bell,79.0,190.0,7.752380952380952,1.4761904761904763,6.847619047619048,1.0571428571428572,2.2285714285714286,1.542857142857143,0.61,
5f88a624a55318de3c9bdffa,Delon Wright,77.0,178.0,15.029411764705882,5.176470588235294,5.838235294117647,2.2794117647058822,1.1323529411764706,2.235294117647059,0.535,0.299
5f88a624a55318de3c9bdffb,Tim Hardaway Jr.,78.0,205.0,14.3,2.1,4.1,0.7,0.3,1.7,0.425,0.343
5f88a624a55318de3c9bdffc,Dorian Finney-Smith,80.0,218.0,10.664179104477611,1.9104477611940298,7.111940298507463,0.7835820895522388,0.6865671641791045,1.791044776119403,0.411,0.362
5f88a624a55318de3c9bdffd,Justin Jackson,71.0,173.0,0.0,0.0,0.5,0.0,0.0,0.0,,
5f88a624a55318de3c9bdffe,Seth Curry,74.0,185.0,14.900709219858156,2.0567375886524824,2.8226950354609928,1.2269503546099292,0.19148936170212766,1.5957446808510638,0.431,0.394
5f88a624a55318de3c9bdfff,Jalen Brunson,75.0,199.0,14.370689655172415,3.7241379310344827,2.456896551724138,0.8362068965517241,0.008620689655172414,1.8706896551724137,0.51,0.393
5f88a624a55318de3c9be000,Dwight Powell,82.0,240.0,10.772058823529411,1.7647058823529411,6.272058823529411,0.9191176470588235,0.8676470588235294,2.0808823529411766,0.464,0.289
5f88a624a55318de3c9be001,Courtney Lee,77.0,200.0,17.62204724409449,2.2125984251968505,5.2204724409448815,1.905511811023622,0.6141732283464567,2.52755905511811,0.464,0.401
5f88a624a55318de3c9be002,Willie Cauley-Stein,84.0,240.0,8.028571428571428,0.8571428571428571,6.238095238095238,1.0952380952380953,2.219047619047619,1.2095238095238094,0.593,
5f88a624a55318de3c9be003,Michael Kidd-Gilchrist,79.0,232.0,11.9,1.875,7.425,0.975,0.925,2.175,0.491,0.255
5f88a624a55318de3c9be004,Antonius Cleveland,78.0,175.0,12.859504132231406,2.0,4.7272727272727275,1.3140495867768596,0.628099173553719,1.859504132231405,0.494,0.288
5f88a624a55318de3c9be005,Trey Burke,72.0,190.0,16.863013698630137,5.698630136986301,3.315068493150685,1.273972602739726,0.4520547945205479,2.4657534246575343,0.45,0.367
5f88a624a55318de3c9be006,Josh Reaves,77.0,214.0,8.917355371900827,2.56198347107438,4.462809917355372,2.0661157024793386,0.7603305785123967,1.7933884297520661,0.438,0.324
5f88a624a55318de3c9be007,Monte Morris,74.0,170.0,12.2,5.485714285714286,3.6857142857142855,1.6071428571428572,0.29285714285714287,1.1785714285714286,0.476,0.381
5f88a624a55318de3c9be008,Jerami Grant,80.0,210.0,7.513888888888889,0.8611111111111112,4.652777777777778,0.5972222222222222,0.5,0.875,0.486,0.3
5f88a624a55318de3c9be009,Mason Plumlee,82.0,235.0,9.815602836879433,1.50354609929078,7.716312056737589,0.8156028368794326,1.4113475177304964,2.0,0.574,
5f88a624a55318de3c9be00a,Jamal Murray,77.0,207.0,20.0,2.1944444444444446,5.166666666666667,0.9722222222222222,0.3055555555555556,2.3333333333333335,0.454,0.408
5f88a624a55318de3c9be00b,Will Barton,78.0,175.0,15.17142857142857,2.8714285714285714,6.457142857142857,1.4857142857142858,0.6,2.342857142857143,0.471,0.299
5f88a624a55318de3c9be00c,Torrey Craig,78.0,215.0,16.244274809160306,1.8015267175572518,7.206106870229007,1.0534351145038168,0.7709923664122137,2.648854961832061,0.413,0.33
5f88a624a55318de3c9be00d,Gary Harris,76.0,210.0,14.855072463768115,2.028985507246377,3.2753623188405796,1.565217391304348,0.30434782608695654,1.608695652173913,0.44,0.376
5f88a624a55318de3c9be00e,Michael Porter Jr.,75.0,198.0,2.7,1.5888888888888888,1.277777777777778,0.6222222222222222,0.1111111111111111,1.5666666666666667,0.348,0.351
5f88a624a55318de3c9be00f,Paul Millsap,80.0,245.0,18.565217391304348,0.9456521739130435,12.73913043478261,1.315217391304348,1.9891304347826086,2.4347826086956523,0.577,0.375
5f88a624a55318de3c9be010,PJ Dozier,79.0,185.0,10.428571428571429,2.442857142857143,3.9142857142857146,1.3428571428571427,0.32857142857142857,2.4,0.398,0.277
5f88a624a55318de3c9be011,Bol Bol,86.0,235.0,21.0,1.0,9.555555555555555,0.7777777777777778,2.6666666666666665,2.0,0.561,0.52
5f88a624a55318de3c9be012,Keita Bates-Diop,79.0,190.0,11.669724770642201,1.110091743119266,5.697247706422019,0.6238532110091743,1.1743119266055047,1.2293577981651376,0.472,0.352
5f88a624a55318de3c9be013,Noah Vonleh,82.0,240.0,11.266666666666667,0.6,8.966666666666667,0.8666666666666667,1.3666666666666667,2.1333333333333333,0.523,0.485
5f88a624a55318de3c9be014,Troy Daniels,76.0,200.0,7.304,0.384,2.144,0.648,0.056,0.584,0.389,0.386
5f88a624a55318de3c9be015,Langston Galloway,74.0,202.0,14.969924812030076,2.225563909774436,4.488721804511278,1.2857142857142858,0.49624060150375937,1.1729323308270676,0.438,0.426
5f88a624a55318de3c9be016,Christian Wood,83.0,220.0,10.380952380952381,0.8412698412698413,6.761904761904761,0.3333333333333333,1.8888888888888888,1.507936507936508,0.477,0.261
5f88a624a55318de3c9be017,Tony Snell,79.0,200.0,9.153846153846153,2.048076923076923,2.4134615384615383,0.5096153846153846,0.34615384615384615,1.4807692307692308,0.421,0.38
5f88a624a55318de3c9be018,Bruce Brown,83.0,280.0,8.982456140350877,0.38596491228070173,4.973684210526316,0.17543859649122806,1.219298245614035,1.8070175438596492,0.602,
5f88a624a55318de3c9be019,Sviatoslav Mykhailiuk,80.0,195.0,8.683823529411764,1.4852941176470589,2.5,0.7132352941176471,0.19852941176470587,1.0735294117647058,0.428,0.409
5f88a624a55318de3c9be01a,Derrick Rose,75.0,190.0,14.925,4.725,4.525,1.2,0.375,2.675,0.477,0.337
5f88a624a55318de3c9be01b,Luke Kennard,77.0,180.0,15.712328767123287,2.0,4.342465753424658,0.8904109589041096,0.2602739726027397,1.1917808219178083,0.461,0.383
5f88a624a55318de3c9be01c,Blake Griffin,82.0,251.0,18.794117647058822,2.073529411764706,11.838235294117649,1.0588235294117647,1.0147058823529411,2.823529411764706,0.618,0.3
5f88a624a55318de3c9be01d,John Henson,83.0,220.0,10.311926605504587,0.9908256880733946,8.128440366972477,0.6330275229357798,2.541284403669725,1.5229357798165137,0.497,
5f88a624a55318de3c9be01e,Louis King,81.0,205.0,13.451612903225806,1.2903225806451613,5.516129032258064,0.8709677419354839,0.22580645161290322,2.064516129032258,0.435,0.386
5f88a624a55318de3c9be01f,Brandon Knight,75.0,185.0,17.289473684210527,4.184210526315789,4.026315789473684,0.6578947368421053,0.21052631578947367,3.1578947368421053,0.423,0.377
5f88a624a55318de3c9be020,Khyri Thomas,75.0,200.0,11.176470588235293,2.5,4.617647058823529,1.3823529411764706,0.2549019607843137,1.6176470588235294,0.511,0.406
5f88a624a55318de3c9be021,Jordan McRae,77.0,200.0,13.342105263157896,1.8333333333333333,3.254385964912281,0.6403508771929824,0.8508771929824561,1.9736842105263157,0.417,0.343
5f88a624a55318de3c9be022,Justin Patton,83.0,215.0,12.942857142857143,1.1714285714285715,6.228571428571429,0.8571428571428571,1.4285714285714286,1.7142857142857142,0.676,0.533
5f88a624a55318de3c9be023,Eric Paschall,80.0,255.0,12.313868613138686,1.5255474452554745,5.138686131386861,0.7372262773722628,0.5182481751824818,1.9343065693430657,0.468,0.331
5f88a624a55318de3c9be024,Marquese Chriss,81.0,225.0,13.735294117647058,0.7647058823529411,5.382352941176471,0.9411764705882353,1.6176470588235294,2.0294117647058822,0.53,0.35
5f88a624a55318de3c9be025,Jordan Poole,77.0,195.0,9.4,1.36,2.1733333333333333,0.8,0.18666666666666668,1.0933333333333333,0.434,0.37
5f88a624a55318de3c9be026,Damion Lee,78.0,200.0,16.128,1.952,4.784,1.136,0.208,1.736,0.433,0.362
5f88a624a55318de3c9be027,Ky Bowman,73.0,188.0,16.948979591836736,3.8979591836734695,6.3979591836734695,1.336734693877551,0.3469387755102041,3.010204081632653,0.433,0.388
5f88a624a55318de3c9be028,Draymond Green,79.0,230.0,10.462068965517242,2.9310344827586206,7.558620689655172,1.2413793103448276,0.8,1.910344827586207,0.467,0.361
5f88a624a55318de3c9be029,Kevon Looney,81.0,220.0,11.555555555555555,1.4166666666666667,9.194444444444445,1.2777777777777777,0.8888888888888888,1.25,0.47,0.415
5f88a624a55318de3c9be02a,Andrew Wiggins,80.0,200.0,17.057142857142857,1.542857142857143,5.857142857142857,1.1714285714285715,0.9714285714285714,2.2857142857142856,0.448,0.341
5f88a624a55318de3c9be02b,Mychal Mulder,76.0,185.0,2.9107142857142856,0.35714285714285715,1.3392857142857144,0.16071428571428573,0.10714285714285714,0.23214285714285715,0.376,0.343
5f88a624a55318de3c9be02c,Stephen Curry,75.0,185.0,25.33653846153846,3.730769230769231,4.548076923076923,2.125,0.2692307692307692,3.019230769230769,0.467,0.412
5f88a624a55318de3c9be02d,Klay Thompson,78.0,200.0,17.918367346938776,2.642857142857143,4.846938775510204,1.3265306122448979,0.7551020408163265,2.9489795918367347,0.424,0.39
5f88a624a55318de3c9be02e,P.J. Tucker,77.0,225.0,13.436781609195402,1.9540229885057472,8.206896551724139,1.3333333333333333,0.26436781609195403,2.1954022988505746,0.526,
5f88a624a55318de3c9be02f,Ben McLemore,77.0,195.0,15.91891891891892,1.972972972972973,5.1891891891891895,1.0,0.6756756756756757,2.081081081081081,0.495,0.42
5f88a624a55318de3c9be030,James Harden,77.0,218.0,18.971014492753625,3.739130434782609,5.420289855072464,1.9130434782608696,0.43478260869565216,3.0,0.506,0.376
5f88a624a55318de3c9be031,Austin Rivers,76.0,200.0,15.5,2.088235294117647,3.3823529411764706,0.9705882352941176,0.029411764705882353,2.323529411764706,0.433,0.365
5f88a624a55318de3c9be032,Danuel House,79.0,195.0,14.142857142857142,2.0,4.705882352941177,0.7142857142857143,0.44537815126050423,1.915966386554622,0.416,0.338
5f88a624a55318de3c9be033,Russell Westbrook,75.0,187.0,8.253333333333334,2.546666666666667,2.4133333333333336,1.0266666666666666,0.10666666666666667,1.6133333333333333,0.464,0.354
5f88a624a55318de3c9be034,Eric Gordon,75.0,222.0,20.90625,2.4375,3.25,1.3125,0.625,3.59375,0.433,0.337
5f88a624a55318de3c9be035,Chris Clemons,69.0,180.0,24.8,2.6,4.5,1.6,0.4,2.5,0.444,0.363
5f88a624a55318de3c9be036,Robert Covington,81.0,215.0,14.813559322033898,1.228813559322034,7.423728813559322,1.5338983050847457,1.271186440677966,2.330508474576271,0.476,0.422
5f88a624a55318de3c9be037,Jeff Green,81.0,235.0,13.127450980392156,3.1176470588235294,6.509803921568627,0.9019607843137255,1.2450980392156863,2.519607843137255,0.488,0.359
5f88a624a55318de3c9be038,Michael Frazier,76.0,194.0,9.881188118811881,1.1287128712871286,3.5346534653465347,0.9306930693069307,0.09900990099009901,1.2079207920792079,0.443,0.432
5f88a624a55318de3c9be039,DeMarre Carroll,80.0,225.0,11.238805970149254,1.5671641791044777,6.014925373134329,1.1343283582089552,0.44029850746268656,1.3208955223880596,0.535,0.281
5f88a624a55318de3c9be03a,David Nwaba,76.0,200.0,11.897727272727273,2.0454545454545454,5.295454545454545,1.0909090909090908,0.5568181818181818,1.6022727272727273,0.473,
5f88a624a55318de3c9be03b,Justin Holiday,78.0,180.0,5.317073170731708,1.5284552845528456,3.6422764227642275,0.7642276422764228,0.5040650406504065,1.0406504065040652,0.443,0.343
5f88a624a55318de3c9be03c,T.J. McConnell,73.0,195.0,10.172661870503598,5.402877697841727,3.870503597122302,2.3309352517985613,0.17266187050359713,2.0215827338129495,0.49,0.38
5f88a624a55318de3c9be03d,Doug McDermott,80.0,225.0,21.724137931034484,1.3379310344827586,7.503448275862069,0.23448275862068965,0.09655172413793103,2.213793103448276,0.55,0.458
5f88a624a55318de3c9be03e,T.J. Warren,80.0,233.0,18.514285714285716,0.9714285714285714,5.657142857142857,1.5,0.5142857142857142,1.6714285714285715,0.555,0.315
5f88a624a55318de3c9be03f,Aaron Holiday,73.0,185.0,14.287128712871286,4.7227722772277225,3.1683168316831685,1.2475247524752475,0.21782178217821782,3.00990099009901,0.45,0.422
5f88a624a55318de3c9be040,Domantas Sabonis,82.0,231.0,13.54054054054054,1.3108108108108107,9.378378378378379,0.527027027027027,0.581081081081081,2.0405405405405403,0.632,
5f88a624a55318de3c9be041,Myles Turner,83.0,240.0,10.147058823529411,0.5882352941176471,6.529411764705882,0.29411764705882354,2.6176470588235294,1.3823529411764706,0.455,0.274
5f88a624a55318de3c9be042,Malcolm Brogdon,77.0,217.0,13.301470588235293,2.463235294117647,4.139705882352941,0.8602941176470589,0.22794117647058823,1.5220588235294117,0.43,0.365
5f88a624a55318de3c9be043,Jeremy Lamb,77.0,180.0,14.133333333333333,1.6533333333333333,4.653333333333333,1.0266666666666666,0.6133333333333333,1.6,0.482,0.348
5f88a624a55318de3c9be044,JaKarr Sampson,81.0,214.0,13.863636363636363,1.121212121212121,6.363636363636363,0.8636363636363636,1.0303030303030303,1.7878787878787878,0.469,0.077
5f88a624a55318de3c9be045,Edmond Sumner,77.0,170.0,11.431034482758621,3.8448275862068964,3.4827586206896552,1.1724137931034482,0.3793103448275862,2.206896551724138,0.429,0.285
5f88a624a55318de3c9be046,T.J. Leaf,82.0,225.0,16.257142857142856,2.4285714285714284,8.2,0.6285714285714286,1.1142857142857143,1.4857142857142858,0.617,0.466
5f88a624a55318de3c9be047,Victor Oladipo,77.0,214.0,10.740384615384615,1.6826923076923077,5.163461538461538,1.5480769230769231,0.5384615384615384,1.9519230769230769,0.538,0.338
5f88a624a55318de3c9be048,Alize Johnson,81.0,201.0,14.878787878787879,2.378787878787879,11.136363636363637,0.5303030303030303,0.30303030303030304,2.272727272727273,0.457,0.325
5f88a624a55318de3c9be049,Montrezl Harrell,80.0,235.0,11.553571428571429,0.9107142857142857,6.9375,0.8125,1.0535714285714286,1.2946428571428572,0.586,
5f88a624a55318de3c9be04a,JaMychal Green,80.0,240.0,13.463414634146341,1.2357723577235773,7.414634146341463,1.016260162601626,1.7235772357723578,2.5365853658536586,0.519,0.176
5f88a624a55318de3c9be04b,Patrick Patterson,81.0,235.0,16.123711340206185,1.5051546391752577,8.154639175257731,0.711340206185567,1.5670103092783505,1.6391752577319587,0.585,0.329
5f88a624a55318de3c9be04c,Kawhi Leonard,79.0,225.0,14.142857142857142,2.2285714285714286,10.228571428571428,1.4,0.6428571428571429,2.1857142857142855,0.449,0.25
5f88a624a55318de3c9be04d,Rodney McGruder,76.0,205.0,11.674074074074074,1.3777777777777778,4.844444444444444,0.8592592592592593,0.26666666666666666,1.2666666666666666,0.452,0.381
5f88a624a55318de3c9be04e,Landry Shamet,76.0,179.0,12.873239436619718,4.056338028169014,3.0,0.7605633802816901,0.19718309859154928,1.5211267605633803,0.48,0.437
5f88a624a55318de3c9be04f,Patrick Beverley,73.0,180.0,12.957142857142857,2.7714285714285714,5.5285714285714285,1.5,0.42857142857142855,1.9857142857142858,0.42,0.382
5f88a624a55318de3c9be050,Paul George,79.0,210.0,15.46031746031746,2.3968253968253967,6.698412698412698,1.9523809523809523,0.9206349206349206,2.746031746031746,0.447,0.396
5f88a624a55318de3c9be051,Terance Mann,79.0,215.0,9.442857142857143,1.9214285714285715,5.071428571428571,0.8,0.24285714285714285,1.3642857142857143,0.552,0.327
5f88a624a55318de3c9be052,Marcus Morris,81.0,235.0,12.577981651376147,1.2568807339449541,6.201834862385321,0.9357798165137615,0.44036697247706424,1.5779816513761469,0.555,0.358
5f88a624a55318de3c9be053,Amir Coffey,80.0,210.0,14.425287356321839,3.1839080459770117,3.8045977011494254,0.9310344827586207,0.20689655172413793,2.0919540229885056,0.448,0.328
5f88a624a55318de3c9be054,Reggie Jackson,75.0,208.0,12.666666666666666,3.5353535353535355,4.373737373737374,0.8383838383838383,0.46464646464646464,2.0505050505050506,0.465,0.351
5f88a624a55318de3c9be055,Johnathan Motley,81.0,230.0,12.049019607843137,1.2941176470588236,6.392156862745098,0.43137254901960786,1.196078431372549,2.0098039215686274,0.519,0.24
5f88a624a55318de3c9be056,Mfiondu Kabengele,82.0,250.0,10.338028169014084,0.29577464788732394,5.323943661971831,0.5070422535211268,1.1971830985915493,1.1690140845070423,0.498,0.374
5f88a624a55318de3c9be057,Joakim Noah,83.0,232.0,10.49074074074074,1.712962962962963,6.361111111111111,0.8796296296296297,1.7222222222222223,1.787037037037037,0.616,
5f88a624a55318de3c9be058,Kentavious Caldwell-Pope,77.0,205.0,15.828125,1.5,6.125,1.921875,0.4375,1.5625,0.415,0.339
5f88a624a55318de3c9be059,Danny Green,77.0,210.0,9.434482758620689,1.7655172413793103,4.068965517241379,1.103448275862069,1.0620689655172413,1.4413793103448276,0.455,0.375
5f88a624a55318de3c9be05a,JaVale McGee,84.0,237.0,8.696969696969697,0.3484848484848485,4.757575757575758,0.48484848484848486,1.8484848484848484,1.5909090909090908,0.542,0.356
5f88a624a55318de3c9be05b,Alex Caruso,77.0,183.0,7.956204379562044,4.737226277372263,3.7445255474452552,2.0145985401459856,0.4306569343065693,2.5255474452554743,0.455,0.34
5f88a624a55318de3c9be05c,Anthony Davis,74.0,205.0,13.266129032258064,2.2983870967741935,4.379032258064516,1.5564516129032258,0.3387096774193548,2.0,0.42,0.311
5f88a624a55318de3c9be05d,Kyle Kuzma,81.0,190.0,10.0625,1.46875,5.541666666666667,0.3229166666666667,0.3645833333333333,1.5729166666666667,0.506,0.302
5f88a624a55318de3c9be05e,Avery Bradley,74.0,180.0,11.647058823529411,2.088235294117647,2.8823529411764706,1.2941176470588236,0.5294117647058824,1.5294117647058822,0.432,0.375
5f88a624a55318de3c9be05f,Rajon Rondo,73.0,171.0,9.617647058823529,4.1911764705882355,4.5,2.2941176470588234,0.19117647058823528,2.176470588235294,0.493,0.283
5f88a624a55318de3c9be060,Jared Dudley,79.0,225.0,15.930769230769231,3.0384615384615383,7.199999999999999,1.353846153846154,0.2846153846153846,2.0615384615384613,0.504,0.365
5f88a624a55318de3c9be061,Quinn Cook,74.0,185.0,10.986013986013987,3.5594405594405596,2.65034965034965,1.055944055944056,0.06293706293706294,1.4055944055944056,0.432,0.375
5f88a624a55318de3c9be062,Markieff Morris,82.0,245.0,8.46788990825688,1.1559633027522935,6.0733944954128445,0.5504587155963303,0.944954128440367,1.5779816513761469,0.553,0.404
5f88a624a55318de3c9be063,Dion Waiters,76.0,215.0,9.71830985915493,2.0,1.943661971830986,1.4788732394366197,0.22535211267605634,1.0985915492957747,0.453,0.348
5f88a624a55318de3c9be064,Talen Horton-Tucker,76.0,233.0,11.82857142857143,2.342857142857143,4.857142857142858,1.2857142857142858,0.6571428571428571,1.7142857142857142,0.406,0.308
5f88a624a55318de3c9be065,Dillon Brooks,77.0,205.0,14.788990825688073,2.5596330275229358,4.541284403669724,0.8807339449541285,0.46788990825688076,2.146788990825688,0.472,0.362
5f88a624a55318de3c9be066,Tyus Jones,73.0,190.0,11.820512820512821,5.564102564102564,3.5128205128205128,1.5128205128205128,0.07692307692307693,1.9487179487179487,0.417,0.379
5f88a624a55318de3c9be067,De'Anthony Melton,76.0,190.0,8.333333333333334,3.4722222222222223,4.722222222222222,1.9166666666666667,1.0277777777777777,1.7777777777777777,0.437,0.284
5f88a624a55318de3c9be068,Brandon Clarke,80.0,215.0,14.479591836734693,1.8877551020408163,7.673469387755102,1.0204081632653061,2.36734693877551,1.469387755102041,0.639,0.25
5f88a624a55318de3c9be069,Jaren Jackson Jr.,83.0,242.0,10.9,1.1,5.8,0.6,3.0,1.8,0.513,0.396
5f88a624a55318de3c9be06a,Grayson Allen,76.0,195.0,14.056338028169014,3.0422535211267605,3.169014084507042,1.0352112676056338,0.09859154929577464,1.6901408450704225,0.43,0.38
5f88a624a55318de3c9be06b,Josh Jackson,80.0,265.0,8.657894736842104,0.5877192982456141,4.62280701754386,0.3684210526315789,0.35964912280701755,1.8333333333333333,0.517,
5f88a624a55318de3c9be06c,John Konchar,77.0,210.0,15.526315789473685,4.157894736842105,8.639097744360903,2.045112781954887,0.5864661654135338,1.8571428571428572,0.556,0.416
5f88a624a55318de3c9be06d,Yuta Watanabe,80.0,193.0,10.895522388059701,1.4701492537313432,4.544776119402985,0.6940298507462687,1.0970149253731343,1.2686567164179106,0.425,0.337
5f88a624a55318de3c9be06e,Gorgui Dieng,83.0,245.0,8.343137254901961,1.2450980392156863,7.852941176470588,1.0196078431372548,2.6176470588235294,1.6274509803921569,0.545,
5f88a624a55318de3c9be06f,Anthony Tolliver,80.0,240.0,8.096774193548388,1.0887096774193548,4.862903225806452,0.6209677419354839,1.096774193548387,1.3548387096774193,0.491,0.333
5f88a624a55318de3c9be070,Justise Winslow,78.0,225.0,12.615384615384615,2.1025641025641026,6.461538461538462,1.3333333333333333,0.8717948717948718,1.8205128205128205,0.486,0.418
5f88a624a55318de3c9be071,Duncan Robinson,80.0,190.0,9.321739130434782,1.2347826086956522,2.5391304347826087,0.5652173913043478,0.28695652173913044,0.6956521739130435,0.455,0.419
5f88a624a55318de3c9be072,Kendrick Nunn,75.0,190.0,14.246031746031745,2.0793650793650795,3.611111111111111,1.1587301587301588,0.21428571428571427,1.6904761904761905,0.428,0.386
5f88a624a55318de3c9be073,Kelly Olynyk,84.0,238.0,8.94059405940594,1.0594059405940595,4.564356435643564,0.5148514851485149,0.45544554455445546,1.386138613861386,0.594,0.333
5f88a624a55318de3c9be074,Derrick Jones Jr.,77.0,190.0,8.223300970873787,1.5048543689320388,1.3009708737864076,0.5145631067961165,0.2524271844660194,0.7766990291262136,0.406,0.369
5f88a624a55318de3c9be075,Jimmy Butler,79.0,220.0,12.047169811320755,1.6981132075471699,5.462264150943396,1.0849056603773586,0.4716981132075472,1.0377358490566038,0.508,0.383
5f88a624a55318de3c9be076,Tyler Herro,77.0,195.0,14.027027027027026,2.4594594594594597,4.486486486486486,1.0810810810810811,0.32432432432432434,1.6216216216216217,0.462,0.355
5f88a624a55318de3c9be077,Meyers Leonard,85.0,245.0,7.723076923076923,0.7384615384615385,4.661538461538461,0.3076923076923077,1.123076923076923,1.4461538461538461,0.567,0.083
5f88a624a55318de3c9be078,Chris Silva,81.0,234.0,11.261194029850746,0.664179104477612,6.537313432835822,0.6343283582089553,1.3880597014925373,1.962686567164179,0.497,
5f88a624a55318de3c9be079,Andre Iguodala,78.0,207.0,9.580645161290322,3.435483870967742,6.596774193548387,1.532258064516129,0.46774193548387094,2.129032258064516,0.424,0.274
5f88a624a55318de3c9be07a,Jae Crowder,78.0,235.0,14.569444444444445,1.8194444444444444,7.569444444444445,1.8888888888888888,0.9305555555555556,1.0277777777777777,0.492,0.35
5f88a624a55318de3c9be07b,Solomon Hill,79.0,220.0,10.287769784172662,2.1870503597122304,5.561151079136691,0.9136690647482014,0.35251798561151076,2.0863309352517985,0.481,0.375
5f88a624a55318de3c9be07c,Udonis Haslem,80.0,230.0,13.7,1.0692307692307692,3.753846153846154,0.823076923076923,0.9230769230769231,1.1307692307692307,0.584,
5f88a624a55318de3c9be07d,Brook Lopez,84.0,260.0,16.0188679245283,1.0754716981132075,7.113207547169811,0.5094339622641509,1.9056603773584906,2.1132075471698113,0.48,0.143
5f88a624a55318de3c9be07e,Wesley Matthews,77.0,220.0,13.173228346456693,2.1338582677165356,4.94488188976378,1.220472440944882,0.2992125984251969,2.1653543307086616,0.444,0.341
5f88a624a55318de3c9be07f,Pat Connaughton,77.0,218.0,10.53956834532374,1.8489208633093526,5.9208633093525185,0.6690647482014388,0.5107913669064749,0.9712230215827338,0.45,0.386
5f88a624a55318de3c9be080,Donte DiVincenzo,77.0,200.0,10.235294117647058,2.4,4.035294117647059,0.9294117647058824,0.21176470588235294,1.611764705882353,0.469,0.378
5f88a624a55318de3c9be081,Robin Lopez,84.0,255.0,8.970149253731343,0.7611940298507462,5.611940298507463,0.34328358208955223,2.328358208955224,1.626865671641791,0.511,0.5
5f88a624a55318de3c9be082,Khris Middleton,79.0,217.0,11.275862068965518,2.0114942528735633,4.551724137931035,1.0,0.19540229885057472,1.9885057471264367,0.431,0.321
5f88a624a55318de3c9be083,Eric Bledsoe,73.0,190.0,11.324324324324325,2.891891891891892,3.081081081081081,1.4054054054054055,0.32432432432432434,3.027027027027027,0.462,0.383
5f88a624a55318de3c9be084,George Hill,74.0,180.0,17.042105263157893,3.336842105263158,5.757894736842105,1.631578947368421,0.30526315789473685,2.536842105263158,0.529,0.404
5f88a624a55318de3c9be085,Kyle Korver,79.0,210.0,14.0703125,2.296875,4.3984375,1.34375,0.453125,1.8046875,0.472,0.453
5f88a624a55318de3c9be086,Sterling Brown,76.0,190.0,1.6875,0.40625,0.75,0.125,0.0,0.25,0.435,0.353
5f88a624a55318de3c9be087,D.J. Wilson,81.0,220.0,7.115942028985507,0.8405797101449275,3.289855072463768,0.36231884057971014,1.0144927536231885,0.7536231884057971,0.525,0.363
5f88a624a55318de3c9be088,Marvin Williams,81.0,230.0,11.305555555555555,0.7222222222222222,6.555555555555555,1.0833333333333333,0.4722222222222222,1.5555555555555556,0.506,0.432
5f88a624a55318de3c9be089,Frank Mason III,71.0,185.0,13.0,3.972413793103448,3.4482758620689653,1.1379310344827587,0.06896551724137931,1.8620689655172413,0.454,0.42
5f88a624a55318de3c9be08a,Cameron Reynolds,79.0,195.0,10.148148148148149,1.162962962962963,4.481481481481482,0.6074074074074074,0.3333333333333333,1.2074074074074075,0.387,0.334
5f88a624a55318de3c9be08b,Jarrett Culver,77.0,195.0,14.92,2.7866666666666666,5.6000000000000005,1.3066666666666666,0.64,2.1333333333333333,0.459,0.341
5f88a624a55318de3c9be08c,Josh Okogie,76.0,207.0,16.934426229508198,1.9672131147540983,5.754098360655737,1.4754098360655739,0.819672131147541,2.262295081967213,0.437,0.382
5f88a624a55318de3c9be08d,Karl-Anthony Towns,83.0,250.0,10.282051282051283,1.1282051282051282,6.692307692307692,0.46153846153846156,2.2564102564102564,1.358974358974359,0.566,0.25
5f88a624a55318de3c9be08e,Kelan Martin,78.0,215.0,15.051470588235293,1.1838235294117647,5.213235294117647,0.5808823529411765,0.4117647058823529,1.7426470588235294,0.437,0.348
5f88a624a55318de3c9be08f,Naz Reid,82.0,250.0,13.617647058823529,0.8529411764705882,7.205882352941177,0.7352941176470589,0.6764705882352942,2.5,0.468,0.333
5f88a624a55318de3c9be090,Jordan McLaughlin,73.0,170.0,12.875,5.7734375,3.546875,1.6640625,0.171875,2.3671875,0.439,0.379
5f88a624a55318de3c9be091,Jake Layman,81.0,205.0,10.184397163120567,1.1063829787234043,4.780141843971631,0.8723404255319149,0.8014184397163121,1.446808510638298,0.445,0.362
5f88a624a55318de3c9be092,Jaylen Nowell,76.0,200.0,16.1,2.914285714285714,4.642857142857142,1.1714285714285715,0.2571428571428571,2.7285714285714286,0.476,0.396
5f88a624a55318de3c9be093,Malik Beasley,77.0,190.0,15.558823529411764,1.5,5.294117647058823,0.9411764705882353,0.17647058823529413,1.7352941176470589,0.471,0.387
5f88a624a55318de3c9be094,James Johnson,72.0,195.0,13.62992125984252,3.7716535433070866,3.5196850393700787,1.4566929133858268,0.09448818897637795,2.2283464566929134,0.385,0.37
5f88a624a55318de3c9be095,D'Angelo Russell,77.0,180.0,19.285714285714285,5.0,5.6571428571428575,1.5714285714285714,0.3142857142857143,2.914285714285714,0.449,0.411
5f88a624a55318de3c9be096,Jarred Vanderbilt,81.0,214.0,5.857142857142857,1.0,7.857142857142857,0.42857142857142855,0.7857142857142857,1.0714285714285714,0.426,0.0
5f88a624a55318de3c9be097,Jacob Evans,78.0,210.0,11.742857142857142,2.5047619047619047,4.333333333333333,1.1428571428571428,0.8761904761904762,1.2666666666666666,0.429,0.377
5f88a624a55318de3c9be098,Evan Turner,79.0,210.0,15.01980198019802,4.099009900990099,6.752475247524753,1.5742574257425743,0.7326732673267327,3.485148514851485,0.502,0.362
5f88a624a55318de3c9be099,Omari Spellman,81.0,260.0,10.85,0.75,8.025,0.65,1.475,1.0,0.476,0.433
5f88a624a55318de3c9be09a,Josh Hart,77.0,205.0,13.157534246575343,1.821917808219178,5.561643835616438,1.1027397260273972,0.2945205479452055,1.3287671232876712,0.511,0.389
5f88a624a55318de3c9be09b,Jaxson Hayes,83.0,220.0,10.0,0.28125,5.0,0.59375,2.21875,0.90625,0.728,
5f88a624a55318de3c9be09c,Lonzo Ball,78.0,190.0,14.555555555555555,7.611111111111111,6.0,1.8333333333333333,0.7777777777777778,2.4722222222222223,0.551,0.412
5f88a624a55318de3c9be09d,Brandon Ingram,81.0,190.0,17.333333333333332,2.0,6.777777777777779,1.1388888888888888,1.3611111111111112,2.0,0.442,0.41
5f88a624a55318de3c9be09e,Jrue Holiday,75.0,180.0,8.457142857142857,3.6857142857142855,3.7714285714285714,1.5714285714285714,0.5142857142857142,2.142857142857143,0.45,0.307
5f88a624a55318de3c9be09f,J.J. Redick,76.0,190.0,19.92086330935252,2.2014388489208634,2.697841726618705,1.0935251798561152,0.06474820143884892,2.129496402877698,0.433,0.406
5f88a624a55318de3c9be0a0,Frank Jackson,75.0,205.0,10.9,1.7,2.5,0.6,0.1,1.4,0.473,0.395
5f88a624a55318de3c9be0a1,E'Twaun Moore,76.0,191.0,15.257142857142858,2.857142857142857,4.357142857142857,1.1714285714285715,0.42142857142857143,2.0642857142857145,0.44,0.38
5f88a624a55318de3c9be0a2,Derrick Favors,82.0,246.0,12.444444444444445,1.0277777777777777,8.416666666666668,0.8888888888888888,2.0555555555555554,2.5,0.611,0.0
5f88a624a55318de3c9be0a3,Nickeil Alexander-Walker,77.0,205.0,13.462686567164178,2.746268656716418,3.970149253731343,1.373134328358209,0.5373134328358209,2.2238805970149254,0.464,0.383
5f88a624a55318de3c9be0a4,Kenrich Williams,79.0,210.0,11.029411764705882,2.656862745098039,8.598039215686274,1.3823529411764706,0.696078431372549,1.4215686274509804,0.484,0.375
5f88a624a55318de3c9be0a5,Jahlil Okafor,83.0,270.0,17.289473684210527,1.2894736842105263,8.473684210526315,0.7631578947368421,1.4210526315789473,2.5,0.664,
5f88a624a55318de3c9be0a6,Zion Williamson,79.0,285.0,22.606060606060606,2.0606060606060606,8.878787878787879,2.121212121212121,1.7878787878787878,2.3636363636363638,0.68,0.338
5f88a624a55318de3c9be0a7,Sindarius Thornwell,77.0,215.0,14.704545454545455,2.9545454545454546,5.1893939393939394,1.5075757575757576,0.5909090909090909,2.507575757575758,0.392,0.339
5f88a624a55318de3c9be0a8,Josh Gray,73.0,182.0,7.276595744680851,2.925531914893617,2.2127659574468086,1.3085106382978724,0.0425531914893617,2.425531914893617,0.392,0.216
5f88a624a55318de3c9be0a9,Darius Miller,80.0,225.0,8.210526315789474,1.8289473684210527,3.2171052631578947,0.75,0.6578947368421053,1.4078947368421053,0.448,0.379
5f88a624a55318de3c9be0aa,Bobby Portis,83.0,242.0,14.957142857142857,1.3142857142857143,7.871428571428572,1.0571428571428572,1.4857142857142858,1.3857142857142857,0.526,0.365
5f88a624a55318de3c9be0ab,Kevin Knox,81.0,215.0,15.567567567567568,1.4324324324324325,5.405405405405405,0.8378378378378378,0.2702702702702703,2.2972972972972974,0.445,0.341
5f88a624a55318de3c9be0ac,Julius Randle,81.0,250.0,14.975,1.425,10.4,0.5,0.775,2.525,0.501,0.167
5f88a624a55318de3c9be0ad,Taj Gibson,81.0,225.0,12.447619047619048,1.3523809523809525,8.533333333333333,0.7333333333333333,2.4095238095238094,2.4761904761904763,0.58,
5f88a624a55318de3c9be0ae,RJ Barrett,79.0,202.0,22.63157894736842,4.315789473684211,7.578947368421052,0.8947368421052632,0.42105263157894735,3.236842105263158,0.454,0.308
5f88a624a55318de3c9be0af,Damyean Dotson,77.0,209.0,12.925373134328359,1.1119402985074627,5.037313432835821,0.753731343283582,0.15671641791044777,1.1492537313432836,0.464,0.38
5f88a624a55318de3c9be0b0,Elfrid Payton,75.0,180.0,14.26,4.86,5.08,1.97,0.51,3.36,0.485,0.268
5f88a624a55318de3c9be0b1,Wayne Ellington,76.0,200.0,14.730434782608695,2.243478260869565,4.078260869565217,0.9478260869565217,0.12173913043478261,1.5217391304347827,0.463,0.397
5f88a624a55318de3c9be0b2,Dennis Smith Jr.,75.0,195.0,18.1,6.2,4.6,1.9,0.4,3.4,0.455,0.359
5f88a624a55318de3c9be0b3,Reggie Bullock,79.0,205.0,9.9,1.7,5.0,1.3,0.3,0.9,0.439,0.387
5f88a624a55318de3c9be0b4,Maurice Harkless,80.0,208.0,15.53125,1.46875,8.625,1.59375,1.40625,2.5,0.452,0.215
5f88a624a55318de3c9be0b5,Ignas Brazdeikis,79.0,215.0,14.81081081081081,0.8378378378378378,5.4324324324324325,0.7027027027027027,0.4864864864864865,1.2432432432432432,0.462,0.392
5f88a624a55318de3c9be0b6,Theo Pinson,78.0,195.0,6.204918032786885,3.4098360655737703,4.393442622950819,0.7868852459016393,0.319672131147541,1.5245901639344261,0.427,0.257
5f88a624a55318de3c9be0b7,Shai Gilgeous-Alexander,78.0,180.0,14.378378378378379,5.108108108108108,4.135135135135135,1.6486486486486487,0.4864864864864865,2.7027027027027026,0.485,0.404
5f88a624a55318de3c9be0b8,Chris Paul,72.0,175.0,15.047619047619047,6.26984126984127,3.8888888888888893,2.5396825396825395,0.20634920634920634,2.7142857142857144,0.472,0.47
5f88a624a55318de3c9be0b9,Steven Adams,84.0,250.0,7.21875,0.625,6.34375,0.65625,2.03125,1.09375,0.571,
5f88a624a55318de3c9be0ba,Nerlens Noel,82.0,228.0,10.458333333333334,1.5833333333333333,9.458333333333334,2.0833333333333335,4.416666666666667,1.875,0.59,
5f88a624a55318de3c9be0bb,Abdel Nader,78.0,230.0,10.316239316239317,1.0854700854700854,4.299145299145299,0.811965811965812,0.6068376068376068,2.282051282051282,0.391,0.305
5f88a624a55318de3c9be0bc,Mike Muscala,83.0,234.0,15.308270676691729,1.586466165413534,8.218045112781954,0.42105263157894735,2.037593984962406,1.631578947368421,0.501,0.313
5f88a624a55318de3c9be0bd,Hamidou Diallo,77.0,190.0,10.027027027027026,1.2432432432432432,3.6486486486486482,0.7567567567567568,0.35135135135135137,1.3783783783783783,0.428,0.338
5f88a624a55318de3c9be0be,Deonte Burton,73.0,190.0,16.16923076923077,3.9615384615384617,2.876923076923077,1.3,0.4076923076923077,2.1538461538461537,0.439,0.337
5f88a624a55318de3c9be0bf,Luguentz Dort,76.0,215.0,16.08823529411765,2.323529411764706,4.264705882352941,1.5294117647058822,0.20588235294117646,2.911764705882353,0.405,0.307
5f88a624a55318de3c9be0c0,Devon Hall,77.0,210.0,6.90625,2.0625,3.1796875,0.5703125,0.15625,0.8984375,0.419,0.389
5f88a624a55318de3c9be0c1,Andre Roberson,79.0,210.0,9.638095238095238,1.1333333333333333,9.952380952380953,1.561904761904762,1.4285714285714286,1.7428571428571429,0.516,0.35
5f88a624a55318de3c9be0c2,Markelle Fultz,76.0,195.0,23.16,5.92,5.720000000000001,1.6,1.2,3.2,0.476,0.413
5f88a624a55318de3c9be0c3,Terrence Ross,78.0,195.0,12.27536231884058,1.1884057971014492,4.6521739130434785,0.9130434782608695,0.6521739130434783,1.3623188405797102,0.453,0.364
5f88a624a55318de3c9be0c4,Aaron Gordon,81.0,225.0,12.368421052631579,1.9736842105263157,7.973684210526316,0.8947368421052632,1.0263157894736843,1.4473684210526316,0.495,0.356
5f88a624a55318de3c9be0c5,D.J. Augustin,72.0,180.0,16.904109589041095,6.191780821917808,2.8904109589041096,1.36986301369863,0.0410958904109589,3.0136986301369864,0.443,0.402
5f88a624a55318de3c9be0c6,Wesley Iwundu,79.0,205.0,9.462121212121213,2.772727272727273,4.681818181818182,0.9166666666666666,0.3939393939393939,2.121212121212121,0.463,0.338
5f88a624a55318de3c9be0c7,Khem Birch,81.0,220.0,8.855072463768115,0.7971014492753623,7.768115942028986,0.5942028985507246,3.0579710144927534,1.1884057971014492,0.531,
5f88a624a55318de3c9be0c8,Michael Carter-Williams,78.0,185.0,8.242424242424242,5.2272727272727275,3.590909090909091,1.9545454545454546,0.4090909090909091,2.3333333333333335,0.398,0.307
5f88a624a55318de3c9be0c9,Jonathan Isaac,82.0,210.0,11.96875,1.15625,7.84375,1.15625,1.53125,1.5,0.508,0.348
5f88a624a55318de3c9be0ca,Gary Clark,76.0,200.0,5.137614678899083,0.6788990825688074,1.1192660550458715,0.6238532110091743,0.07339449541284404,0.7706422018348624,0.451,0.434
5f88a624a55318de3c9be0cb,James Ennis,79.0,210.0,13.223880597014926,2.3582089552238807,5.402985074626866,1.671641791044776,1.0298507462686568,2.5074626865671643,0.493,0.354
5f88a624a55318de3c9be0cc,Melvin Frazier,77.0,200.0,10.606382978723405,1.6595744680851063,4.3936170212765955,1.6170212765957446,0.4787234042553192,1.9893617021276595,0.481,0.312
5f88a624a55318de3c9be0cd,Al-Farouq Aminu,81.0,215.0,14.387096774193548,1.403225806451613,9.435483870967742,1.1935483870967742,1.3225806451612903,2.903225806451613,0.476,0.238
5f88a624a55318de3c9be0ce,B.J. Johnson,75.0,193.0,0.5172413793103449,0.13793103448275862,0.27586206896551724,0.27586206896551724,0.034482758620689655,0.2413793103448276,0.188,0.0
5f88a624a55318de3c9be0cf,Vic Law,79.0,200.0,11.536,2.032,5.68,0.952,0.616,1.72,0.402,0.368
5f88a624a55318de3c9be0d0,Tobias Harris,80.0,226.0,15.323529411764707,1.2941176470588236,7.264705882352941,0.7058823529411765,0.8529411764705882,1.8235294117647058,0.46,0.303
5f88a624a55318de3c9be0d1,Mike Scott,73.0,170.0,6.2,2.0,3.545454545454546,1.3454545454545455,0.14545454545454545,1.6181818181818182,0.389,0.286
5f88a624a55318de3c9be0d2,Al Horford,82.0,245.0,10.302752293577981,1.7155963302752293,7.9266055045871555,0.8623853211009175,1.7339449541284404,1.5871559633027523,0.586,
5f88a624a55318de3c9be0d3,Matisse Thybulle,77.0,195.0,9.2,2.0444444444444443,3.0740740740740744,2.4518518518518517,1.3703703703703705,1.8666666666666667,0.429,0.358
5f88a624a55318de3c9be0d4,Ben Simmons,82.0,225.0,19.151515151515152,4.787878787878788,11.757575757575758,1.9696969696969697,0.8181818181818182,3.3636363636363638,0.56,0.333
5f88a624a55318de3c9be0d5,Josh Richardson,0.0,215.0,6.071428571428571,0.5357142857142857,2.821428571428571,0.5357142857142857,0.14285714285714285,1.0357142857142858,0.445,0.0
5f88a624a55318de3c9be0d6,Joel Embiid,84.0,250.0,11.178571428571429,1.3571428571428572,8.107142857142858,0.8928571428571429,2.5714285714285716,2.357142857142857,0.626,0.2
5f88a624a55318de3c9be0d7,Kyle O'Quinn,82.0,240.0,12.457364341085272,0.9457364341085271,8.465116279069768,0.5348837209302325,2.193798449612403,2.0310077519379846,0.553,0.261
5f88a624a55318de3c9be0d8,Alec Burks,78.0,195.0,18.985294117647058,2.426470588235294,5.838235294117647,1.1176470588235294,0.35294117647058826,2.3088235294117645,0.495,0.313
5f88a624a55318de3c9be0d9,Glenn Robinson III,78.0,220.0,12.0,1.0,4.9,1.0,0.3,1.0,0.525,0.313
5f88a624a55318de3c9be0da,Zhaire Smith,77.0,195.0,11.27027027027027,1.7837837837837838,5.0,1.135135135135135,1.135135135135135,1.1081081081081081,0.556,0.45
5f88a624a55318de3c9be0db,Marial Shayok,78.0,198.0,8.912408759124087,1.27007299270073,2.7445255474452552,0.6715328467153284,0.24087591240875914,1.2846715328467153,0.47,0.381
5f88a624a55318de3c9be0dc,Ryan Broekhoff,79.0,215.0,11.873134328358208,1.835820895522388,6.276119402985075,0.9626865671641791,0.746268656716418,1.3880597014925373,0.464,0.408
5f88a624a55318de3c9be0dd,Mikal Bridges,79.0,191.0,11.301724137931034,1.5775862068965518,4.344827586206897,1.4051724137931034,0.8706896551724138,1.0689655172413792,0.525,0.4
5f88a624a55318de3c9be0de,Devin Booker,80.0,250.0,9.015625,0.7734375,5.6875,0.625,0.6484375,1.5546875,0.496,0.275
5f88a624a55318de3c9be0df,Jevon Carter,74.0,185.0,12.208333333333334,3.8819444444444446,3.736111111111111,2.2916666666666665,0.2361111111111111,1.8333333333333333,0.407,0.355
5f88a624a55318de3c9be0e0,Cameron Johnson,79.0,215.0,10.101694915254237,0.6949152542372882,5.406779661016949,0.8983050847457628,0.4661016949152542,2.016949152542373,0.464,
5f88a624a55318de3c9be0e1,Kelly Oubre Jr.,79.0,200.0,9.25,0.7777777777777778,4.972222222222222,1.1388888888888888,0.3611111111111111,1.1944444444444444,0.444,0.358
5f88a624a55318de3c9be0e2,Cheick Diallo,81.0,218.0,3.0,0.037037037037037035,2.5185185185185186,0.25925925925925924,0.8518518518518519,0.6296296296296297,0.569,
5f88a624a55318de3c9be0e3,Aron Baynes,82.0,250.0,8.721311475409836,0.30327868852459017,5.352459016393443,0.3360655737704918,0.7622950819672131,1.2459016393442623,0.546,
5f88a624a55318de3c9be0e4,Frank Kaminsky,84.0,242.0,10.125,1.3055555555555556,4.625,0.5347222222222222,1.0625,0.8402777777777778,0.522,0.369
5f88a624a55318de3c9be0e5,Deandre Ayton,85.0,250.0,20.114285714285714,1.6285714285714286,11.571428571428571,0.5714285714285714,1.8857142857142857,1.9714285714285715,0.612,0.343
5f88a624a55318de3c9be0e6,Ty Jerome,77.0,195.0,9.628571428571428,3.657142857142857,3.0285714285714285,1.2095238095238094,0.0380952380952381,1.380952380952381,0.435,0.392
5f88a624a55318de3c9be0e7,Cameron Payne,74.0,180.0,18.536231884057973,5.7101449275362315,3.6521739130434785,1.8115942028985508,0.5362318840579711,2.8550724637681157,0.432,0.359
5f88a624a55318de3c9be0e8,Tariq Owens,82.0,205.0,6.1679389312977095,0.48091603053435117,4.65648854961832,0.4732824427480916,2.045801526717557,0.916030534351145,0.533,
5f88a624a55318de3c9be0e9,CJ McCollum,75.0,180.0,21.27027027027027,2.7387387387387387,6.27027027027027,2.054054054054054,0.4594594594594595,2.4054054054054053,0.439,0.377
5f88a624a55318de3c9be0ea,Hassan Whiteside,84.0,235.0,13.147058823529411,0.29411764705882354,8.911764705882353,0.5588235294117647,5.352941176470588,1.8823529411764706,0.524,0.6
5f88a624a55318de3c9be0eb,Damian Lillard,74.0,185.0,18.596153846153847,3.480769230769231,4.269230769230769,1.2403846153846154,0.18269230769230768,2.3653846153846154,0.446,0.39
5f88a624a55318de3c9be0ec,Gary Trent Jr.,78.0,209.0,14.5,1.4,4.2,1.2,0.1,1.0,0.415,0.402
5f88a624a55318de3c9be0ed,Carmelo Anthony,80.0,230.0,22.228571428571428,2.2,9.971428571428572,1.5714285714285714,0.8571428571428571,2.2,0.453,0.337
5f88a624a55318de3c9be0ee,Nassir Little,78.0,220.0,9.805555555555555,0.6666666666666666,4.611111111111111,0.5277777777777778,0.5277777777777778,1.3333333333333333,0.478,0.269
5f88a624a55318de3c9be0ef,Trevor Ariza,80.0,200.0,11.56,2.08,6.48,1.68,0.44,3.24,0.426,0.237
5f88a624a55318de3c9be0f0,Rodney Hood,80.0,215.0,13.283582089552239,2.074626865671642,4.343283582089552,0.5671641791044776,0.34328358208955223,1.2537313432835822,0.455,0.396
5f88a624a55318de3c9be0f1,Caleb Swanigan,81.0,260.0,14.405797101449275,2.4347826086956523,10.405797101449274,0.391304347826087,0.5217391304347826,3.0144927536231885,0.501,0.376
5f88a624a55318de3c9be0f2,Wenyen Gabriel,81.0,213.0,5.666666666666667,0.6266666666666667,5.093333333333334,0.5466666666666666,0.9866666666666667,0.9333333333333333,0.426,0.367
5f88a624a55318de3c9be0f3,Jaylen Hoard,80.0,215.0,13.129032258064516,1.5161290322580645,7.612903225806452,0.6129032258064516,0.6451612903225806,2.5161290322580645,0.458,0.226
5f88a624a55318de3c9be0f4,Zach Collins,84.0,230.0,10.0,0.41025641025641024,5.897435897435898,0.46153846153846156,1.7692307692307692,1.5384615384615385,0.652,0.476
5f88a624a55318de3c9be0f5,Jaylen Adams,73.0,180.0,17.381818181818183,5.363636363636363,3.381818181818182,1.5454545454545454,0.2,2.8545454545454545,0.427,0.394
5f88a624a55318de3c9be0f6,Buddy Hield,76.0,209.0,17.356060606060606,1.9242424242424243,5.007575757575758,1.2727272727272727,0.2878787878787879,2.159090909090909,0.448,0.39
5f88a624a55318de3c9be0f7,Harrison Barnes,80.0,215.0,16.346666666666668,1.28,5.52,0.9066666666666666,0.38666666666666666,1.9466666666666668,0.43,0.349
5f88a624a55318de3c9be0f8,Cory Joseph,75.0,185.0,10.416666666666666,3.0277777777777777,3.5555555555555554,1.0277777777777777,0.3055555555555556,1.5,0.422,0.413
5f88a624a55318de3c9be0f9,De'Aaron Fox,75.0,187.0,16.694444444444443,4.583333333333333,3.9722222222222223,1.4722222222222223,0.19444444444444445,2.4166666666666665,0.479,0.246
5f88a624a55318de3c9be0fa,Harry Giles,82.0,240.0,3.923076923076923,0.34615384615384615,3.846153846153846,0.34615384615384615,0.6538461538461539,0.6923076923076923,0.577,
5f88a624a55318de3c9be0fb,Richaun Holmes,80.0,245.0,11.463157894736842,0.6526315789473685,6.863157894736842,0.7894736842105263,2.568421052631579,1.5052631578947369,0.554,0.353
5f88a624a55318de3c9be0fc,Justin James,78.0,200.0,4.774193548387097,0.6021505376344086,2.913978494623656,0.8279569892473119,0.4946236559139785,1.3225806451612903,0.402,0.336
5f88a624a55318de3c9be0fd,Kent Bazemore,77.0,195.0,10.114285714285714,2.7071428571428573,4.585714285714285,1.7857142857142858,0.4785714285714286,2.2857142857142856,0.447,0.334
5f88a624a55318de3c9be0fe,Alex Len,85.0,225.0,9.716666666666667,0.8333333333333334,6.949999999999999,0.2,2.0833333333333335,1.55,0.538,0.111
5f88a624a55318de3c9be0ff,DaQuan Jeffries,77.0,230.0,9.894117647058824,1.1764705882352942,4.976470588235294,0.7529411764705882,1.0823529411764705,1.2588235294117647,0.53,0.377
5f88a624a55318de3c9be100,Jabari Parker,80.0,235.0,19.142857142857142,1.1714285714285715,8.742857142857144,1.0571428571428572,1.2285714285714286,2.3142857142857145,0.473,0.358
5f88a624a55318de3c9be101,Corey Brewer,81.0,185.0,11.342592592592593,2.7777777777777777,4.342592592592593,1.6296296296296295,0.4074074074074074,2.3425925925925926,0.48,0.356
5f88a624a55318de3c9be102,DeMar DeRozan,79.0,220.0,13.857142857142858,1.457142857142857,5.742857142857143,0.8857142857142857,0.37142857142857144,2.085714285714286,0.523,0.167
5f88a624a55318de3c9be103,Derrick White,77.0,193.0,18.08823529411765,4.352941176470588,4.088235294117647,1.2352941176470589,1.4411764705882353,2.3823529411764706,0.507,0.396
5f88a624a55318de3c9be104,Rudy Gay,81.0,220.0,13.59375,1.8125,5.90625,1.296875,1.734375,2.234375,0.461,0.378
5f88a624a55318de3c9be105,Dejounte Murray,77.0,170.0,16.11764705882353,4.4411764705882355,5.970588235294118,1.8235294117647058,0.29411764705882354,3.235294117647059,0.416,0.288
5f88a624a55318de3c9be106,Jakob Poeltl,84.0,230.0,13.3,1.3285714285714285,7.957142857142857,0.4714285714285714,1.7,1.8428571428571427,0.658,
5f88a624a55318de3c9be107,Bryn Forbes,75.0,175.0,12.623188405797102,1.318840579710145,2.456521739130435,0.6304347826086957,0.057971014492753624,1.1884057971014492,0.449,0.435
5f88a624a55318de3c9be108,Trey Lyles,82.0,235.0,8.694444444444445,1.0555555555555556,5.222222222222222,0.5277777777777778,0.4444444444444444,1.1388888888888888,0.488,0.138
5f88a624a55318de3c9be109,LaMarcus Aldridge,83.0,240.0,13.452830188679245,0.6415094339622641,8.18867924528302,1.2641509433962264,1.830188679245283,1.6415094339622642,0.586,
5f88a624a55318de3c9be10a,Drew Eubanks,82.0,240.0,11.739583333333334,0.90625,6.5625,0.5104166666666666,1.6979166666666667,2.0208333333333335,0.598,
5f88a624a55318de3c9be10b,Chimezie Metu,83.0,215.0,12.346153846153847,1.1634615384615385,6.3076923076923075,0.7115384615384616,1.6153846153846154,1.7307692307692308,0.533,0.302
5f88a624a55318de3c9be10c,Keldon Johnson,78.0,211.0,13.45945945945946,1.6216216216216217,5.864864864864865,0.7567567567567568,0.16216216216216217,1.6216216216216217,0.461,0.381
5f88a624a55318de3c9be10d,Quinndary Weatherspoon,76.0,205.0,15.358778625954198,2.404580152671756,5.152671755725191,1.534351145038168,0.3511450381679389,2.3435114503816794,0.48,0.368
5f88a624a55318de3c9be10e,Tyler Zeller,84.0,250.0,12.846153846153847,0.5897435897435898,6.735042735042735,0.6666666666666666,1.1111111111111112,1.4102564102564104,0.543,
5f88a624a55318de3c9be10f,Terence Davis,76.0,205.0,12.49586776859504,2.0578512396694215,4.933884297520661,1.1570247933884297,0.5702479338842975,2.0,0.445,0.339
5f88a624a55318de3c9be110,OG Anunoby,80.0,215.0,6.84,0.82,3.54,0.96,0.94,1.08,0.563,0.365
5f88a624a55318de3c9be111,Chris Boucher,82.0,200.0,11.956521739130435,0.4057971014492754,6.782608695652174,0.6086956521739131,2.739130434782609,1.0869565217391304,0.532,0.344
5f88a624a55318de3c9be112,Pascal Siakam,81.0,230.0,16.558823529411764,1.5147058823529411,9.661764705882353,0.9117647058823529,2.0,1.9264705882352942,0.551,0.176
5f88a624a55318de3c9be113,Rondae Hollis-Jefferson,79.0,215.0,10.18421052631579,1.5,6.25,0.9473684210526315,0.9473684210526315,1.355263157894737,0.496,0.205
5f88a624a55318de3c9be114,Kyle Lowry,72.0,175.0,9.526315789473685,3.0,3.8421052631578947,1.894736842105263,0.22807017543859648,1.9298245614035088,0.449,0.325
5f88a624a55318de3c9be115,Norman Powell,76.0,215.0,9.75886524822695,1.5177304964539007,3.00709219858156,1.1205673758865249,0.40425531914893614,1.2765957446808511,0.461,0.314
5f88a624a55318de3c9be116,Matt Thomas,76.0,213.0,2.75,1.1451612903225807,1.9274193548387097,0.8064516129032258,0.08870967741935484,0.7903225806451613,0.336,
5f88a624a55318de3c9be117,Patrick McCaw,78.0,180.0,12.2,3.292307692307692,4.2,1.9846153846153847,0.35384615384615387,1.9230769230769231,0.439,0.367
5f88a624a55318de3c9be118,Malcolm Miller,79.0,210.0,9.044642857142858,1.4642857142857142,4.75,0.8303571428571429,1.2767857142857142,1.5625,0.445,0.37
5f88a624a55318de3c9be119,Stanley Johnson,78.0,225.0,13.763157894736842,1.6578947368421053,6.5,1.5,0.39473684210526316,2.1578947368421053,0.446,0.371
5f88a624a55318de3c9be11a,Oshae Brissett,80.0,210.0,13.746478873239436,1.3380281690140845,8.197183098591548,1.0704225352112675,0.7887323943661971,1.943661971830986,0.371,0.307
5f88a624a55318de3c9be11b,Paul Watson,79.0,197.0,10.08148148148148,0.8592592592592593,4.4148148148148145,0.7851851851851852,0.6814814814814815,1.4962962962962962,0.415,0.362
5f88a624a55318de3c9be11c,Royce O'Neale,78.0,215.0,9.462686567164178,2.985074626865672,5.641791044776119,1.1940298507462686,0.3358208955223881,1.9253731343283582,0.477,0.399
5f88a624a55318de3c9be11d,Donovan Mitchell,75.0,210.0,11.661538461538461,2.230769230769231,4.138461538461538,1.4615384615384615,0.3076923076923077,1.323076923076923,0.418,0.329
5f88a624a55318de3c9be11e,Georges Niang,80.0,230.0,16.144927536231883,3.050724637681159,5.173913043478261,0.6666666666666666,0.4855072463768116,2.3043478260869565,0.5,0.375
5f88a624a55318de3c9be11f,Tony Bradley,82.0,240.0,7.078947368421052,0.6052631578947368,5.131578947368421,0.2631578947368421,0.5789473684210527,0.6578947368421053,0.573,
5f88a624a55318de3c9be120,Mike Conley,73.0,180.0,11.307692307692308,6.102564102564102,3.435897435897436,2.230769230769231,0.2564102564102564,2.2051282051282053,0.518,0.304
5f88a624a55318de3c9be121,Jordan Clarkson,77.0,193.0,15.408602150537634,2.6774193548387095,3.333333333333333,0.9354838709677419,0.27956989247311825,2.7311827956989245,0.44,0.322
5f88a624a55318de3c9be122,Ed Davis,82.0,225.0,9.21311475409836,0.7213114754098361,7.704918032786885,0.39344262295081966,2.1147540983606556,1.4098360655737705,0.548,
5f88a624a55318de3c9be123,Juwan Morgan,80.0,232.0,10.734375,1.1796875,5.9140625,0.828125,1.078125,1.328125,0.562,0.297
5f88a624a55318de3c9be124,Rayjon Tucker,77.0,210.0,11.03061224489796,1.153061224489796,4.112244897959184,0.6836734693877551,0.2857142857142857,1.5408163265306123,0.505,0.414
5f88a624a55318de3c9be125,Miye Oni,78.0,210.0,15.03448275862069,3.2988505747126435,6.195402298850575,0.8505747126436781,1.0459770114942528,2.5517241379310347,0.428,0.356
5f88a624a55318de3c9be126,Nigel Williams-Goss,75.0,185.0,15.36,4.96,5.09,1.33,0.13,2.58,0.464,0.331
5f88a624a55318de3c9be127,Jarrell Brantley,79.0,255.0,15.560975609756097,1.6504065040650406,7.869918699186992,1.2195121951219512,0.6910569105691057,2.5528455284552845,0.487,0.353
5f88a624a55318de3c9be128,Justin Wright-Foreman,74.0,190.0,18.616,2.064,2.936,0.664,0.152,1.696,0.483,0.386
5f88a624a55318de3c9be129,Troy Brown Jr.,78.0,205.0,14.3,2.1,4.1,0.7,0.3,1.7,0.425,0.343
5f88a624a55318de3c9be12a,Bradley Beal,75.0,207.0,14.756756756756756,2.2432432432432434,6.72972972972973,1.3783783783783783,0.8378378378378378,2.135135135135135,0.445,0.339
5f88a624a55318de3c9be12b,Rui Hachimura,80.0,230.0,12.058823529411764,0.7941176470588235,4.431372549019608,0.5882352941176471,0.49019607843137253,1.1764705882352942,0.579,0.316
5f88a624a55318de3c9be12c,Thomas Bryant,82.0,245.0,12.202898550724637,1.2173913043478262,6.202898550724639,0.6231884057971014,1.2173913043478262,1.9710144927536233,0.592,0.373
5f88a624a55318de3c9be12d,Moritz Wagner,82.0,210.0,10.411214953271028,0.5327102803738317,4.5233644859813085,0.7757009345794392,0.37383177570093457,1.1775700934579438,0.547,0.385
5f88a624a55318de3c9be12e,Admiral Schofield,78.0,241.0,11.893939393939394,1.3409090909090908,5.333333333333333,0.6666666666666666,0.3560606060606061,1.4242424242424243,0.458,0.387
5f88a624a55318de3c9be12f,Gary Payton II,75.0,175.0,14.7,4.1,7.7,2.8,0.8,2.1,0.485,0.302
5f88a624a55318de3c9be130,Jerome Robinson,76.0,195.0,8.380530973451327,1.823008849557522,1.1150442477876106,0.8407079646017699,0.6017699115044248,1.5486725663716814,0.44,0.375
5f88a624a55318de3c9be131,Shabazz Napier,73.0,180.0,13.6993006993007,4.5174825174825175,4.027972027972028,1.7552447552447552,0.2097902097902098,2.4475524475524475,0.411,0.375
5f88a624a55318de3c9be132,Johnathan Williams,74.0,185.0,0.5,0.07142857142857142,0.14285714285714285,0.07142857142857142,0.0,0.21428571428571427,0.25,0.5
5f88a624a55318de3c9be133,Jerian Grant,77.0,203.0,14.61344537815126,5.798319327731092,2.8823529411764706,1.4705882352941178,0.31092436974789917,2.235294117647059,0.436,0.345
5f88a624a55318de3c9be134,Jarrod Uthoff,81.0,210.0,12.98,1.21,5.789999999999999,0.81,1.77,1.04,0.45,0.383
5f88a624a55318de3c9be135,John Wall,76.0,195.0,16.64864864864865,6.513513513513513,4.297297297297297,1.7837837837837838,0.5135135135135135,4.027027027027027,0.461,0.325
